No.,ID,ページ,type,subtype,語句,読み,sentence,hint,question,choices,answerIndex,正解選択肢,explanation
1,vocab1300_p003_001,3,meaning_context,,心にくい,こころにくい,その子のスピーチは、言葉の選び方まで心にくいものでした。,,心にくい の意味はどれ？,"[""同じくらいに分けること"", ""夢中になること"", ""すぐれていて感心するようす"", ""よくある普通のこと""]",2,すぐれていて感心するようす,心にくいは、にくらしいほどすぐれていて、感心してしまうようすです。
2,vocab1300_p003_002,3,meaning_context,,熱を上げる,ねつをあげる,青ちゃんは、新しい本のシリーズに熱を上げています。,,熱を上げる の意味はどれ？,"[""夢中になること"", ""相手をばかにすること"", ""反対の意見を言うこと"", ""普通で新しさがないこと""]",0,夢中になること,熱を上げるは、あることに夢中になるという意味です。
3,vocab1300_p003_003,3,meaning_context,,見下す,みくだす,できない友だちを見下すような言い方はよくありません。,,見下す の意味はどれ？,"[""同じくらいにすること"", ""夢中になること"", ""相手をばかにして下に見ること"", ""反対の意見を言うこと""]",2,相手をばかにして下に見ること,見下すは、相手をばかにして、自分より下だと思うことです。
4,vocab1300_p003_004,3,meaning_context,,反論,はんろん,友だちの考えに納得できなかったので、理由をつけて反論しました。,,反論 の意味はどれ？,"[""相手の意見に反対して意見を言うこと"", ""よくある普通のこと"", ""感心してしまうようす"", ""同じくらいに分けること""]",0,相手の意見に反対して意見を言うこと,反論は、相手の意見に対して、反対の意見を言うことです。
5,vocab1300_p003_005,3,meaning_context,,均等,きんとう,おかしを三人で均等に分けました。,,均等 の意味はどれ？,"[""相手をばかにすること"", ""夢中になること"", ""反対の意見を言うこと"", ""同じくらいにそろっていること""]",3,同じくらいにそろっていること,均等は、量や数が同じくらいにそろっていることです。
6,vocab1300_p003_006,3,meaning_context,,ありきたり,ありきたり,作文の題名がありきたりだったので、もう少し工夫しました。,,ありきたり の意味はどれ？,"[""にくらしいほどすぐれていること"", ""よくある普通のことで新しさがないこと"", ""相手に反対すること"", ""同じくらいに分けること""]",1,よくある普通のことで新しさがないこと,ありきたりは、よくある普通のことで、新しさがないという意味です。
7,vocab1300_p004_001,4,meaning_context,,強制的,きょうせいてき,係を決めるとき、先生は強制的に決めず、みんなの希望を聞きました。,,強制的 の意味はどれ？,"[""相手の話を聞かずに決めること"", ""無理に何かをさせるようす"", ""そのままのようす"", ""よくないことが広がること""]",1,無理に何かをさせるようす,強制的は、相手の気持ちに関係なく、無理に何かをさせるようすです。
8,vocab1300_p004_002,4,meaning_context,,頭ごなし,あたまごなし,理由を聞かずに頭ごなしに叱ると、相手は悲しい気持ちになります。,,頭ごなし の意味はどれ？,"[""言い訳に使う言葉"", ""そのままのようす"", ""ひどすぎてどうにもできないこと"", ""話を聞かずに一方的に決めつけること""]",3,話を聞かずに一方的に決めつけること,頭ごなしは、相手の話を聞かずに、最初から一方的に決めつけることです。
9,vocab1300_p004_003,4,meaning_context,,横行,おうこう,うそを書いたメールが横行して、みんなが困りました。,,横行 の意味はどれ？,"[""よくないことがあちこちで行われること"", ""無理に何かをさせること"", ""相手の話を聞かないこと"", ""言い訳として使うこと""]",0,よくないことがあちこちで行われること,横行は、よくないことがあちこちで行われることです。
10,vocab1300_p004_004,4,meaning_context,,手がつけられない,てがつけられない,部屋がちらかりすぎて、どこから片づければよいか手がつけられません。,,手がつけられない の意味はどれ？,"[""そのままのようす"", ""言い訳に使うこと"", ""ひどすぎてどうにもできないこと"", ""よくないことが広がること""]",2,ひどすぎてどうにもできないこと,手がつけられないは、ひどすぎて、どうにもできないという意味です。
11,vocab1300_p004_005,4,meaning_context,,ありのまま,ありのまま,作文には、見たことをありのままに書きました。,,ありのまま の意味はどれ？,"[""無理にさせること"", ""一方的に決めつけること"", ""よくないことが広がること"", ""かざらず、そのままであること""]",3,かざらず、そのままであること,ありのままは、かざったり変えたりせず、そのままであることです。
12,vocab1300_p004_006,4,meaning_context,,口実,こうじつ,宿題をしない口実を考えるより、少しずつ進めた方がよいです。,,口実 の意味はどれ？,"[""言い訳や理由として使う言葉"", ""そのままのようす"", ""ひどすぎる状態"", ""あちこちで悪いことが起こること""]",0,言い訳や理由として使う言葉,口実は、言い訳や、何かをするための理由として使う言葉です。
13,vocab1300_p005_001,5,meaning_context,,妨げる,さまたげる,通路に荷物を置くと、人が歩くのを妨げてしまいます。,,妨げる の意味はどれ？,"[""一時的に考えること"", ""行うことのじゃまをすること"", ""何度も続けて起こること"", ""雰囲気が悪くなること""]",1,行うことのじゃまをすること,妨げるは、進むことや行うことのじゃまをするという意味です。
14,vocab1300_p005_002,5,meaning_context,,仮に,かりに,仮に雨が降ったら、体育は体育館で行います。,,仮に の意味はどれ？,"[""たっぷり入っているようす"", ""関係が悪いようす"", ""本当かは別として一時的に考えること"", ""じゃまをすること""]",2,本当かは別として一時的に考えること,仮には、本当かどうかは別として、一時的にそうだと考えるときに使います。
15,vocab1300_p005_003,5,meaning_context,,なみなみ,なみなみ,コップに麦茶をなみなみと注ぎました。,,なみなみ の意味はどれ？,"[""何度も続けて起こること"", ""あふれそうなくらいたっぷり入っているようす"", ""一時的に考えること"", ""ぴりぴりした雰囲気""]",1,あふれそうなくらいたっぷり入っているようす,なみなみは、液体があふれそうなくらいたっぷり入っているようすです。
16,vocab1300_p005_004,5,meaning_context,,度重なる,たびかさなる,度重なる忘れ物で、先生に注意されました。,,度重なる の意味はどれ？,"[""同じようなことが何度も続くこと"", ""あふれそうに入っていること"", ""進むのをじゃますること"", ""思いがけず驚くこと""]",0,同じようなことが何度も続くこと,度重なるは、同じようなことが何度も続けて起こるという意味です。
17,vocab1300_p005_005,5,meaning_context,,きつねにつままれたよう,きつねにつままれたよう,さっきまで机の上にあった消しゴムが急になくなり、きつねにつままれたような気分になりました。,,きつねにつままれたよう の意味はどれ？,"[""関係が悪くなるようす"", ""何度も続いて起こるようす"", ""進むことをじゃまするようす"", ""思いがけないことに驚いてぼんやりするようす""]",3,思いがけないことに驚いてぼんやりするようす,きつねにつままれたようは、思いがけないことが起きて、ぼんやりするほど驚くようすです。
18,vocab1300_p005_006,5,meaning_context,,険悪,けんあく,けんかのあと、二人の間には険悪な空気が流れていました。,,険悪 の意味はどれ？,"[""一時的に考えること"", ""じゃまをすること"", ""関係や雰囲気が悪くぴりぴりしているようす"", ""あふれそうなくらい入っているようす""]",2,関係や雰囲気が悪くぴりぴりしているようす,険悪は、関係や雰囲気が悪く、ぴりぴりしているようすです。
19,vocab1300_p006_001,6,meaning_context,,願ったりかなったり,ねがったりかなったり,読みたかった本を友だちが貸してくれるなんて、願ったりかなったりです。,,願ったりかなったり の意味はどれ？,"[""こわくて体を小さくすること"", ""希望どおりで、とても都合がよいこと"", ""計画せずに行動すること"", ""まだ力が十分でないこと""]",1,希望どおりで、とても都合がよいこと,願ったりかなったりは、自分の希望どおりになって、とても都合がよいという意味です。
20,vocab1300_p006_002,6,meaning_context,,首をすくめる,くびをすくめる,大きな音がして、思わず首をすくめました。,,首をすくめる の意味はどれ？,"[""喜びでわくわくすること"", ""希望どおりになること"", ""こわさなどで首をちぢめること"", ""経験がまだ十分でないこと""]",2,こわさなどで首をちぢめること,首をすくめるは、こわさや寒さなどで、首をちぢめるようにすることです。
21,vocab1300_p006_003,6,meaning_context,,行き当たりばったり,いきあたりばったり,行き当たりばったりで準備をしたので、発表の日にあわてました。,,行き当たりばったり の意味はどれ？,"[""経験が少なく、まだ十分でないこと"", ""きちんと計画せず、その場で行動すること"", ""思いがけずありがたいこと"", ""期待して目を輝かせること""]",1,きちんと計画せず、その場で行動すること,行き当たりばったりは、きちんと計画せず、その場その場で行動することです。
22,vocab1300_p006_004,6,meaning_context,,未熟,みじゅく,まだ未熟ですが、ピアノの練習を毎日続けています。,,未熟 の意味はどれ？,"[""思ってもいないほどありがたいこと"", ""こわくて首をちぢめること"", ""喜んでわくわくすること"", ""経験や力がまだ十分でないこと""]",3,経験や力がまだ十分でないこと,未熟は、経験や力がまだ十分でないという意味です。
23,vocab1300_p006_005,6,meaning_context,,目を輝かせる,めをかがやかせる,新しい図鑑を見つけて、青ちゃんは目を輝かせました。,,目を輝かせる の意味はどれ？,"[""計画せずに進めること"", ""希望どおりになること"", ""喜びや期待でわくわくしたようすになること"", ""まだ力が十分でないこと""]",2,喜びや期待でわくわくしたようすになること,目を輝かせるは、喜びや期待で、わくわくしたようすになることです。
24,vocab1300_p006_006,6,meaning_context,,願ってもない,ねがってもない,急に休みができて、家族で出かけられるなんて願ってもない話です。,,願ってもない の意味はどれ？,"[""こわくて小さくなること"", ""思ってもいなかったほど都合がよくありがたいこと"", ""経験がまだ足りないこと"", ""計画を立てずに動くこと""]",1,思ってもいなかったほど都合がよくありがたいこと,願ってもないは、思ってもいなかったほど都合がよく、ありがたいという意味です。
25,vocab1300_p007_001,7,meaning_context,,キャリア,キャリア,その先生は、長いキャリアを生かして、分かりやすく教えてくれました。,,キャリア の意味はどれ？,"[""その場所にいるときの気分"", ""仕事や技術などで積んできた経験"", ""注意や準備が足りないこと"", ""途中でじゃますること""]",1,仕事や技術などで積んできた経験,キャリアは、仕事や技術などで積んできた経験や経歴のことです。
26,vocab1300_p007_002,7,meaning_context,,さえぎる,さえぎる,大きな木が道をさえぎっていて、前に進めませんでした。,,さえぎる の意味はどれ？,"[""相手を先に出しぬくこと"", ""そのときの様子"", ""途中でじゃますること"", ""居やすい気分""]",2,途中でじゃますること,さえぎるは、進むものや見えるものなどを途中でじゃますることです。
27,vocab1300_p007_003,7,meaning_context,,状況,じょうきょう,先生は、教室の状況を見てから、外で遊ぶか決めました。,,状況 の意味はどれ？,"[""そのときの様子や状態"", ""注意が足りないこと"", ""仕事で積んだ経験"", ""人をだまして先に進むこと""]",0,そのときの様子や状態,状況は、そのときの様子や状態のことです。
28,vocab1300_p007_004,7,meaning_context,,居心地,いごこち,図書室は静かで、居心地がよい場所です。,,居心地 の意味はどれ？,"[""途中でじゃますること"", ""相手をだまして有利になること"", ""仕事などの経験"", ""その場所にいるときの気分""]",3,その場所にいるときの気分,居心地は、その場所にいるときの気分のことです。
29,vocab1300_p007_005,7,meaning_context,,出し抜く,だしぬく,友だちを出し抜くようなやり方では、あとで信じてもらえなくなります。,,出し抜く の意味はどれ？,"[""その場所にいるときの気分"", ""相手をだましたり先に動いたりして有利になること"", ""そのときの様子や状態"", ""注意や準備が足りないこと""]",1,相手をだましたり先に動いたりして有利になること,出し抜くは、相手をだましたり先に行動したりして、自分が有利になることです。
30,vocab1300_p007_006,7,meaning_context,,手ぬかり,てぬかり,発表の前に何度も確認したので、手ぬかりはありませんでした。,,手ぬかり の意味はどれ？,"[""仕事や技術の経験"", ""途中でじゃますること"", ""注意や準備が十分でないこと"", ""居やすい気分""]",2,注意や準備が十分でないこと,手ぬかりは、注意や準備が十分でないことです。
31,vocab1300_p008_001,8,meaning_context,,うやうやしい,うやうやしい,その子は、おじぎをして、うやうやしく先生にあいさつしました。,,うやうやしい の意味はどれ？,"[""人をひどく働かせること"", ""話の筋道が合うこと"", ""ていねいで礼儀正しいようす"", ""長く続くようす""]",2,ていねいで礼儀正しいようす,うやうやしいは、ていねいで、礼儀正しいようすです。
32,vocab1300_p008_002,8,meaning_context,,つじつま,つじつま,話のつじつまが合わないので、もう一度たしかめました。,,つじつま の意味はどれ？,"[""人を休ませずに使うこと"", ""話や物事の筋道"", ""よしあしを見分ける力"", ""礼儀正しいようす""]",1,話や物事の筋道,つじつまは、話や物事の筋道のことです。つじつまが合うとは、話が自然につながることです。
33,vocab1300_p008_003,8,meaning_context,,えんえん,えんえん,校長先生の話は、えんえんと続きました。,,えんえん の意味はどれ？,"[""非常に長く続くようす"", ""ていねいなようす"", ""何かをさせること"", ""見分ける力があること""]",0,非常に長く続くようす,えんえんは、非常に長く続くようすです。
34,vocab1300_p008_004,8,meaning_context,,仕向ける,しむける,先生は、みんなが自分で考えるように仕向けました。,,仕向ける の意味はどれ？,"[""筋道が合うこと"", ""長く続くようす"", ""よしあしを見分けること"", ""人に働きかけて何かをさせること""]",3,人に働きかけて何かをさせること,仕向けるは、人に働きかけて、何かをさせることです。
35,vocab1300_p008_005,8,meaning_context,,目が高い,めがたかい,その絵のよさに気づくなんて、君は目が高いね。,,目が高い の意味はどれ？,"[""物や人のよしあしを見分ける力があること"", ""人をひどく働かせること"", ""礼儀正しくすること"", ""長く続くこと""]",0,物や人のよしあしを見分ける力があること,目が高いは、物や人のよしあしを見分ける力があることです。
36,vocab1300_p008_006,8,meaning_context,,こき使う,こきつかう,弟に片づけを全部させて、こき使うのはよくありません。,,こき使う の意味はどれ？,"[""話の筋道が合うこと"", ""見分ける力があること"", ""人を休ませず、ひどく働かせること"", ""礼儀正しいようす""]",2,人を休ませず、ひどく働かせること,こき使うは、人を休ませず、ひどく働かせることです。
37,vocab1300_p009_001,9,meaning_context,,よりほかない,よりほかない,電車が止まってしまったので、歩いて帰るよりほかありません。,,よりほかない の意味はどれ？,"[""それ以外に方法がないこと"", ""相手と調子が合うこと"", ""あやしく思うこと"", ""あてもなく歩くこと""]",0,それ以外に方法がないこと,よりほかないは、それ以外に方法がないという意味です。
38,vocab1300_p009_002,9,meaning_context,,相性,あいしょう,その友だちとは相性がよく、すぐに仲よくなりました。,,相性 の意味はどれ？,"[""はっきりしなくてあやしいこと"", ""相手と気持ちや調子が合うかどうか"", ""ありのままに言うこと"", ""弱いところを利用すること""]",1,相手と気持ちや調子が合うかどうか,相性は、相手と気持ちや調子が合うかどうかということです。
39,vocab1300_p009_003,9,meaning_context,,弱みにつけこむ,よわみにつけこむ,相手の弱みにつけこむようなやり方は、正しいとは言えません。,,弱みにつけこむ の意味はどれ？,"[""あてもなく歩き回ること"", ""それ以外に方法がないこと"", ""相手の弱いところを利用すること"", ""かざらずに言うこと""]",2,相手の弱いところを利用すること,弱みにつけこむは、相手の弱いところを利用して、自分に都合よくすることです。
40,vocab1300_p009_004,9,meaning_context,,いぶかしい,いぶかしい,だれもいないはずの部屋から音がして、いぶかしく思いました。,,いぶかしい の意味はどれ？,"[""相手と調子が合うこと"", ""あてもなく歩き回ること"", ""ありのままに話すこと"", ""はっきりしなくて、あやしく思うようす""]",3,はっきりしなくて、あやしく思うようす,いぶかしいは、はっきりしなくて、あやしく思うようすです。
41,vocab1300_p009_005,9,meaning_context,,さすらう,さすらう,物語の主人公は、知らない国をさすらいました。,,さすらう の意味はどれ？,"[""あてもなく、あちこち歩き回ること"", ""相手の弱いところを利用すること"", ""それ以外に方法がないこと"", ""はっきりしなくて疑うこと""]",0,あてもなく、あちこち歩き回ること,さすらうは、あてもなく、あちこち歩き回ることです。
42,vocab1300_p009_006,9,meaning_context,,率直,そっちょく,先生に、作文の感想を率直に伝えました。,,率直 の意味はどれ？,"[""相手と調子が合うこと"", ""かざらず、ありのままに言うようす"", ""相手の弱いところを利用すること"", ""あやしく思うようす""]",1,かざらず、ありのままに言うようす,率直は、かざらず、ありのままに言うようすです。
43,vocab1300_p010_001,10,meaning_context,,そりが合わない,そりがあわない,その子とは遊び方の考えがちがって、少しそりが合いません。,,そりが合わない の意味はどれ？,"[""正体が分からないこと"", ""人の行動をじゃますること"", ""考え方や性格が合わないこと"", ""細かくていねいにすること""]",2,考え方や性格が合わないこと,そりが合わないは、考え方や性格が合わないという意味です。
44,vocab1300_p010_002,10,meaning_context,,歯を食いしばる,はをくいしばる,最後まで走るために、歯を食いしばってがんばりました。,,歯を食いしばる の意味はどれ？,"[""強く信じる気持ち"", ""苦しさやつらさにたえること"", ""正体が分からないこと"", ""考え方が合わないこと""]",1,苦しさやつらさにたえること,歯を食いしばるは、苦しさやつらさにじっとたえることです。
45,vocab1300_p010_003,10,meaning_context,,丹念,たんねん,ノートの図を、丹念に色分けしてまとめました。,,丹念 の意味はどれ？,"[""心をこめて細かくていねいにするようす"", ""人の行動をじゃますること"", ""考え方が合わないこと"", ""本当の姿が分からないこと""]",0,心をこめて細かくていねいにするようす,丹念は、心をこめて、細かいところまでていねいにするようすです。
46,vocab1300_p010_004,10,meaning_context,,信念,しんねん,その選手は、必ずうまくなるという信念を持って練習しました。,,信念 の意味はどれ？,"[""苦しさにたえること"", ""人をじゃますること"", ""正体が分からないこと"", ""自分が正しいと強く信じる気持ち""]",3,自分が正しいと強く信じる気持ち,信念は、自分が正しいと強く信じる気持ちです。
47,vocab1300_p010_005,10,meaning_context,,妨害,ぼうがい,話している人の前で大声を出すと、発表の妨害になります。,,妨害 の意味はどれ？,"[""細かくていねいにすること"", ""考え方が合わないこと"", ""人の行動や物事の進みをじゃますること"", ""強く信じる気持ち""]",2,人の行動や物事の進みをじゃますること,妨害は、人の行動や物事の進みをじゃますることです。
48,vocab1300_p010_006,10,meaning_context,,得体の知れない,えたいのしれない,森の奥から、得体の知れない音が聞こえてきました。,,得体の知れない の意味はどれ？,"[""苦しさにじっとたえること"", ""正体や本当の姿がよく分からないこと"", ""人の行動をじゃますること"", ""考え方が合わないこと""]",1,正体や本当の姿がよく分からないこと,得体の知れないは、正体や本当の姿がよく分からないという意味です。
49,vocab1300_p011_001,11,meaning_context,,眉をひそめる,まゆをひそめる,友だちが人の悪口を言っているのを聞いて、先生は眉をひそめました。,,眉をひそめる の意味はどれ？,"[""うれしそうに笑うこと"", ""心配や不快なことで顔をしかめること"", ""何かを持ってくること"", ""正しいことをしようとする心""]",1,心配や不快なことで顔をしかめること,眉をひそめるは、心配や不快なことで、顔をしかめることです。
50,vocab1300_p011_002,11,meaning_context,,つど,つど,図書室へ行くつど、新しい本を一冊ずつ借りています。,,つど の意味はどれ？,"[""そうするたびに"", ""たいして"", ""正しい心"", ""一つの見方""]",0,そうするたびに,つどは、そうするたびに、毎回という意味です。
51,vocab1300_p011_003,11,meaning_context,,さほど,さほど,テスト前は心配でしたが、問題はさほど難しくありませんでした。,,さほど の意味はどれ？,"[""そのたびに"", ""顔をしかめて"", ""それほど、たいして"", ""何かを持ってきて""]",2,それほど、たいして,さほどは、それほど、たいして、という意味です。多くの場合、後ろに打ち消しの言葉が続きます。
52,vocab1300_p011_004,11,meaning_context,,側面,そくめん,その出来事には、楽しい側面だけでなく、反省するところもありました。,,側面 の意味はどれ？,"[""毎回ということ"", ""正しいことをしようとする心"", ""不快そうな顔"", ""ものごとの一つの面や見方""]",3,ものごとの一つの面や見方,側面は、ものごとの一つの面や見方のことです。
53,vocab1300_p011_005,11,meaning_context,,良心,りょうしん,落とし物を見つけたので、良心にしたがって先生に届けました。,,良心 の意味はどれ？,"[""ものごとの一つの面"", ""正しいことをしようとする心"", ""それほど、たいして"", ""そのたびに""]",1,正しいことをしようとする心,良心は、正しいことをしようとする心のことです。
54,vocab1300_p011_006,11,meaning_context,,もたらす,もたらす,毎日の練習は、少しずつよい結果をもたらしました。,,もたらす の意味はどれ？,"[""何かを起こしたり持ってきたりすること"", ""顔をしかめること"", ""一つの見方をすること"", ""正しい心を持つこと""]",0,何かを起こしたり持ってきたりすること,もたらすは、何かを持ってきたり、よいこと・悪いことを起こしたりすることです。
55,vocab1300_p012_001,12,meaning_context,,口下手,くちべた,発表の内容は考えていたのに、みんなの前に出るとうまく話せませんでした。わたしは少し口下手です。,,口下手 の意味はどれ？,"[""人の悪口をこっそり言うこと"", ""二つの役目をいっしょにすること"", ""話すことがあまり上手ではないこと"", ""心配でじっとしていられないこと""]",2,話すことがあまり上手ではないこと,口下手は、話すことがあまり上手ではないことです。話したくない、という意味ではありません。
56,vocab1300_p012_002,12,meaning_context,,客観的,きゃっかんてき,けんかの話を聞くときは、どちらか一人の気持ちだけで決めず、客観的に考えることが大切です。,,客観的 の意味はどれ？,"[""いろいろな見方から考えること"", ""ねばり強くて負けにくいこと"", ""話すのがあまり上手ではないこと"", ""本人がいないところで悪く言うこと""]",0,いろいろな見方から考えること,客観的は、自分の気持ちだけでなく、広い見方で考えることです。
57,vocab1300_p012_003,12,meaning_context,,居ても立ってもいられない,いてもたってもいられない,大切なぬいぐるみが見つからなくて、青ちゃんは居ても立ってもいられませんでした。,,居ても立ってもいられない の意味はどれ？,"[""一人で二つの役目をすること"", ""話すことがあまり上手ではないこと"", ""いろいろな見方から考えること"", ""心配などでじっとしていられないこと""]",3,心配などでじっとしていられないこと,居ても立ってもいられないは、心配やうれしさなどで落ち着かず、じっとしていられないようすです。
58,vocab1300_p012_004,12,meaning_context,,したたか,したたか,相手チームに先に点を取られても、最後まであきらめず、したたかに試合を続けました。,,したたか の意味はどれ？,"[""本人がいないところで悪く言うこと"", ""ねばり強く、簡単には負けないようす"", ""話すことがあまり上手ではないこと"", ""一つのものが二つの役目をすること""]",1,ねばり強く、簡単には負けないようす,したたかは、すぐに負けたりあきらめたりせず、ねばり強いようすです。悪い意味で使われることもありますが、ここでは強さを表しています。
59,vocab1300_p012_005,12,meaning_context,,兼ねる,かねる,この箱は、おもちゃ入れといすの二つの役目を兼ねています。,,兼ねる の意味はどれ？,"[""話すことがあまり上手ではないこと"", ""心配でじっとしていられないこと"", ""一つのものや人が、二つ以上の役目をすること"", ""いろいろな見方から考えること""]",2,一つのものや人が、二つ以上の役目をすること,兼ねるは、一つのものや人が、二つ以上の役目をすることです。
60,vocab1300_p012_006,12,meaning_context,,陰口,かげぐち,その人がいないところで悪く言うのは、陰口になるのでやめた方がよいです。,,陰口 の意味はどれ？,"[""本人がいないところで言う悪口"", ""ねばり強く、簡単には負けないようす"", ""一つのものが二つ以上の役目をすること"", ""自分の気持ちだけでなく、広い見方で考えること""]",0,本人がいないところで言う悪口,陰口は、本人がいないところで言う悪口です。本人に直接伝える注意や相談とはちがいます。
61,vocab1300_p013_001,13,age_word,,不惑,ふわく,四十歳のお祝いで、不惑という言葉を知りました。,,文の中の 不惑 の読み方はどれ？,"[""ふまど"", ""ふわく"", ""ふこう"", ""ぶわく""]",1,ふわく,不惑は『ふわく』と読みます。四十歳を表す言葉です。
62,vocab1300_p013_002,13,age_word,,還暦,かんれき,祖父の還暦のお祝いに、家族で赤い花を用意しました。,,文の中の 還暦 の読み方はどれ？,"[""かんれき"", ""かんりゃく"", ""げんれき"", ""こうれき""]",0,かんれき,還暦は『かんれき』と読みます。六十歳を表す言葉です。
63,vocab1300_p013_003,13,age_word,,白寿,はくじゅ,ひいおばあちゃんの白寿を祝って、みんなで写真を撮りました。,,文の中の 白寿 の読み方はどれ？,"[""しろじゅ"", ""はくとし"", ""はくじゅ"", ""しらじゅ""]",2,はくじゅ,白寿は『はくじゅ』と読みます。九十九歳を表す言葉です。『百』から『一』を取ると『白』になることからきています。
64,vocab1300_p013_004,13,age_word,,喜寿,きじゅ,おばあちゃんの喜寿のお祝いに、みんなで手紙を書きました。,,文の中の 喜寿 の読み方はどれ？,"[""きことぶき"", ""よろこびじゅ"", ""きじゅう"", ""きじゅ""]",3,きじゅ,喜寿は『きじゅ』と読みます。七十七歳を表す言葉です。『喜』の字をくずすと七十七に見えることからきています。
65,vocab1300_p013_005,13,age_word,,卒寿,そつじゅ,九十歳になった祖母の卒寿を、家族でお祝いしました。,,文の中の 卒寿 の読み方はどれ？,"[""そつことぶき"", ""そつじゅ"", ""そつじゅう"", ""そっじゅ""]",1,そつじゅ,卒寿は『そつじゅ』と読みます。九十歳を表す言葉です。『卒』の字が九十に見える形からきています。
66,vocab1300_p015_001,15,meaning_context,,半ば,なかば,マラソンの半ばで、少し足が重くなってきました。,,半ば の意味はどれ？,"[""流れを止めること"", ""ものごとの中ほど"", ""力を十分に出すこと"", ""困りはてること""]",1,ものごとの中ほど,半ばは、ものごとの中ほど、半分くらいのところという意味です。
67,vocab1300_p015_002,15,meaning_context,,せきとめる,せきとめる,大雨で流れてきた枝が、水の流れをせきとめました。,,せきとめる の意味はどれ？,"[""何かをするときの形"", ""力を十分に出すこと"", ""対等にふるまえないこと"", ""流れを止めること""]",3,流れを止めること,せきとめるは、水などの流れを止めることです。
68,vocab1300_p015_003,15,meaning_context,,閉口する,へいこうする,同じ質問を何度もされて、先生は少し閉口していました。,,閉口する の意味はどれ？,"[""どうしてよいか分からず困りはてること"", ""ものごとの中ほど"", ""決まった形で進めること"", ""持っている力を出すこと""]",0,どうしてよいか分からず困りはてること,閉口するは、どうしてよいか分からず、困りはてることです。
69,vocab1300_p015_004,15,meaning_context,,形式,けいしき,発表会は、去年と同じ形式で行われました。,,形式 の意味はどれ？,"[""流れを止めること"", ""困りはてること"", ""何かをするときの決まった形ややり方"", ""相手に引け目を感じること""]",2,何かをするときの決まった形ややり方,形式は、何かをするときの決まった形ややり方のことです。
70,vocab1300_p015_005,15,meaning_context,,発揮,はっき,練習の成果を発揮して、試合でよいプレーができました。,,発揮 の意味はどれ？,"[""持っている力を十分にあらわすこと"", ""ものごとの中ほど"", ""水などの流れを止めること"", ""困ってしまうこと""]",0,持っている力を十分にあらわすこと,発揮は、持っている力を十分にあらわすことです。
71,vocab1300_p015_006,15,meaning_context,,頭が上がらない,あたまがあがらない,いつも助けてもらっているので、その友だちには頭が上がりません。,,頭が上がらない の意味はどれ？,"[""決まった形で進めること"", ""力を十分に出すこと"", ""流れを止めること"", ""相手に引け目を感じ、対等にふるまえないこと""]",3,相手に引け目を感じ、対等にふるまえないこと,頭が上がらないは、相手に引け目や負い目があり、対等にふるまえないことです。
72,vocab1300_p016_001,16,meaning_context,,過ぎない,すぎない,これはまだ練習に過ぎないので、失敗しても大丈夫です。,,過ぎない の意味はどれ？,"[""行ったり来たりすること"", ""相手の機嫌をとること"", ""〜でしかないこと"", ""ありのままであること""]",2,〜でしかないこと,過ぎないは、『〜でしかない』『〜以上のものではない』という意味です。
73,vocab1300_p016_002,16,meaning_context,,こびを売る,こびをうる,ほめてもらうためだけに、先生にこびを売るような態度はよくありません。,,こびを売る の意味はどれ？,"[""相手の機嫌をとること"", ""あつかましいようす"", ""要するにということ"", ""そのままのようす""]",0,相手の機嫌をとること,こびを売るは、相手に気に入られようとして、機嫌をとることです。
74,vocab1300_p016_003,16,meaning_context,,ぬけぬけと,ぬけぬけと,約束を忘れたのに、ぬけぬけと『知らない』と言いました。,,ぬけぬけと の意味はどれ？,"[""行ったり来たりするようす"", ""ありのままのようす"", ""結局のところ"", ""悪いことをしても平気なようす""]",3,悪いことをしても平気なようす,ぬけぬけとは、悪いことをしても平気でいる、あつかましいようすです。
75,vocab1300_p016_004,16,meaning_context,,あるがまま,あるがまま,観察カードには、見たことをあるがままに書きました。,,あるがまま の意味はどれ？,"[""相手の機嫌をとること"", ""かざらず、そのままであること"", ""〜でしかないこと"", ""要するにということ""]",1,かざらず、そのままであること,あるがままは、かざったり変えたりしない、そのままのようすです。
76,vocab1300_p016_005,16,meaning_context,,行きかう,いきかう,駅前では、人や自転車が行きかっていました。,,行きかう の意味はどれ？,"[""行ったり来たりすること"", ""あつかましくすること"", ""ありのままにすること"", ""機嫌をとること""]",0,行ったり来たりすること,行きかうは、人や車などが行ったり来たりすることです。
77,vocab1300_p016_006,16,meaning_context,,さしずめ,さしずめ,チームで一番足が速いその子は、さしずめリレーの切り札です。,,さしずめ の意味はどれ？,"[""〜でしかないこと"", ""そのままのこと"", ""結局のところ、要するに"", ""行ったり来たりすること""]",2,結局のところ、要するに,さしずめは、結局のところ、要するに、という意味です。
78,vocab1300_p017_001,17,meaning_context,,きびきび,きびきび,係の子は、きびきびと教室の準備を進めました。,,きびきび の意味はどれ？,"[""大変急ぐこと"", ""罪をなすりつけられること"", ""元気よく、はっきりしているようす"", ""力を入れること""]",2,元気よく、はっきりしているようす,きびきびは、動きや話し方が元気よく、はっきりしているようすです。
79,vocab1300_p017_002,17,meaning_context,,濡れ衣,ぬれぎぬ,落書きをしたのは別の人なのに、わたしが疑われて濡れ衣を着せられました。,,濡れ衣 の意味はどれ？,"[""十分に成長していること"", ""自分が悪くないのに罪をなすりつけられること"", ""普通と大きくちがうこと"", ""急いでいること""]",1,自分が悪くないのに罪をなすりつけられること,濡れ衣は、自分が悪くないのに、罪や失敗をなすりつけられることです。
80,vocab1300_p017_003,17,meaning_context,,成熟,せいじゅく,そのリンゴは赤くなり、十分に成熟していました。,,成熟 の意味はどれ？,"[""力を入れること"", ""元気よく動くこと"", ""十分に成長し、発達していること"", ""罪をなすりつけられること""]",2,十分に成長し、発達していること,成熟は、十分に成長し、発達していることです。
81,vocab1300_p017_004,17,meaning_context,,至急,しきゅう,水とうを忘れたので、至急、教室へ取りに戻りました。,,至急 の意味はどれ？,"[""普通と大きくちがうこと"", ""罪をなすりつけること"", ""元気よく動くこと"", ""とても急ぐこと""]",3,とても急ぐこと,至急は、とても急ぐこと、大急ぎという意味です。
82,vocab1300_p017_005,17,meaning_context,,とっぴ,とっぴ,その子は、とっぴなアイデアを出して、みんなをおどろかせました。,,とっぴ の意味はどれ？,"[""普通と大きくちがっているようす"", ""十分に発達していること"", ""急いでいること"", ""力を入れること""]",0,普通と大きくちがっているようす,とっぴは、普通と大きくちがっていて、思いがけないようすです。
83,vocab1300_p017_006,17,meaning_context,,力む,りきむ,本番で力みすぎて、いつもより手がかたくなりました。,,力む の意味はどれ？,"[""罪をなすりつけること"", ""大きく成長すること"", ""力を入れること"", ""急いで進めること""]",2,力を入れること,力むは、体や気持ちに力を入れることです。
84,vocab1300_p018_001,18,meaning_context,,腕によりをかける,うでによりをかける,お母さんの誕生日に、姉は腕によりをかけて料理を作りました。,,腕によりをかける の意味はどれ？,"[""冷たくて思いやりがないこと"", ""ちょうどよく扱いやすいこと"", ""疲れてへとへとになること"", ""自分の力を十分に出そうとはりきること""]",3,自分の力を十分に出そうとはりきること,腕によりをかけるは、自分の力を十分に出そうと、はりきることです。
85,vocab1300_p018_002,18,meaning_context,,手頃,てごろ,この本はページ数が少なく、読書を始めるには手頃です。,,手頃 の意味はどれ？,"[""ちょうどよく扱いやすいこと"", ""つらくてその場にいられないこと"", ""次々と行うこと"", ""思いやりがないこと""]",0,ちょうどよく扱いやすいこと,手頃は、ちょうどよく、扱いやすいという意味です。
86,vocab1300_p018_003,18,meaning_context,,あごを出す,あごをだす,長い坂道を走って、ゴールのころにはあごを出していました。,,あごを出す の意味はどれ？,"[""力を出そうとはりきること"", ""疲れてへとへとになること"", ""冷たくすること"", ""手にふれたものを次々と行うこと""]",1,疲れてへとへとになること,あごを出すは、疲れてへとへとになることです。
87,vocab1300_p018_004,18,meaning_context,,薄情,はくじょう,困っている人を見ても知らんぷりするのは、薄情な態度です。,,薄情 の意味はどれ？,"[""つらくてじっとしていられないこと"", ""次々と行うこと"", ""冷たくて思いやりがないこと"", ""ちょうどよいこと""]",2,冷たくて思いやりがないこと,薄情は、冷たくて思いやりがないことです。
88,vocab1300_p018_005,18,meaning_context,,いたたまれない,いたたまれない,友だちを傷つける言葉を聞いて、いたたまれない気持ちになりました。,,いたたまれない の意味はどれ？,"[""つらくてその場にじっとしていられないこと"", ""疲れてへとへとになること"", ""自分の力を出そうとすること"", ""冷たくて思いやりがないこと""]",0,つらくてその場にじっとしていられないこと,いたたまれないは、つらくて、その場にじっとしていられない気持ちになることです。
89,vocab1300_p018_006,18,meaning_context,,手当たり次第,てあたりしだい,なくした消しゴムを、机の中から手当たり次第に探しました。,,手当たり次第 の意味はどれ？,"[""ちょうどよく使いやすいこと"", ""手にふれたものや目についたものを次々と行うこと"", ""思いやりがないこと"", ""疲れてへとへとになること""]",1,手にふれたものや目についたものを次々と行うこと,手当たり次第は、順番を考えず、手にふれたものや目についたものを次々と行うことです。
90,vocab1300_p019_001,19,meaning_context,,難なく,なんなく,練習していたので、その問題を難なく解くことができました。,,難なく の意味はどれ？,"[""何の問題もなく、かんたんに"", ""不満を顔に出して"", ""口で伝えて"", ""話がまとまらずに""]",0,何の問題もなく、かんたんに,難なくは、何の問題もなく、かんたんに、という意味です。
91,vocab1300_p019_002,19,meaning_context,,頭をかかえる,あたまをかかえる,宿題がたくさん残っていて、青ちゃんは頭をかかえました。,,頭をかかえる の意味はどれ？,"[""はっきりと思い出すこと"", ""悩みや心配ごとのために困ること"", ""口で伝えること"", ""かんたんに進むこと""]",1,悩みや心配ごとのために困ること,頭をかかえるは、悩みや心配ごとのために困ることです。
92,vocab1300_p019_003,19,meaning_context,,まざまざと,まざまざと,旅行で見た海の色を、今でもまざまざと思い出せます。,,まざまざと の意味はどれ？,"[""文章にしないで"", ""困ってしまって"", ""はっきりと目に見えるように"", ""不機嫌な顔で""]",2,はっきりと目に見えるように,まざまざとは、はっきりと目に見えるように感じることです。
93,vocab1300_p019_004,19,meaning_context,,しどろもどろ,しどろもどろ,急に聞かれて、答えがしどろもどろになりました。,,しどろもどろ の意味はどれ？,"[""何の問題もなく進むようす"", ""不満を顔に出すようす"", ""はっきりと思い出すようす"", ""話し方がまとまらないようす""]",3,話し方がまとまらないようす,しどろもどろは、話し方がまとまらず、うまく説明できないようすです。
94,vocab1300_p019_005,19,meaning_context,,ほおをふくらます,ほおをふくらます,ゲームを途中でやめることになり、弟はほおをふくらませました。,,ほおをふくらます の意味はどれ？,"[""不満や不機嫌な気持ちを顔に出すこと"", ""悩んで困ること"", ""口で伝えること"", ""話がまとまらないこと""]",0,不満や不機嫌な気持ちを顔に出すこと,ほおをふくらますは、不満や不機嫌な気持ちを顔に出すことです。
95,vocab1300_p019_006,19,meaning_context,,口頭,こうとう,予定の変更は、先生から口頭で伝えられました。,,口頭 の意味はどれ？,"[""悩んで困ること"", ""文章ではなく、口で伝えること"", ""はっきり思い出すこと"", ""不機嫌な顔になること""]",1,文章ではなく、口で伝えること,口頭は、文章ではなく、口で伝えることです。
96,vocab1300_p020_001,20,meaning_context,,秩序,ちつじょ,みんなが気持ちよく使えるように、図書室の秩序を守りましょう。,,秩序 の意味はどれ？,"[""本当のこと"", ""上を見上げること"", ""決まりや整った状態"", ""あとに残る気分""]",2,決まりや整った状態,秩序は、みんなが気持ちよく過ごすための決まりや、整った状態のことです。
97,vocab1300_p020_002,20,meaning_context,,真相,しんそう,先生は、けんかの真相をみんなから聞きました。,,真相 の意味はどれ？,"[""物事の本当のこと"", ""正しい状態であること"", ""立派だと感心すること"", ""決まりを守ること""]",0,物事の本当のこと,真相は、物事の本当のことです。
98,vocab1300_p020_003,20,meaning_context,,仰ぐ,あおぐ,夜空を仰ぐと、星がたくさん見えました。,,仰ぐ の意味はどれ？,"[""あとに残る気分"", ""立派だと感心すること"", ""上を見上げること"", ""本当のこと""]",2,上を見上げること,仰ぐは、上を見上げるという意味です。
99,vocab1300_p020_004,20,meaning_context,,後味,あとあじ,友だちにきつく言いすぎて、後味の悪い気持ちになりました。,,後味 の意味はどれ？,"[""変わったところがない状態"", ""物事のあとに残る感じや気分"", ""上を見上げること"", ""決まりや整った状態""]",1,物事のあとに残る感じや気分,後味は、物事が終わったあとに残る感じや気分のことです。
100,vocab1300_p020_005,20,meaning_context,,感服,かんぷく,最後まであきらめない友だちの姿に、みんな感服しました。,,感服 の意味はどれ？,"[""本当のことを知ること"", ""上を見上げること"", ""立派な行動や態度に深く感心すること"", ""あとに残る気分""]",2,立派な行動や態度に深く感心すること,感服は、立派な行動や態度に深く感心することです。
101,vocab1300_p020_006,20,meaning_context,,正常,せいじょう,こわれたと思った時計は、今は正常に動いています。,,正常 の意味はどれ？,"[""変わったところがなく正しい状態"", ""物事の本当のこと"", ""あとに残る気分"", ""立派だと感心すること""]",0,変わったところがなく正しい状態,正常は、変わったところがなく、正しい状態であることです。
102,vocab1300_p021_001,21,meaning_context,,挑発,ちょうはつ,相手にわざといやなことを言われても、挑発に乗らないようにしました。,,挑発 の意味はどれ？,"[""あることが起こる見込み"", ""言い争いのこと"", ""相手の気持ちを乱して何かをさせようとすること"", ""とてもおとなしいようす""]",2,相手の気持ちを乱して何かをさせようとすること,挑発は、相手の気持ちを乱して、何かをさせようとすることです。
103,vocab1300_p021_002,21,meaning_context,,公算,こうさん,練習の様子を見ると、試合に勝つ公算は高そうです。,,公算 の意味はどれ？,"[""あることが起こる見込みや可能性"", ""怒りを外に出さずこらえること"", ""口げんかをすること"", ""物事のおおよその意味""]",0,あることが起こる見込みや可能性,公算は、あることが起こる見込みや可能性のことです。
104,vocab1300_p021_003,21,meaning_context,,概念,がいねん,先生は、『公平』という概念を、身近な例で説明してくれました。,,概念 の意味はどれ？,"[""相手を怒らせること"", ""いつもよりおとなしいこと"", ""不満を外に出さないこと"", ""物事のおおよその意味や考え""]",3,物事のおおよその意味や考え,概念は、ある物事のおおよその意味や考えのことです。
105,vocab1300_p021_004,21,meaning_context,,口論,こうろん,意見が合わず、二人は口論になってしまいました。,,口論 の意味はどれ？,"[""見込みがあること"", ""言い争い、口げんか"", ""とてもおとなしいこと"", ""相手を仕向けること""]",1,言い争い、口げんか,口論は、言い争いや口げんかのことです。
106,vocab1300_p021_005,21,meaning_context,,腹に収める,はらにおさめる,言いたいことはありましたが、けんかにならないように腹に収めました。,,腹に収める の意味はどれ？,"[""相手をわざと怒らせること"", ""物事のおおよその意味"", ""怒りや不満を外に出さずにこらえること"", ""言い争いをすること""]",2,怒りや不満を外に出さずにこらえること,腹に収めるは、怒りや不満を外に出さずに、こらえることです。
107,vocab1300_p021_006,21,meaning_context,,借りてきた猫のよう,かりてきたねこのよう,いつもは元気な弟が、知らない人の前では借りてきた猫のようでした。,,借りてきた猫のよう の意味はどれ？,"[""いつもと違って、とてもおとなしいようす"", ""相手の気持ちを乱すこと"", ""あることが起こる見込み"", ""怒りをこらえること""]",0,いつもと違って、とてもおとなしいようす,借りてきた猫のようは、いつもと違って、とてもおとなしいようすです。
108,vocab1300_p022_001,22,meaning_context,,首を縦にふる,くびをたてにふる,何度お願いしても、母はなかなか首を縦にふってくれませんでした。,,首を縦にふる の意味はどれ？,"[""顔や体が熱っぽくなること"", ""うなずいて、相手の意見に賛成すること"", ""人をまとめて連れて行くこと"", ""うわべや見かけ""]",1,うなずいて、相手の意見に賛成すること,首を縦にふるは、うなずいて、相手の意見に賛成することです。
109,vocab1300_p022_002,22,meaning_context,,たち,たち,姉は小さいころから、がまん強いたちです。,,たち の意味はどれ？,"[""生まれながらに持っている人柄や性質"", ""かたくてごつごつしていること"", ""多くの人を連れて行くこと"", ""うなずくこと""]",0,生まれながらに持っている人柄や性質,たちは、生まれながらに持っている人柄や性質のことです。
110,vocab1300_p022_003,22,meaning_context,,外見,がいけん,外見だけでは、その人のよさは分かりません。,,外見 の意味はどれ？,"[""生まれつきの性質"", ""人をまとめること"", ""体が熱っぽくなること"", ""うわべや見かけ""]",3,うわべや見かけ,外見は、うわべや見かけのことです。
111,vocab1300_p022_004,22,meaning_context,,率いる,ひきいる,先生はクラスのみんなを率いて、体育館へ向かいました。,,率いる の意味はどれ？,"[""見かけだけで判断すること"", ""かたくてごつごつしていること"", ""多くの人をまとめて連れて行くこと"", ""顔が赤くなること""]",2,多くの人をまとめて連れて行くこと,率いるは、多くの人をまとめて連れて行くことです。
112,vocab1300_p022_005,22,meaning_context,,ほてる,ほてる,走ったあと、顔がほてって赤くなりました。,,ほてる の意味はどれ？,"[""顔や体が熱っぽくなり、赤くなること"", ""うなずいて賛成すること"", ""人を連れて行くこと"", ""見かけのこと""]",0,顔や体が熱っぽくなり、赤くなること,ほてるは、顔や体が熱っぽくなり、赤くなることです。
113,vocab1300_p022_006,22,meaning_context,,いかつい,いかつい,その岩は大きくて、いかつい形をしていました。,,いかつい の意味はどれ？,"[""うわべや見かけ"", ""かたくて、ごつごつしているようす"", ""人柄や性質"", ""賛成すること""]",1,かたくて、ごつごつしているようす,いかついは、かたくて、ごつごつしているようすです。
114,vocab1300_p023_001,23,meaning_context,,安静,あんせい,熱があるので、今日は家で安静にしていました。,,安静 の意味はどれ？,"[""体を休めて静かにしていること"", ""自分から先に行動すること"", ""けんかをすること"", ""手で合図すること""]",0,体を休めて静かにしていること,安静は、体を休めて静かにしていることです。
115,vocab1300_p023_002,23,meaning_context,,根をおろす,ねをおろす,その新しい習慣は、少しずつクラスに根をおろしました。,,根をおろす の意味はどれ？,"[""体を休めること"", ""苦労に感謝すること"", ""物事が定着したり受け入れられたりすること"", ""こちらへ来るように手で合図すること""]",2,物事が定着したり受け入れられたりすること,根をおろすは、物事が定着したり、受け入れられたりすることです。
116,vocab1300_p023_003,23,meaning_context,,ねぎらう,ねぎらう,先生は、準備をがんばった係の人たちをねぎらいました。,,ねぎらう の意味はどれ？,"[""けんかをすること"", ""苦労してくれたことに感謝すること"", ""先頭に立って行動すること"", ""静かに休むこと""]",1,苦労してくれたことに感謝すること,ねぎらうは、苦労してくれたことに感謝することです。
117,vocab1300_p023_004,23,meaning_context,,いさかい,いさかい,小さないさかいが起きたので、先生が話を聞きました。,,いさかい の意味はどれ？,"[""手で合図すること"", ""苦労に感謝すること"", ""体を休めること"", ""けんか、言い争い""]",3,けんか、言い争い,いさかいは、けんかや言い争いのことです。
118,vocab1300_p023_005,23,meaning_context,,手招き,てまねき,母は、こちらへ来るように手招きしました。,,手招き の意味はどれ？,"[""こちらへ来るように手で合図すること"", ""先に立って行動すること"", ""根づくこと"", ""言い争うこと""]",0,こちらへ来るように手で合図すること,手招きは、こちらへ来るように手で合図することです。
119,vocab1300_p023_006,23,meaning_context,,率先,そっせん,青ちゃんは率先して、教室の片づけを手伝いました。,,率先 の意味はどれ？,"[""体を休めること"", ""感謝すること"", ""自分から先頭に立って行動すること"", ""手で呼ぶこと""]",2,自分から先頭に立って行動すること,率先は、自分から先頭に立って行動することです。
120,vocab1300_p024_001,24,meaning_context,,消極的,しょうきょくてき,授業参観で、いつもは手をあげる青ちゃんが消極的でした。,,消極的 の意味はどれ？,"[""すみずみまで調べること"", ""すぐに返事をすること"", ""自分から進んで何かをしようとしないようす"", ""試しにやってみること""]",2,自分から進んで何かをしようとしないようす,消極的は、自分から進んで何かをしようとしないようすです。
121,vocab1300_p024_002,24,meaning_context,,そくざに,そくざに,名前を呼ばれて、そくざに返事をしました。,,そくざに の意味はどれ？,"[""すぐに、その場ですぐ"", ""少し、ちょっと"", ""大体の場合において"", ""残すところなく""]",0,すぐに、その場ですぐ,そくざには、すぐに、その場ですぐ、という意味です。
122,vocab1300_p024_003,24,meaning_context,,くまなく,くまなく,なくしたハンカチを、部屋の中でくまなく探しました。,,くまなく の意味はどれ？,"[""試しにやってみること"", ""少しだけ"", ""自分から進まないようす"", ""すみずみまで、残すところなく""]",3,すみずみまで、残すところなく,くまなくは、すみずみまで、残すところなく、という意味です。
123,vocab1300_p024_004,24,meaning_context,,試み,こころみ,先生は、新しい方法で授業をする試みをしました。,,試み の意味はどれ？,"[""その場ですぐにすること"", ""試しに何かをやってみること"", ""すみずみまで調べること"", ""少しだけあること""]",1,試しに何かをやってみること,試みは、試しに何かをやってみることです。
124,vocab1300_p024_005,24,meaning_context,,いささか,いささか,その話は、いささか大げさに聞こえました。,,いささか の意味はどれ？,"[""大体の場合"", ""自分から進まないこと"", ""少し、ちょっと"", ""すぐに""]",2,少し、ちょっと,いささかは、少し、ちょっと、という意味です。
125,vocab1300_p024_006,24,meaning_context,,えてして,えてして,急いでいるときは、えてして忘れ物をしやすいものです。,,えてして の意味はどれ？,"[""とかく、大体の場合において"", ""すみずみまで"", ""試しにやってみること"", ""すぐに""]",0,とかく、大体の場合において,えてしては、とかく、大体の場合において、という意味です。
126,vocab1300_p025_001,25,meaning_context,onomatopoeia_word,ごうごう,ごうごう,台風の日、外では風がごうごうと鳴っていました。,,ごうごう の意味はどれ？,"[""水がとめどなく流れるようす"", ""大きな音が響いて騒がしいようす"", ""心に強くうったえるようす"", ""太陽が光り輝くようす""]",1,大きな音が響いて騒がしいようす,ごうごうは、大きな音が響いて、騒がしいようすです。
127,vocab1300_p025_002,25,meaning_context,onomatopoeia_word,さんさん,さんさん,夏の朝、太陽がさんさんと照っていました。,,さんさん の意味はどれ？,"[""音が大きく響くようす"", ""水などがとめどなく流れるようす"", ""太陽などが明るく光り輝くようす"", ""いっぱいに満ちているようす""]",2,太陽などが明るく光り輝くようす,さんさんは、太陽などが明るく光り輝くようすです。
128,vocab1300_p025_003,25,meaning_context,onomatopoeia_word,とうとう,とうとう,山の雪がとけて、川の水がとうとうと流れていました。,,とうとう の意味はどれ？,"[""水などがとめどなく流れるようす"", ""太陽が強く照るようす"", ""心に強くうったえるようす"", ""音が騒がしいようす""]",0,水などがとめどなく流れるようす,とうとうは、水などがとめどなく流れるようすです。
129,vocab1300_p025_004,25,meaning_context,onomatopoeia_word,まんまん,まんまん,大きな池には、水がまんまんとたたえられていました。,,まんまん の意味はどれ？,"[""大きな音がするようす"", ""光がきらきらするようす"", ""水が流れるようす"", ""いっぱいに満ちているようす""]",3,いっぱいに満ちているようす,まんまんは、いっぱいに満ちているようすです。
130,vocab1300_p025_005,25,meaning_context,onomatopoeia_word,こうこう,こうこう,夜道に、車のライトがこうこうと輝いていました。,,こうこう の意味はどれ？,"[""心に強くうったえるようす"", ""明るく、きらきらと輝くようす"", ""水がとめどなく流れるようす"", ""太陽が照るようす""]",1,明るく、きらきらと輝くようす,こうこうは、明るく、きらきらと輝くようすです。
131,vocab1300_p025_006,25,meaning_context,onomatopoeia_word,せつせつ,せつせつ,その人は、平和への願いをせつせつと語りました。,,せつせつ の意味はどれ？,"[""太陽が光り輝くようす"", ""音が大きく響くようす"", ""心に強くうったえかけるようす"", ""水が流れるようす""]",2,心に強くうったえかけるようす,せつせつは、心に強くうったえかけるようす、思いがこもっているようすです。
132,vocab1300_p027_001,27,meaning_context,,けなげ,けなげ,小さな子が、転んでも泣かずに走り続ける姿はけなげでした。,,けなげ の意味はどれ？,"[""見たり聞いたりすること"", ""新しいものをつくること"", ""ひたむきで一生懸命なようす"", ""まわりについてじゃまになること""]",2,ひたむきで一生懸命なようす,けなげは、ひたむきで、一生懸命なようすです。
133,vocab1300_p027_002,27,meaning_context,,終始する,しゅうしする,話し合いは、始めから終わりまで勉強の話に終始しました。,,終始する の意味はどれ？,"[""始めから終わりまで同じことを続けること"", ""ゆっくり動き出すこと"", ""じゃまになること"", ""見たり聞いたりすること""]",0,始めから終わりまで同じことを続けること,終始するは、始めから終わりまで同じことを続けることです。
134,vocab1300_p027_003,27,meaning_context,,創造,そうぞう,空き箱を使って、新しいおもちゃを創造しました。,,創造 の意味はどれ？,"[""一生懸命なようす"", ""ゆっくり動くこと"", ""見たり聞いたりすること"", ""新しいものをつくり出すこと""]",3,新しいものをつくり出すこと,創造は、新しいものをつくり出すことです。
135,vocab1300_p027_004,27,meaning_context,,足手まとい,あしでまとい,小さい子を連れて急ぐと、本人に悪気はなくても足手まといになることがあります。,,足手まとい の意味はどれ？,"[""新しく作ること"", ""まわりについて、じゃまになること"", ""おもむろに動くこと"", ""見たり聞いたりすること""]",1,まわりについて、じゃまになること,足手まといは、まわりについて、じゃまになることです。
136,vocab1300_p027_005,27,meaning_context,,見聞,けんぶん,旅行先でいろいろなものを見て、見聞を広めました。,,見聞 の意味はどれ？,"[""見たり聞いたりすること"", ""一生懸命なようす"", ""同じことを続けること"", ""新しいものを作ること""]",0,見たり聞いたりすること,見聞は、見たり聞いたりすることです。見聞を広めるとは、経験を広げることです。
137,vocab1300_p027_006,27,meaning_context,,やおら,やおら,校長先生は、やおら立ち上がって話し始めました。,,やおら の意味はどれ？,"[""新しく作って"", ""じゃまになって"", ""ゆっくりと動き出して"", ""見たり聞いたりして""]",2,ゆっくりと動き出して,やおらは、ゆっくりと動き出すようすです。おもむろに、という意味です。
138,vocab1300_p028_001,28,meaning_context,,共倒れ,ともだおれ,二人とも無理をして練習しすぎたため、試合前に共倒れになりました。,,共倒れ の意味はどれ？,"[""両方とも無理をして、どちらもだめになること"", ""自分をえらいと思いすぎること"", ""人のじゃまをすること"", ""気づいているのにそのままにすること""]",0,両方とも無理をして、どちらもだめになること,共倒れは、両方とも無理をした結果、どちらもだめになることです。
139,vocab1300_p028_002,28,meaning_context,,薄笑い,うすわらい,失敗した人を見て薄笑いを浮かべるのは、よい態度ではありません。,,薄笑い の意味はどれ？,"[""特徴をよく表していること"", ""気づかず通りすぎること"", ""相手を軽く見るような、かすかな笑い"", ""両方ともだめになること""]",2,相手を軽く見るような、かすかな笑い,薄笑いは、相手を軽く見るような、かすかな笑いです。
140,vocab1300_p028_003,28,meaning_context,,典型的,てんけいてき,鼻水とせきが出るのは、典型的な風邪の症状です。,,典型的 の意味はどれ？,"[""いい気になること"", ""あるものの特徴をよく表しているようす"", ""じゃまをすること"", ""かすかに笑うこと""]",1,あるものの特徴をよく表しているようす,典型的は、あるものの特徴をよく表しているようすです。
141,vocab1300_p028_004,28,meaning_context,,思い上がる,おもいあがる,一度ほめられただけで思い上がらず、練習を続けることが大切です。,,思い上がる の意味はどれ？,"[""人のじゃまをすること"", ""見て見ぬふりをすること"", ""両方ともだめになること"", ""自分をえらいと思いすぎて、いい気になること""]",3,自分をえらいと思いすぎて、いい気になること,思い上がるは、自分をえらいと思いすぎて、いい気になることです。
142,vocab1300_p028_005,28,meaning_context,,足を引っ張る,あしをひっぱる,ふざけてばかりいると、チームの足を引っ張ってしまいます。,,足を引っ張る の意味はどれ？,"[""相手を軽く見て笑うこと"", ""うまくいっている人のじゃまをすること"", ""特徴をよく表すこと"", ""自分をえらいと思うこと""]",1,うまくいっている人のじゃまをすること,足を引っ張るは、うまくいっている人やチームのじゃまをすることです。
143,vocab1300_p028_006,28,meaning_context,,見過ごす,みすごす,友だちが困っているのに気づいたので、見過ごさずに声をかけました。,,見過ごす の意味はどれ？,"[""人のじゃまをすること"", ""いい気になること"", ""気づいているのに、そのままにすること"", ""特徴を表すこと""]",2,気づいているのに、そのままにすること,見過ごすは、気づいているのに、そのままにすることです。
144,vocab1300_p029_001,29,meaning_context,,おももち,おももち,結果を待つあいだ、青ちゃんは不安なおももちでした。,,おももち の意味はどれ？,"[""心が広くやさしいこと"", ""気持ちが表れた顔つきや表情"", ""断ること"", ""証拠になるもの""]",1,気持ちが表れた顔つきや表情,おももちは、気持ちや心情が表れた顔つきや表情のことです。
145,vocab1300_p029_002,29,meaning_context,,地団駄を踏む,じだんだをふむ,あと少しで勝てたのに負けてしまい、弟は地団駄を踏みました。,,地団駄を踏む の意味はどれ？,"[""悔しさで足を踏み鳴らすこと"", ""うまい言葉で相手を動かすこと"", ""心が広いこと"", ""証拠を見せること""]",0,悔しさで足を踏み鳴らすこと,地団駄を踏むは、悔しさで足を踏み鳴らすことです。
146,vocab1300_p029_003,29,meaning_context,,寛大,かんだい,先生は、失敗した友だちにも寛大な態度で話を聞きました。,,寛大 の意味はどれ？,"[""断ること"", ""事実を示すもの"", ""心が広く、やさしいこと"", ""悔しがること""]",2,心が広く、やさしいこと,寛大は、心が広く、やさしいことです。
147,vocab1300_p029_004,29,meaning_context,,拒否,きょひ,その申し出は自分に合わないと思い、きっぱり拒否しました。,,拒否 の意味はどれ？,"[""相手を操ること"", ""顔つきのこと"", ""心が広いこと"", ""断ること""]",3,断ること,拒否は、相手の申し出などを断ることです。
148,vocab1300_p029_005,29,meaning_context,,証,あかし,毎日練習したノートは、努力の証です。,,証 の意味はどれ？,"[""顔に出た気持ち"", ""断ること"", ""事実であると証明するもの"", ""悔しがること""]",2,事実であると証明するもの,証は、事実であると証明するもの、証拠のことです。
149,vocab1300_p029_006,29,meaning_context,,丸め込む,まるめこむ,うまい言葉で友だちを丸め込んで、自分だけ楽をするのはよくありません。,,丸め込む の意味はどれ？,"[""うまい言葉で、自分に都合よく相手を操ること"", ""心が広くやさしいこと"", ""証拠を見せること"", ""断ること""]",0,うまい言葉で、自分に都合よく相手を操ること,丸め込むは、うまい言葉で、自分に都合のよいように相手を操ることです。
150,vocab1300_p030_001,30,meaning_context,,まんべんなく,まんべんなく,パンにジャムをまんべんなくぬりました。,,まんべんなく の意味はどれ？,"[""理由もなく嫌って"", ""戦うためのやり方で"", ""すみずみまで同じように"", ""大事な点から外れて""]",2,すみずみまで同じように,まんべんなくは、すみずみまで同じように行き届いているようすです。
151,vocab1300_p030_002,30,meaning_context,,内弁慶,うちべんけい,弟は学校では静かなのに、家ではいばるので内弁慶です。,,内弁慶 の意味はどれ？,"[""違いや差があること"", ""大事な点から外れていること"", ""勝つためのやり方"", ""外ではおとなしいのに、家ではいばる人""]",3,外ではおとなしいのに、家ではいばる人,内弁慶は、外ではおとなしいのに、家の中ではいばっている人のことです。
152,vocab1300_p030_003,30,meaning_context,,的外れ,まとはずれ,質問と関係のない答えだったので、少し的外れでした。,,的外れ の意味はどれ？,"[""理由もなく嫌うこと"", ""大事な点から外れていること"", ""すみずみまで行き届くこと"", ""家の中でいばる人""]",1,大事な点から外れていること,的外れは、大事な点から外れていることです。
153,vocab1300_p030_004,30,meaning_context,,戦法,せんぽう,相手の動きを見て、試合の戦法を変えました。,,戦法 の意味はどれ？,"[""戦い方、勝つためのやり方"", ""違いがあること"", ""理由なく嫌うこと"", ""大事な点を外すこと""]",0,戦い方、勝つためのやり方,戦法は、戦い方や、勝つためのやり方のことです。
154,vocab1300_p030_005,30,meaning_context,,異なる,ことなる,同じクラスでも、一人ひとり好きな本は異なります。,,異なる の意味はどれ？,"[""家の中だけでいばること"", ""違いや差があること"", ""勝つためのやり方"", ""すみずみまで行き届くこと""]",1,違いや差があること,異なるは、違いや差があることです。
155,vocab1300_p030_006,30,meaning_context,,毛嫌い,けぎらい,食べたことがないのに、その野菜を毛嫌いするのはもったいないです。,,毛嫌い の意味はどれ？,"[""大事な点から外れること"", ""差があること"", ""はっきりした理由もなく嫌うこと"", ""戦い方を考えること""]",2,はっきりした理由もなく嫌うこと,毛嫌いは、はっきりした理由もなく嫌うことです。
156,vocab1300_p031_001,31,meaning_context,,軽はずみ,かるはずみ,よく考えずに軽はずみなことを言って、友だちを傷つけてしまいました。,,軽はずみ の意味はどれ？,"[""途中でついていけなくなること"", ""泣きそうになって目に涙がたまること"", ""よく考えずに何かをすること"", ""参加する人たちのこと""]",2,よく考えずに何かをすること,軽はずみは、調子に乗って、よく考えずに何かをすることです。
157,vocab1300_p031_002,31,meaning_context,,鼻であしらう,はなであしらう,まじめに相談したのに、相手は鼻であしらうような返事をしました。,,鼻であしらう の意味はどれ？,"[""冷たい態度で相手を軽く扱うこと"", ""何かをしたくて待ちきれないこと"", ""途中で抜け落ちること"", ""目に涙がたまること""]",0,冷たい態度で相手を軽く扱うこと,鼻であしらうは、冷たい態度や言葉で、相手を軽く扱うことです。
158,vocab1300_p031_003,31,meaning_context,,顔ぶれ,かおぶれ,発表会には、ピアノが上手な子や歌が好きな子など、楽しい顔ぶれがそろいました。,,顔ぶれ の意味はどれ？,"[""よく考えずに動くこと"", ""冷たく相手を扱うこと"", ""何かに参加する人たち"", ""泣きそうな目になること""]",2,何かに参加する人たち,顔ぶれは、何かに参加する人たち、メンバーのことです。
159,vocab1300_p031_004,31,meaning_context,,うずうずする,うずうずする,休み時間になったら外で遊びたくて、青ちゃんはうずうずしていました。,,うずうずする の意味はどれ？,"[""途中でついていけなくなること"", ""参加する人たちのこと"", ""相手を軽く扱うこと"", ""何かをしたくて待ちきれないようす""]",3,何かをしたくて待ちきれないようす,うずうずするは、何かをしたくて、じっと待っていられないようすです。
160,vocab1300_p031_005,31,meaning_context,,目をうるませる,めをうるませる,友だちから手紙をもらって、妹は目をうるませました。,,目をうるませる の意味はどれ？,"[""何かをしたくて待ちきれないこと"", ""泣きそうになって目に涙がたまること"", ""よく考えずに何かをすること"", ""冷たく相手を扱うこと""]",1,泣きそうになって目に涙がたまること,目をうるませるは、泣きそうになって、目に涙がたまることです。
161,vocab1300_p031_006,31,meaning_context,,脱落,だつらく,途中で体力がなくなり、マラソン大会から脱落してしまいました。,,脱落 の意味はどれ？,"[""参加する人たちのこと"", ""泣きそうな目になること"", ""途中で抜け落ちること"", ""冷たく相手を扱うこと""]",2,途中で抜け落ちること,脱落は、途中で抜け落ちたり、ついていけなくなったりすることです。
162,vocab1300_p032_001,32,meaning_context,,晴れがましい,はれがましい,表彰式で名前を呼ばれて、少し晴れがましい気持ちになりました。,,晴れがましい の意味はどれ？,"[""もぞもぞと動くようす"", ""華やかで、注目される状態"", ""他の人よりも優れていること"", ""考えるときの視点""]",1,華やかで、注目される状態,晴れがましいは、華やかで、注目される状態を表します。
163,vocab1300_p032_002,32,meaning_context,,栄える,さかえる,駅ができて人が増え、その町は少しずつ栄えていきました。,,栄える の意味はどれ？,"[""ユーモアがあること"", ""物事を見るときの視点"", ""人や町の勢いがさかんになること"", ""他の人より優れていること""]",2,人や町の勢いがさかんになること,栄えるは、人や町などの勢いがさかんになることです。
164,vocab1300_p032_003,32,meaning_context,,ユーモラス,ユーモラス,先生のユーモラスな話に、教室のみんなが笑いました。,,ユーモラス の意味はどれ？,"[""もぞもぞと動くようす"", ""華やかで注目されること"", ""勢いがさかんになること"", ""面白さがあるようす""]",3,面白さがあるようす,ユーモラスは、面白さがあるようす、ユーモアがあるようすです。
165,vocab1300_p032_004,32,meaning_context,,秀でる,ひいでる,その子は絵をかく力に秀でていて、作品がいつも目を引きます。,,秀でる の意味はどれ？,"[""他の人よりも優れていること"", ""面白さがあること"", ""視点を変えること"", ""町がにぎわうこと""]",0,他の人よりも優れていること,秀でるは、他の人よりも優れていることです。
166,vocab1300_p032_005,32,meaning_context,,うごめく,うごめく,土の中で小さな虫がうごめいていました。,,うごめく の意味はどれ？,"[""華やかに注目されること"", ""もぞもぞと動くこと"", ""他より優れていること"", ""面白さがあること""]",1,もぞもぞと動くこと,うごめくは、もぞもぞと動くことです。
167,vocab1300_p032_006,32,meaning_context,,観点,かんてん,友だちの観点から考えると、ちがう見方ができました。,,観点 の意味はどれ？,"[""人や町がさかんになること"", ""面白さがあるようす"", ""物事を見たり考えたりするときの視点"", ""もぞもぞと動くこと""]",2,物事を見たり考えたりするときの視点,観点は、物事を見たり考えたりするときの基本となる視点のことです。
168,vocab1300_p033_001,33,meaning_context,,障害,しょうがい,大きな石が道の真ん中にあり、進むための障害になっていました。,,障害 の意味はどれ？,"[""行く手をはばむもの"", ""歩くときの調子"", ""心のこもらないようす"", ""相手の気持ちを思いやること""]",0,行く手をはばむもの,障害は、行く手をはばむもの、じゃまをするもののことです。
169,vocab1300_p033_002,33,meaning_context,,かさばる,かさばる,冬の上着は大きいので、ランドセルに入れるとかさばります。,,かさばる の意味はどれ？,"[""心がこもっていないようす"", ""量が多くなって場所を取ること"", ""文句をつけること"", ""相手を思いやること""]",1,量が多くなって場所を取ること,かさばるは、量が多くなって、場所を取ることです。
170,vocab1300_p033_003,33,meaning_context,,察する,さっする,友だちが元気のない顔をしていたので、何かあったのだと察しました。,,察する の意味はどれ？,"[""歩くときの調子"", ""場所を取ること"", ""相手の気持ちや事情を想像して思いやること"", ""筋の通らない文句を言うこと""]",2,相手の気持ちや事情を想像して思いやること,察するは、相手の気持ちや事情を想像して思いやることです。
171,vocab1300_p033_004,33,meaning_context,,足取り,あしどり,遠足の日、みんなは軽い足取りで学校を出発しました。,,足取り の意味はどれ？,"[""場所を取ること"", ""行く手をはばむもの"", ""心がこもらないこと"", ""歩くときの調子""]",3,歩くときの調子,足取りは、歩くときの調子のことです。
172,vocab1300_p033_005,33,meaning_context,,言いがかり,いいがかり,何もしていないのに責められて、言いがかりだと思いました。,,言いがかり の意味はどれ？,"[""歩くときの調子"", ""筋の通らない文句をつけること"", ""相手の気持ちを思いやること"", ""場所を取ること""]",1,筋の通らない文句をつけること,言いがかりは、筋の通らない文句をつけることです。いちゃもんをつけることとも言います。
173,vocab1300_p033_006,33,meaning_context,,とってつけたよう,とってつけたよう,とってつけたようなお礼ではなく、気持ちをこめて言いたいです。,,とってつけたよう の意味はどれ？,"[""行く手をはばむようす"", ""場所を取るようす"", ""形だけで心がこもっていないようす"", ""相手を思いやるようす""]",2,形だけで心がこもっていないようす,とってつけたようは、形だけで、心がこもっていないようすです。
174,vocab1300_p034_001,34,meaning_context,,ひたむき,ひたむき,その選手は、最後までひたむきにボールを追いかけました。,,ひたむき の意味はどれ？,"[""考えすぎること"", ""一生使えるくらい価値があること"", ""一所懸命に何かに取り組むようす"", ""失敗を大目に見ること""]",2,一所懸命に何かに取り組むようす,ひたむきは、一所懸命に何かに取り組むようすです。
175,vocab1300_p034_002,34,meaning_context,,一生もの,いっしょうもの,祖母からもらった時計は、大切に使えば一生ものです。,,一生もの の意味はどれ？,"[""押しつけられること"", ""一生使えるくらい価値があるもの"", ""結果がはっきりしていること"", ""心配しすぎること""]",1,一生使えるくらい価値があるもの,一生ものは、一生使えるくらい価値があり、立派なもののことです。
176,vocab1300_p034_003,34,meaning_context,,おしきせ,おしきせ,やり方を自分で考えたいのに、おしきせの方法だけを命じられて困りました。,,おしきせ の意味はどれ？,"[""失敗を見て見ぬふりすること"", ""一所懸命に取り組むこと"", ""上の者から有無を言わさず押しつけられること"", ""結果が明らかなこと""]",2,上の者から有無を言わさず押しつけられること,おしきせは、上の者から有無を言わさず押しつけられることです。
177,vocab1300_p034_004,34,meaning_context,,火を見るよりも明らか,ひをみるよりもあきらか,このまま練習をしなければ、試合で困るのは火を見るよりも明らかです。,,火を見るよりも明らか の意味はどれ？,"[""考えすぎていること"", ""一生使えるもの"", ""大目に見ること"", ""結果がはっきりしていて疑う余地がないこと""]",3,結果がはっきりしていて疑う余地がないこと,火を見るよりも明らかは、結果がはっきりしていて、疑う余地がないという意味です。
178,vocab1300_p034_005,34,meaning_context,,目をつぶる,めをつぶる,小さなまちがいだったので、今回は目をつぶることにしました。,,目をつぶる の意味はどれ？,"[""失敗やミスを大目に見ること"", ""心配しすぎること"", ""無理に押しつけること"", ""一所懸命に取り組むこと""]",0,失敗やミスを大目に見ること,目をつぶるは、失敗やミスを見て見ぬふりをしたり、大目に見たりすることです。
179,vocab1300_p034_006,34,meaning_context,,思い過ごし,おもいすごし,友だちが怒っていると思ったけれど、あとで聞いたら思い過ごしでした。,,思い過ごし の意味はどれ？,"[""一生使えるもの"", ""結果がはっきりしていること"", ""考えすぎること、心配しすぎること"", ""押しつけられること""]",2,考えすぎること、心配しすぎること,思い過ごしは、考えすぎることや、心配しすぎることです。
180,vocab1300_p035_001,35,meaning_context,,息抜き,いきぬき,長く勉強したあと、少しだけ散歩をして息抜きしました。,,息抜き の意味はどれ？,"[""家族や親戚のこと"", ""実際より高く評価すること"", ""気分転換にひと休みすること"", ""逆に恨まれること""]",2,気分転換にひと休みすること,息抜きは、気分転換にひと休みすることです。
181,vocab1300_p035_002,35,meaning_context,,冷静,れいせい,急に予定が変わっても、先生は冷静にみんなへ説明しました。,,冷静 の意味はどれ？,"[""気持ちや態度が落ち着いているようす"", ""自分だけが正しいと思うこと"", ""親しい家族や親戚"", ""気分転換に休むこと""]",0,気持ちや態度が落ち着いているようす,冷静は、気持ちや態度が落ち着いているようすです。
182,vocab1300_p035_003,35,meaning_context,,逆恨み,さかうらみ,危ないことを注意しただけなのに、相手に逆恨みされてしまいました。,,逆恨み の意味はどれ？,"[""気分転換に休むこと"", ""実際より高く評価すること"", ""相手に逆に恨まれること"", ""親しい親戚のこと""]",2,相手に逆に恨まれること,逆恨みは、こちらが恨みたいくらいの相手に、逆に恨まれることです。
183,vocab1300_p035_004,35,meaning_context,,身内,みうち,身内だけで集まって、おじいちゃんの誕生日を祝いました。,,身内 の意味はどれ？,"[""気持ちが落ち着いていること"", ""親しい親戚や家族"", ""自分だけが正しいと思うこと"", ""逆に恨まれること""]",1,親しい親戚や家族,身内は、親しい親戚や家族のことです。
184,vocab1300_p035_005,35,meaning_context,,過大評価,かだいひょうか,その絵はすてきですが、世界一だと言うのは少し過大評価かもしれません。,,過大評価 の意味はどれ？,"[""自分だけが正しいと思うこと"", ""気分転換に休むこと"", ""実際よりも価値を高く評価すること"", ""家族や親戚のこと""]",2,実際よりも価値を高く評価すること,過大評価は、実際よりも価値を高く評価することです。買いかぶることとも言います。
185,vocab1300_p035_006,35,meaning_context,,独り善がり,ひとりよがり,みんなの意見を聞かずに決めるのは、独り善がりなやり方です。,,独り善がり の意味はどれ？,"[""相手に逆に恨まれること"", ""実際より高く評価すること"", ""親しい家族のこと"", ""自分だけが正しいと決めて、周りの意見を聞かないこと""]",3,自分だけが正しいと決めて、周りの意見を聞かないこと,独り善がりは、自分だけが正しいと決めて、周りの意見を聞かないことです。
186,vocab1300_p036_001,36,meaning_context,,明け暮れる,あけくれる,夏休みの間、兄は自由研究の実験に明け暮れました。,,明け暮れる の意味はどれ？,"[""頼りなくて不安なようす"", ""ほんの少ししかないこと"", ""一つのことに集中してやり続けること"", ""上の人が下の人に何かを与えること""]",2,一つのことに集中してやり続けること,明け暮れるは、一つのことに集中して、毎日そればかりをすることです。
187,vocab1300_p036_002,36,meaning_context,,好奇心,こうきしん,青ちゃんは、知らない虫を見つけると好奇心いっぱいで観察します。,,好奇心 の意味はどれ？,"[""知らないことに興味を持つ心"", ""繊細で傷つきやすいこと"", ""頼りなくて不安なこと"", ""集中して続けること""]",0,知らないことに興味を持つ心,好奇心は、知らないことに興味を持つ心です。
188,vocab1300_p036_003,36,meaning_context,,なけなし,なけなし,なけなしのおこづかいで、母への小さなプレゼントを買いました。,,なけなし の意味はどれ？,"[""知らないことに興味を持つ心"", ""ほんの少ししかないこと"", ""上の人から何かをもらうこと"", ""繊細で傷つきやすいこと""]",1,ほんの少ししかないこと,なけなしは、ほんの少ししかないという意味です。
189,vocab1300_p036_004,36,meaning_context,,デリケート,デリケート,その花はデリケートなので、そっと持たないとすぐ傷みます。,,デリケート の意味はどれ？,"[""集中してやり続けること"", ""頼りなくて不安なようす"", ""上の人が何かを与えること"", ""繊細で、取り扱いに注意が必要なようす""]",3,繊細で、取り扱いに注意が必要なようす,デリケートは、繊細で傷つきやすく、取り扱いに注意が必要なようすです。
190,vocab1300_p036_005,36,meaning_context,,心もとない,こころもとない,初めて一人で電車に乗るのは、少し心もとない気持ちでした。,,心もとない の意味はどれ？,"[""頼りなくて、不安なようす"", ""知らないことに興味を持つ心"", ""少ししかないこと"", ""傷つきやすいこと""]",0,頼りなくて、不安なようす,心もとないは、頼りなくて、不安なようすです。
191,vocab1300_p036_006,36,meaning_context,,授ける,さずける,校長先生は、代表の子に賞状を授けました。,,授ける の意味はどれ？,"[""頼りなくて不安になること"", ""繊細で傷つきやすいこと"", ""上の人が下の人に何かを与えること"", ""一つのことを続けること""]",2,上の人が下の人に何かを与えること,授けるは、地位や年齢が上の人が、下の人に何かを与えることです。
192,vocab1300_p037_001,37,meaning_context,animal_idiom_word,犬も食わない,いぬもくわない,小さなけんかの話を長く続けても、まわりの人は犬も食わないという顔をしていました。,,犬も食わない の意味はどれ？,"[""気が合うこと"", ""だれも相手にしないこと"", ""とても忙しいこと"", ""時には失敗するというたとえ""]",1,だれも相手にしないこと,犬も食わないは、だれも相手にしないという意味です。
193,vocab1300_p037_002,37,meaning_context,animal_idiom_word,馬が合う,うまがあう,その友だちとは好きな本も遊び方も似ていて、馬が合います。,,馬が合う の意味はどれ？,"[""相手の言葉をそのまま返すこと"", ""客がいなくてさびれていること"", ""気が合うこと"", ""だれも相手にしないこと""]",2,気が合うこと,馬が合うは、気が合うという意味です。
194,vocab1300_p037_003,37,meaning_context,animal_idiom_word,閑古鳥が鳴く,かんこどりがなく,雨の日の公園の売店は、閑古鳥が鳴くように静かでした。,,閑古鳥が鳴く の意味はどれ？,"[""とても忙しいこと"", ""気が合うこと"", ""相手にしないこと"", ""客がいなくてさびれているようす""]",3,客がいなくてさびれているようす,閑古鳥が鳴くは、店などに客がいなくて、さびれているようすです。
195,vocab1300_p037_004,37,meaning_context,animal_idiom_word,猿も木から落ちる,さるもきからおちる,計算が得意な兄もまちがえました。猿も木から落ちるですね。,,猿も木から落ちる の意味はどれ？,"[""得意な人でも、時には失敗するというたとえ"", ""だれも相手にしないこと"", ""客がいなくて静かなこと"", ""気が合うこと""]",0,得意な人でも、時には失敗するというたとえ,猿も木から落ちるは、その道の得意な人でも、時には失敗するというたとえです。
196,vocab1300_p037_005,37,meaning_context,animal_idiom_word,おうむ返し,おうむがえし,先生の質問に、友だちは言われた言葉をおうむ返しに答えました。,,おうむ返し の意味はどれ？,"[""時には失敗するというたとえ"", ""相手が言ったことをそのまま返すこと"", ""客がいないこと"", ""だれかの助けを借りたいこと""]",1,相手が言ったことをそのまま返すこと,おうむ返しは、相手が言ったことを、そのまま返すことです。
197,vocab1300_p037_006,37,meaning_context,animal_idiom_word,猫の手も借りたい,ねこのてもかりたい,発表会の準備で、先生たちは猫の手も借りたいほど忙しそうでした。,,猫の手も借りたい の意味はどれ？,"[""気が合うこと"", ""得意な人でも失敗すること"", ""とても忙しくて、だれかの助けを借りたいようす"", ""相手にしないこと""]",2,とても忙しくて、だれかの助けを借りたいようす,猫の手も借りたいは、とても忙しくて、だれかの助けを借りたいようすです。
198,vocab1300_p039_001,39,meaning_context,,依然として,いぜんとして,雨はやみましたが、川の水は依然として多いままでした。,,依然として の意味はどれ？,"[""あいかわらず"", ""とても大切な"", ""危なっかしい"", ""こっそり満足して笑う""]",0,あいかわらず,依然としては、あいかわらず、前と同じ状態が続いているようすです。
199,vocab1300_p039_002,39,meaning_context,,たどたどしい,たどたどしい,習い始めたばかりなので、妹のピアノはまだたどたどしい演奏です。,,たどたどしい の意味はどれ？,"[""前と同じ状態で"", ""危なっかしく、ぎこちないようす"", ""感情的にならず落ち着いたようす"", ""代わりがないこと""]",1,危なっかしく、ぎこちないようす,たどたどしいは、慣れていなくて、危なっかしくぎこちないようすです。
200,vocab1300_p039_003,39,meaning_context,,ほくそ笑む,ほくそえむ,作戦がうまくいき、兄は一人でほくそ笑みました。,,ほくそ笑む の意味はどれ？,"[""危険なことが起きそうなようす"", ""代わりがなく大切なこと"", ""思い通りになって、こっそり満足して笑うこと"", ""ぎこちなく動くこと""]",2,思い通りになって、こっそり満足して笑うこと,ほくそ笑むは、思い通りになって、一人でこっそり満足して笑うことです。
201,vocab1300_p039_004,39,meaning_context,,かけがえのない,かけがえのない,家族と過ごす時間は、かけがえのないものです。,,かけがえのない の意味はどれ？,"[""代わりがなく、とても大切な"", ""危なっかしい"", ""あいかわらず"", ""危険なことが起きそうな""]",0,代わりがなく、とても大切な,かけがえのないは、代わりがなく、とても大切なという意味です。
202,vocab1300_p039_005,39,meaning_context,,淡々と,たんたんと,試合に負けても、先生は淡々と次の練習について話しました。,,淡々と の意味はどれ？,"[""ぎこちなく"", ""感情的にならず、落ち着いて"", ""こっそり満足して"", ""危険そうに""]",1,感情的にならず、落ち着いて,淡々とは、感情的にならず、落ち着いているようすです。
203,vocab1300_p039_006,39,meaning_context,,物騒,ぶっそう,夜の道で大きな音が続き、少し物騒な感じがしました。,,物騒 の意味はどれ？,"[""あいかわらず"", ""大切で代わりがないこと"", ""落ち着いているようす"", ""危険なことが起きそうなようす""]",3,危険なことが起きそうなようす,物騒は、危険なことが起きそうで、落ち着かないようすです。
204,vocab1300_p040_001,40,meaning_context,,腹黒い,はらぐろい,やさしそうに見えても、人をだますつもりなら腹黒い考えです。,,腹黒い の意味はどれ？,"[""自然に起こること"", ""予想外でまごつくこと"", ""相手を見下すこと"", ""悪い考えを持っているようす""]",3,悪い考えを持っているようす,腹黒いは、悪い考えを持っていて、性格がひねくれているようすです。
205,vocab1300_p040_002,40,meaning_context,,刷新,さっしん,学校のルールをよりよくするために、委員会で内容を刷新しました。,,刷新 の意味はどれ？,"[""一緒に生じること"", ""悪いところを改めて新しくすること"", ""相手を軽蔑すること"", ""自然にそうなること""]",1,悪いところを改めて新しくすること,刷新は、悪いところをなくしたり改めたりして、新しくすることです。
206,vocab1300_p040_003,40,meaning_context,,おのずと,おのずと,毎日練習していると、おのずとコツが分かってきます。,,おのずと の意味はどれ？,"[""相手を見下して"", ""悪い考えを持って"", ""自然に、ひとりでに"", ""予想外でまごついて""]",2,自然に、ひとりでに,おのずとは、自然に、ひとりでに、という意味です。
207,vocab1300_p040_004,40,meaning_context,,さげすむ,さげすむ,できない人をさげすむのではなく、どうしたらできるか一緒に考えたいです。,,さげすむ の意味はどれ？,"[""相手を見下して軽蔑すること"", ""自然に分かること"", ""一緒に生じること"", ""悪いところを直すこと""]",0,相手を見下して軽蔑すること,さげすむは、相手を見下して、軽蔑することです。
208,vocab1300_p040_005,40,meaning_context,,伴う,ともなう,新しいことに挑戦すると、失敗も伴うことがあります。,,伴う の意味はどれ？,"[""予想外でまごつくこと"", ""悪い考えを持つこと"", ""ある事柄と一緒に生じること"", ""相手を見下すこと""]",2,ある事柄と一緒に生じること,伴うは、ある事柄と一緒に生じることです。
209,vocab1300_p040_006,40,meaning_context,,とまどう,とまどう,急に発表の順番が変わり、少しとまどいました。,,とまどう の意味はどれ？,"[""自然にそうなること"", ""予想外のことにまごつくこと"", ""悪いところを改めること"", ""一緒に起こること""]",1,予想外のことにまごつくこと,とまどうは、予想外のことにまごつくことです。
210,vocab1300_p041_001,41,meaning_context,,逆上,ぎゃくじょう,ひどいことを言われても、逆上せずに落ち着いて話しました。,,逆上 の意味はどれ？,"[""きれいに着飾ること"", ""心や体に負担がかかること"", ""怒りで興奮し、正しく判断できなくなること"", ""知り合いが多いこと""]",2,怒りで興奮し、正しく判断できなくなること,逆上は、怒りのために興奮して、正しく判断できなくなることです。
211,vocab1300_p041_002,41,meaning_context,,いそいそと,いそいそと,妹は、新しいぬいぐるみを持って、いそいそと部屋へ向かいました。,,いそいそと の意味はどれ？,"[""うれしそうに、はりきって"", ""怒って興奮して"", ""心や体がつらくて"", ""この上なく尊敬して""]",0,うれしそうに、はりきって,いそいそとは、うれしそうに、はりきって何かをするようすです。
212,vocab1300_p041_003,41,meaning_context,,めかす,めかす,発表会の日、姉はワンピースを着て、少しめかしていました。,,めかす の意味はどれ？,"[""人を広く知っていること"", ""きれいに着飾ること"", ""心や体が疲れること"", ""うれしそうに出かけること""]",1,きれいに着飾ること,めかすは、きれいに着飾ることです。
213,vocab1300_p041_004,41,meaning_context,,顔が広い,かおがひろい,母は顔が広いので、町のいろいろな人と知り合いです。,,顔が広い の意味はどれ？,"[""怒りで興奮すること"", ""きれいに着飾ること"", ""知り合いが多く、交友関係が広いこと"", ""心や体に負担がかかること""]",2,知り合いが多く、交友関係が広いこと,顔が広いは、知り合いが多く、交友関係が広いことです。
214,vocab1300_p041_005,41,meaning_context,,ストレス,ストレス,宿題が多すぎると、心にも体にもストレスがかかります。,,ストレス の意味はどれ？,"[""この上なく尊敬すること"", ""うれしそうにすること"", ""心や体にとってつらい負担"", ""知り合いが多いこと""]",2,心や体にとってつらい負担,ストレスは、心や体にとってつらく、負担になることです。
215,vocab1300_p041_006,41,meaning_context,,あがめる,あがめる,村の人たちは、昔からその山を大切なものとしてあがめてきました。,,あがめる の意味はどれ？,"[""この上ないものとして尊敬すること"", ""きれいに着飾ること"", ""怒りで判断できなくなること"", ""心や体が疲れること""]",0,この上ないものとして尊敬すること,あがめるは、この上ないものとして尊敬することです。
216,vocab1300_p042_001,42,meaning_context,,生態系,せいたいけい,池の水がよごれると、そこにすむ魚や虫の生態系にも影響があります。,,生態系 の意味はどれ？,"[""その月の最初の十日間"", ""生き物と周りの環境を一体として見たもの"", ""そっくりで間違えやすいこと"", ""人のために事情を説明すること""]",1,生き物と周りの環境を一体として見たもの,生態系は、生き物と周りの環境を、一体として見たものです。
217,vocab1300_p042_002,42,meaning_context,,紛らわしい,まぎらわしい,『犬』と『太』の字は形が似ていて、少し紛らわしいです。,,紛らわしい の意味はどれ？,"[""そっくりで間違えやすいこと"", ""大きな経験をすること"", ""人の指示に従うこと"", ""生き物と環境のつながり""]",0,そっくりで間違えやすいこと,紛らわしいは、そっくりで、間違えやすいことです。
218,vocab1300_p042_003,42,meaning_context,,洗礼を受ける,せんれいをうける,初めての大会で強い相手と当たり、青ちゃんは大きな洗礼を受けました。,,洗礼を受ける の意味はどれ？,"[""その月の最初の十日間"", ""そばで働くこと"", ""その後に影響する大きな経験をすること"", ""事情を説明して助けること""]",2,その後に影響する大きな経験をすること,洗礼を受けるは、その後の考え方などに影響する大きな経験をすることです。
219,vocab1300_p042_004,42,meaning_context,,上旬,じょうじゅん,六月の上旬に、学校でプール開きがあります。,,上旬 の意味はどれ？,"[""そっくりで間違えやすいこと"", ""その月の最初の十日間"", ""人のために説明すること"", ""生き物と環境のつながり""]",1,その月の最初の十日間,上旬は、その月の最初の十日間のことです。
220,vocab1300_p042_005,42,meaning_context,,弁護,べんご,友だちが誤解されていたので、先生に事情を話して弁護しました。,,弁護 の意味はどれ？,"[""そばにいて指示に従うこと"", ""人のためになるよう事情を説明し助けること"", ""大きな経験をすること"", ""月の初めの十日間""]",1,人のためになるよう事情を説明し助けること,弁護は、その人のためになるように事情を説明し、助けることです。
221,vocab1300_p042_006,42,meaning_context,,仕える,つかえる,昔の物語では、家来が王様に仕えていました。,,仕える の意味はどれ？,"[""そばにいて、その人の指示に従って働くこと"", ""生き物と環境を一体として見ること"", ""そっくりで間違えやすいこと"", ""事情を説明して助けること""]",0,そばにいて、その人の指示に従って働くこと,仕えるは、そばにいて、その人の指示に従って働くことです。
222,vocab1300_p043_001,43,meaning_context,,無愛想,ぶあいそう,話しかけても返事が短く、その人は少し無愛想に見えました。,,無愛想 の意味はどれ？,"[""隣に住んでいる人"", ""何もかもすべて"", ""とても喜んでいること"", ""態度や表情がそっけないこと""]",3,態度や表情がそっけないこと,無愛想は、態度や表情がそっけないことです。
223,vocab1300_p043_002,43,meaning_context,,いとおしい,いとおしい,小さな妹が一生懸命に歩く姿を見て、いとおしく感じました。,,いとおしい の意味はどれ？,"[""能力を高めること"", ""たまらなくかわいくて大事にしたいこと"", ""態度がそっけないこと"", ""隣に住んでいる人""]",1,たまらなくかわいくて大事にしたいこと,いとおしいは、たまらなくかわいくて、大事にしたいと思うことです。
224,vocab1300_p043_003,43,meaning_context,,有頂天,うちょうてん,リレーで一位になり、チームのみんなは有頂天になりました。,,有頂天 の意味はどれ？,"[""とても喜んで、舞い上がっていること"", ""何もかもすべて話すこと"", ""態度がそっけないこと"", ""能力を高めること""]",0,とても喜んで、舞い上がっていること,有頂天は、とても喜んで、舞い上がっていることです。
225,vocab1300_p043_004,43,meaning_context,,隣人,りんじん,引っこしてきた隣人に、家族であいさつをしました。,,隣人 の意味はどれ？,"[""大事にしたい人"", ""態度がそっけない人"", ""隣に住んでいる人"", ""喜んでいる人""]",2,隣に住んでいる人,隣人は、隣に住んでいる人のことです。
226,vocab1300_p043_005,43,meaning_context,,あらいざらい,あらいざらい,何があったのか、先生にあらいざらい話しました。,,あらいざらい の意味はどれ？,"[""能力をさらに高めること"", ""とても喜ぶこと"", ""隣に住む人"", ""何もかもすべて""]",3,何もかもすべて,あらいざらいは、何もかもすべてという意味です。
227,vocab1300_p043_006,43,meaning_context,,みがきをかける,みがきをかける,毎日練習して、ピアノの腕にみがきをかけました。,,みがきをかける の意味はどれ？,"[""態度をそっけなくすること"", ""能力をさらに高めるために努力すること"", ""何もかも話すこと"", ""隣に住むこと""]",1,能力をさらに高めるために努力すること,みがきをかけるは、能力をさらに高めるために努力することです。
228,vocab1300_p044_001,44,meaning_context,,ほおを染める,ほおをそめる,みんなの前でほめられて、青ちゃんはほおを染めました。,,ほおを染める の意味はどれ？,"[""恥ずかしさなどで顔が赤くなること"", ""すきまが空いていること"", ""考えや不安がふと浮かぶこと"", ""計画なく動くこと""]",0,恥ずかしさなどで顔が赤くなること,ほおを染めるは、恥ずかしさなどで顔が赤くなることです。
229,vocab1300_p044_002,44,meaning_context,,まばら,まばら,雨の日の公園には、人がまばらにしかいませんでした。,,まばら の意味はどれ？,"[""最初の段階にあること"", ""ぱらぱらとすきまが空いているようす"", ""これ以上はできない限度"", ""顔が赤くなること""]",1,ぱらぱらとすきまが空いているようす,まばらは、ぱらぱらとすきまが空いているようすです。
230,vocab1300_p044_003,44,meaning_context,,関の山,せきのやま,今日は疲れているので、漢字を十個覚えるのが関の山です。,,関の山 の意味はどれ？,"[""考えがふと浮かぶこと"", ""すきまが空いていること"", ""がんばっても、これ以上はできない限度"", ""最初の段階にあること""]",2,がんばっても、これ以上はできない限度,関の山は、がんばっても、これ以上はできないという限度のことです。
231,vocab1300_p044_004,44,meaning_context,,頭をかすめる,あたまをかすめる,発表の前に、『失敗したらどうしよう』という考えが頭をかすめました。,,頭をかすめる の意味はどれ？,"[""計画なく動くこと"", ""顔が赤くなること"", ""最初の段階にあること"", ""考えや不安がふと心に浮かぶこと""]",3,考えや不安がふと心に浮かぶこと,頭をかすめるは、別の考えや不安が、ふと心に浮かぶことです。
232,vocab1300_p044_005,44,meaning_context,,初歩的,しょほてき,これは初歩的なミスなので、次は気をつければ直せます。,,初歩的 の意味はどれ？,"[""まだ最初の段階にあること"", ""考えがふと浮かぶこと"", ""すきまが空いていること"", ""顔が赤くなること""]",0,まだ最初の段階にあること,初歩的は、まだ最初の段階にあることです。
233,vocab1300_p044_006,44,meaning_context,,やみくも,やみくも,やみくもに探すより、まず机の上から順番に探しましょう。,,やみくも の意味はどれ？,"[""これ以上はできないこと"", ""計画なく何かをしようとするようす"", ""顔が赤くなること"", ""すきまが空いていること""]",1,計画なく何かをしようとするようす,やみくもは、きちんとした考えや計画もなく、何かをしようとするようすです。
234,vocab1300_p045_001,45,meaning_context,,有り様,ありさま,発表会の有り様を、家族にくわしく話しました。,,有り様 の意味はどれ？,"[""物事の状態や様子"", ""良いことと悪いこと"", ""月末の十日間"", ""過去に戻ること""]",0,物事の状態や様子,有り様は、物事の状態や様子のことです。
235,vocab1300_p045_002,45,meaning_context,,下旬,げじゅん,八月の下旬には、夏休みの終わりが近づいてきます。,,下旬 の意味はどれ？,"[""向いていないこと"", ""月末の十日間"", ""言い換えればということ"", ""良いことと悪いこと""]",1,月末の十日間,下旬は、月末の十日間のことです。
236,vocab1300_p045_003,45,meaning_context,,善悪,ぜんあく,小さい子にも、少しずつ善悪の区別を教えることが大切です。,,善悪 の意味はどれ？,"[""過去に戻ること"", ""合わないこと"", ""良いことと悪いこと"", ""物事の状態""]",2,良いことと悪いこと,善悪は、良いことと悪いことのことです。
237,vocab1300_p045_004,45,meaning_context,,不向き,ふむき,細かい作業が苦手なので、わたしにはこの係は少し不向きです。,,不向き の意味はどれ？,"[""月末の十日間"", ""合わないこと、向いていないこと"", ""言い換えればということ"", ""良いことと悪いこと""]",1,合わないこと、向いていないこと,不向きは、合わないこと、向いていないことです。
238,vocab1300_p045_005,45,meaning_context,,とりも直さず,とりもなおさず,毎日少しずつ続けることは、とりも直さず力をつける近道です。,,とりも直さず の意味はどれ？,"[""物事の状態"", ""月末の十日間"", ""言い換えれば、つまり"", ""過去に戻ること""]",2,言い換えれば、つまり,とりも直さずは、言い換えれば、すなわち、つまり、という意味です。
239,vocab1300_p045_006,45,meaning_context,,さかのぼる,さかのぼる,この話の始まりは、三年前までさかのぼります。,,さかのぼる の意味はどれ？,"[""過去の事柄に戻ること"", ""良いことと悪いこと"", ""合わないこと"", ""言い換えること""]",0,過去の事柄に戻ること,さかのぼるは、過去の事柄に戻ることです。
240,vocab1300_p046_001,46,meaning_context,,露骨,ろこつ,友だちの発表を聞いて、つまらなそうな顔を露骨に出すのはよくありません。,,露骨 の意味はどれ？,"[""自分の好きなようにするようす"", ""後悔すること"", ""感情や考えをかくさず出すようす"", ""作業のはかどりぐあい""]",2,感情や考えをかくさず出すようす,露骨は、感情や考えをかくさずにはっきり出すようすです。
241,vocab1300_p046_002,46,meaning_context,,くちびるをかむ,くちびるをかむ,あと少しで勝てたのに負けてしまい、青ちゃんはくちびるをかみました。,,くちびるをかむ の意味はどれ？,"[""先を考えず無茶をすること"", ""悔しさや怒りをこらえること"", ""気ままに楽しむこと"", ""能率が上がること""]",1,悔しさや怒りをこらえること,くちびるをかむは、悔しさや怒りをこらえることです。
242,vocab1300_p046_003,46,meaning_context,,悔いる,くいる,言いすぎたことを悔いて、あとで友だちにあやまりました。,,悔いる の意味はどれ？,"[""あとから残念に思い、後悔すること"", ""作業がはかどること"", ""感情をむき出しにすること"", ""自分の好きなようにすること""]",0,あとから残念に思い、後悔すること,悔いるは、あとから残念に思い、後悔することです。
243,vocab1300_p046_004,46,meaning_context,,無謀,むぼう,準備をしないで山に登るのは、無謀な計画です。,,無謀 の意味はどれ？,"[""後悔すること"", ""自分の好きなようにすること"", ""仕事がはかどること"", ""先のことを考えず、無茶をすること""]",3,先のことを考えず、無茶をすること,無謀は、先のことをよく考えず、無茶をすることです。
244,vocab1300_p046_005,46,meaning_context,,能率,のうりつ,机の上を片づけると、勉強の能率が上がりました。,,能率 の意味はどれ？,"[""感情をかくさず出すこと"", ""悔しさをこらえること"", ""仕事や作業のはかどりぐあい"", ""無茶をすること""]",2,仕事や作業のはかどりぐあい,能率は、仕事や作業のはかどりぐあいのことです。
245,vocab1300_p046_006,46,meaning_context,,気まま,きまま,休日は予定を決めず、気ままに本を読んだり散歩したりしました。,,気まま の意味はどれ？,"[""作業がはかどること"", ""自分の好きなようにするようす"", ""あとから後悔すること"", ""悔しさをこらえること""]",1,自分の好きなようにするようす,気ままは、自分の好きなようにするようすです。
246,vocab1300_p047_001,47,meaning_context,,すがすがしい,すがすがしい,朝の公園は空気がきれいで、すがすがしい気持ちになりました。,,すがすがしい の意味はどれ？,"[""すでに作ってあるもの"", ""助けること"", ""すっきりさわやかで気持ちがよいようす"", ""たまらないほどつらいこと""]",2,すっきりさわやかで気持ちがよいようす,すがすがしいは、すっきりさわやかで、気持ちがよいようすです。
247,vocab1300_p047_002,47,meaning_context,,できあい,できあい,今日は時間がなかったので、できあいのおかずを買いました。,,できあい の意味はどれ？,"[""すでに作ってあるもの"", ""大変かわいがること"", ""困って言い訳をすること"", ""手伝うこと""]",0,すでに作ってあるもの,できあいは、すでに作ってあるもの、既製品のことです。
248,vocab1300_p047_003,47,meaning_context,,苦しまぎれ,くるしまぎれ,宿題を忘れて、苦しまぎれに言い訳をしてしまいました。,,苦しまぎれ の意味はどれ？,"[""気持ちがよいこと"", ""助けること"", ""たまらないほどつらいこと"", ""困って、その場を逃れようとすること""]",3,困って、その場を逃れようとすること,苦しまぎれは、困ったり苦しくなったりして、その場を逃れようとすることです。
249,vocab1300_p047_004,47,meaning_context,,目に入れても痛くない,めにいれてもいたくない,祖母は小さな妹を、目に入れても痛くないほどかわいがっています。,,目に入れても痛くない の意味はどれ？,"[""困って言い訳すること"", ""大変かわいがるようす"", ""すでに作ってあるもの"", ""さわやかなこと""]",1,大変かわいがるようす,目に入れても痛くないは、大変かわいがるようすを表します。
250,vocab1300_p047_005,47,meaning_context,,手を貸す,てをかす,重い荷物を持っていた友だちに、少し手を貸しました。,,手を貸す の意味はどれ？,"[""すでに作ること"", ""大変かわいがること"", ""助けること、手伝うこと"", ""我慢できないこと""]",2,助けること、手伝うこと,手を貸すは、助けること、手伝うことです。
251,vocab1300_p047_006,47,meaning_context,,やりきれない,やりきれない,一生懸命に作った作品がこわれてしまい、やりきれない気持ちになりました。,,やりきれない の意味はどれ？,"[""困って言い訳すること"", ""たまらないほどつらい、我慢できないようす"", ""気持ちがよいこと"", ""手伝うこと""]",1,たまらないほどつらい、我慢できないようす,やりきれないは、たまらないほどつらい、我慢できないようすです。
252,vocab1300_p048_001,48,meaning_context,,不可欠,ふかけつ,ケーキを作るには、卵と小麦粉が不可欠です。,,不可欠 の意味はどれ？,"[""半分以上であること"", ""道具を持たないこと"", ""なくてはならないこと"", ""一方をひいきすること""]",2,なくてはならないこと,不可欠は、なくてはならないこと、必ず必要なことです。
253,vocab1300_p048_002,48,meaning_context,,何気ない,なにげない,何気ない一言でも、相手を元気にすることがあります。,,何気ない の意味はどれ？,"[""二つのバランスが取れていること"", ""はっきりした意図や考えがないようす"", ""必ず必要なこと"", ""武器や道具を持たないこと""]",1,はっきりした意図や考えがないようす,何気ないは、はっきりした意図や考えがないようすです。
254,vocab1300_p048_003,48,meaning_context,,釣り合う,つりあう,左右の重さが釣り合うように、荷物を分けました。,,釣り合う の意味はどれ？,"[""一方をひいきすること"", ""大部分であること"", ""武器を持たないこと"", ""二つの物事のバランスが取れていること""]",3,二つの物事のバランスが取れていること,釣り合うは、二つの物事のバランスが取れていることです。
255,vocab1300_p048_004,48,meaning_context,,大半,たいはん,クラスの大半の人が、外で遊ぶことに賛成しました。,,大半 の意味はどれ？,"[""半分以上であること、大部分"", ""なくてはならないこと"", ""考えがないようす"", ""道具を持たないこと""]",0,半分以上であること、大部分,大半は、半分以上であること、大部分という意味です。
256,vocab1300_p048_005,48,meaning_context,,肩を持つ,かたをもつ,けんかの話を聞くとき、どちらか一方の肩を持つのはよくありません。,,肩を持つ の意味はどれ？,"[""武器を持たないこと"", ""必ず必要なこと"", ""一方をひいきすること"", ""大部分であること""]",2,一方をひいきすること,肩を持つは、どちらか一方をひいきすることです。
257,vocab1300_p048_006,48,meaning_context,,素手,すで,熱いなべを素手でさわると危ないので、ミトンを使いましょう。,,素手 の意味はどれ？,"[""二つの物事が安定していること"", ""武器や道具などを何も持っていないこと"", ""一方をひいきすること"", ""はっきりした意図がないこと""]",1,武器や道具などを何も持っていないこと,素手は、武器や道具などを何も持っていないことです。
258,vocab1300_p049_001,49,meaning_context,animal_idiom_word,袋のねずみ,ふくろのねずみ,出口をふさがれて、逃げる場所がなくなり、まるで袋のねずみでした。,,袋のねずみ の意味はどれ？,"[""少ししかないこと"", ""寝たふりをすること"", ""逃げ場を失った状態"", ""お風呂が短いこと""]",2,逃げ場を失った状態,袋のねずみは、逃げ場を失った状態のたとえです。
259,vocab1300_p049_002,49,meaning_context,animal_idiom_word,烏の行水,からすのぎょうずい,弟はお風呂に入ってもすぐ出てくるので、烏の行水です。,,烏の行水 の意味はどれ？,"[""お風呂に入る時間がとても短いこと"", ""いくら言っても効き目がないこと"", ""力のある人の一言で決まること"", ""逃げ場を失うこと""]",0,お風呂に入る時間がとても短いこと,烏の行水は、お風呂に入る時間がとても短いことのたとえです。
260,vocab1300_p049_003,49,meaning_context,animal_idiom_word,狸寝入り,たぬきねいり,名前を呼ばれているのに、弟は狸寝入りをしていました。,,狸寝入り の意味はどれ？,"[""わずかしかないこと"", ""寝たふりをすること"", ""意見が効かないこと"", ""一言で物事が決まること""]",1,寝たふりをすること,狸寝入りは、寝たふりをすることです。
261,vocab1300_p049_004,49,meaning_context,animal_idiom_word,鶴の一声,つるのひとこえ,なかなか決まらなかった話が、先生の鶴の一声で決まりました。,,鶴の一声 の意味はどれ？,"[""寝たふりをすること"", ""逃げ場がないこと"", ""お風呂が短いこと"", ""力のある人の一言で物事が決まること""]",3,力のある人の一言で物事が決まること,鶴の一声は、力のある人の一言で物事が決まってしまうたとえです。
262,vocab1300_p049_005,49,meaning_context,animal_idiom_word,馬の耳に念仏,うまのみみにねんぶつ,何度注意してもふざけてばかりで、馬の耳に念仏でした。,,馬の耳に念仏 の意味はどれ？,"[""少ししかないこと"", ""寝たふりをすること"", ""いくら意見を言っても効き目がないこと"", ""逃げ場がないこと""]",2,いくら意見を言っても効き目がないこと,馬の耳に念仏は、いくら意見を言っても、まったく効き目がないことのたとえです。
263,vocab1300_p049_006,49,meaning_context,animal_idiom_word,雀の涙,すずめのなみだ,おこづかいは残りが雀の涙ほどしかありませんでした。,,雀の涙 の意味はどれ？,"[""わずかしかないこと"", ""お風呂が短いこと"", ""力のある人が決めること"", ""寝たふりをすること""]",0,わずかしかないこと,雀の涙は、わずかしかないことのたとえです。
264,vocab1300_p051_001,51,meaning_context,,無難,ぶなん,暗い道より、人通りの多い道を選ぶ方が無難です。,,無難 の意味はどれ？,"[""心と体のこと"", ""本当のことを隠すこと"", ""危険がなく、安心できること"", ""こわがってびくびくすること""]",2,危険がなく、安心できること,無難は、危険がなく、安心できることです。
265,vocab1300_p051_002,51,meaning_context,,心身,しんしん,よく寝ると、心身の疲れが少し取れます。,,心身 の意味はどれ？,"[""心と体"", ""危険がないこと"", ""筋が通っていること"", ""自分の力をこえていること""]",0,心と体,心身は、心と体のことです。
266,vocab1300_p051_003,51,meaning_context,,ものおじ,ものおじ,青ちゃんはものおじせず、初めて会う子にも話しかけました。,,ものおじ の意味はどれ？,"[""本心を隠してうそを言うこと"", ""こわがったり、びくびくしたりすること"", ""理屈に合うこと"", ""心と体のこと""]",1,こわがったり、びくびくしたりすること,ものおじは、こわがったり、びくびくしたりすることです。
267,vocab1300_p051_004,51,meaning_context,,偽る,いつわる,本当は忘れたのに、やったと偽るのはよくありません。,,偽る の意味はどれ？,"[""安心できること"", ""こわがること"", ""自分の力をこえること"", ""事実や本心を隠して、うそを言うこと""]",3,事実や本心を隠して、うそを言うこと,偽るは、事実や本心を隠して、うそを言うことです。
268,vocab1300_p051_005,51,meaning_context,,身の丈以上,みのたけいじょう,身の丈以上の目標でも、少しずつ近づこうと努力しました。,,身の丈以上 の意味はどれ？,"[""心と体のこと"", ""本来の自分の力や実力をこえていること"", ""危険がないこと"", ""筋が通っていること""]",1,本来の自分の力や実力をこえていること,身の丈以上は、本来の自分の力や実力をこえていることです。
269,vocab1300_p051_006,51,meaning_context,,理にかなう,りにかなう,寒い日に上着を着て出かけるのは、理にかなっています。,,理にかなう の意味はどれ？,"[""うそを言うこと"", ""びくびくすること"", ""筋が通っていて、理屈に合うこと"", ""自分の力をこえること""]",2,筋が通っていて、理屈に合うこと,理にかなうは、筋が通っていて、理屈に合うことです。
270,vocab1300_p052_001,52,meaning_context,,蚊の鳴くような声,かのなくようなこえ,発表のとき、緊張して蚊の鳴くような声になってしまいました。,,蚊の鳴くような声 の意味はどれ？,"[""わざとすること"", ""弱々しくて、とても小さい声"", ""偉そうな態度"", ""一度も会ったことがないこと""]",1,弱々しくて、とても小さい声,蚊の鳴くような声は、弱々しくて、とても小さい声のことです。
271,vocab1300_p052_002,52,meaning_context,,故意,こい,間違えたのではなく、故意に水をこぼしたのなら注意が必要です。,,故意 の意味はどれ？,"[""わざとすること"", ""保証すること"", ""小さい声で話すこと"", ""知らない人のこと""]",0,わざとすること,故意は、わざとすることです。
272,vocab1300_p052_003,52,meaning_context,,太鼓判を押す,たいこばんをおす,先生は、その作文のよさに太鼓判を押しました。,,太鼓判を押す の意味はどれ？,"[""ひねくれて解釈すること"", ""偉そうな態度をとること"", ""人物や物のよさが確かだと保証すること"", ""わざとすること""]",2,人物や物のよさが確かだと保証すること,太鼓判を押すは、人物や物のよさが確かだと保証することです。
273,vocab1300_p052_004,52,meaning_context,,曲解する,きょっかいする,相手の言葉を曲解せず、まずは本当の意味をたしかめましょう。,,曲解する の意味はどれ？,"[""小さい声で話すこと"", ""一度も会ったことがないこと"", ""確かだと保証すること"", ""わざとひねくれて解釈すること""]",3,わざとひねくれて解釈すること,曲解するは、わざとひねくれて解釈することです。
274,vocab1300_p052_005,52,meaning_context,,高飛車,たかびしゃ,勝ったからといって、高飛車な言い方をするのはよくありません。,,高飛車 の意味はどれ？,"[""わざとすること"", ""相手を見下すように、偉そうな態度をとるようす"", ""よさを保証すること"", ""知らない人のこと""]",1,相手を見下すように、偉そうな態度をとるようす,高飛車は、相手を見下すように、偉そうな態度をとるようすです。
275,vocab1300_p052_006,52,meaning_context,,見ず知らず,みずしらず,見ず知らずの人に、急に名前を教えるのはやめましょう。,,見ず知らず の意味はどれ？,"[""一度も会ったことがないこと"", ""弱々しい声のこと"", ""わざとすること"", ""曲がった受け取り方をすること""]",0,一度も会ったことがないこと,見ず知らずは、一度も会ったことがないことです。
276,vocab1300_p053_001,53,meaning_context,,疑惑,ぎわく,本当に自分で作ったのか、少し疑惑の目で見られました。,,疑惑 の意味はどれ？,"[""うれしくて笑顔になること"", ""表から奥までの長さ"", ""本当かどうか疑うこと"", ""顔をしかめること""]",2,本当かどうか疑うこと,疑惑は、本当かどうか疑うことです。
277,vocab1300_p053_002,53,meaning_context,,顔がほころぶ,かおがほころぶ,妹はプレゼントをもらって、顔がほころびました。,,顔がほころぶ の意味はどれ？,"[""うれしさで笑顔になること"", ""本当か疑うこと"", ""はっきり言わないこと"", ""敵意を持って争うこと""]",0,うれしさで笑顔になること,顔がほころぶは、うれしさで笑顔になることです。
278,vocab1300_p053_003,53,meaning_context,,いがみ合い,いがみあい,兄弟でいがみ合いばかりせず、話し合うことにしました。,,いがみ合い の意味はどれ？,"[""表から奥までの長さ"", ""お互いに敵意を持って争うこと"", ""顔をしかめること"", ""うれしくて笑うこと""]",1,お互いに敵意を持って争うこと,いがみ合いは、お互いに敵意を持って争うことです。
279,vocab1300_p053_004,53,meaning_context,,奥歯にものがはさまったよう,おくばにものがはさまったよう,友だちは奥歯にものがはさまったような言い方で、はっきり答えませんでした。,,奥歯にものがはさまったよう の意味はどれ？,"[""お互いに争うようす"", ""考え事で顔をしかめるようす"", ""思っていることをはっきりと言わないようす"", ""本当か疑うようす""]",2,思っていることをはっきりと言わないようす,奥歯にものがはさまったようは、思っていることをはっきりと言わないようすです。
280,vocab1300_p053_005,53,meaning_context,,奥行き,おくゆき,この本棚は奥行きがあるので、大きな本も入ります。,,奥行き の意味はどれ？,"[""本当か疑うこと"", ""表から奥までの長さや距離"", ""うれしくて笑うこと"", ""はっきり言わないこと""]",1,表から奥までの長さや距離,奥行きは、表から奥までの長さや距離のことです。
281,vocab1300_p053_006,53,meaning_context,,眉間にしわをよせる,みけんにしわをよせる,むずかしい問題を見て、青ちゃんは眉間にしわをよせました。,,眉間にしわをよせる の意味はどれ？,"[""お互いに争うこと"", ""うれしくて笑うこと"", ""考え事や不愉快なことで、顔をしかめること"", ""表から奥までの長さ""]",2,考え事や不愉快なことで、顔をしかめること,眉間にしわをよせるは、考え事や不愉快なことで、顔をしかめることです。
282,vocab1300_p054_001,54,meaning_context,,怖じ気づく,おじけづく,相手が強そうに見えても、怖じ気づかずに試合に出ました。,,怖じ気づく の意味はどれ？,"[""心配で頭から離れないこと"", ""予定通りになるようにすること"", ""こわくて、びくびくすること"", ""活動の範囲を広げること""]",2,こわくて、びくびくすること,怖じ気づくは、こわくて、びくびくすることです。
283,vocab1300_p054_002,54,meaning_context,,帳尻を合わせる,ちょうじりをあわせる,予定より遅れた分、最後に急いで帳尻を合わせました。,,帳尻を合わせる の意味はどれ？,"[""自分勝手でずうずうしいこと"", ""最終的に予定通りになるようにすること"", ""こわがること"", ""きっぱり結論を出すこと""]",1,最終的に予定通りになるようにすること,帳尻を合わせるは、最終的に予定通りになるようにすることです。
284,vocab1300_p054_003,54,meaning_context,,手を広げる,てをひろげる,母は仕事の手を広げて、新しい教室も始めました。,,手を広げる の意味はどれ？,"[""活動の範囲を広げること"", ""心配で離れないこと"", ""こわくてびくびくすること"", ""自分勝手なこと""]",0,活動の範囲を広げること,手を広げるは、仕事や活動の範囲を広げることです。
285,vocab1300_p054_004,54,meaning_context,,虫がいい,むしがいい,自分は手伝わないのに、分け前だけほしがるのは虫がいい話です。,,虫がいい の意味はどれ？,"[""予定を合わせること"", ""自分のことばかり考えていて、ずうずうしいこと"", ""活動を広げること"", ""心配で仕方ないこと""]",1,自分のことばかり考えていて、ずうずうしいこと,虫がいいは、自分のことばかり考えていて、ずうずうしいことです。
286,vocab1300_p054_005,54,meaning_context,,割り切る,わりきる,全員に好かれるのはむずかしいと割り切って、自分らしく話しました。,,割り切る の意味はどれ？,"[""こわがること"", ""活動を広げること"", ""自分の中で、きっぱりと結論を出すこと"", ""予定を直すこと""]",2,自分の中で、きっぱりと結論を出すこと,割り切るは、自分の中の原則にそって、きっぱりと結論を出すことです。
287,vocab1300_p054_006,54,meaning_context,,気がかり,きがかり,明日の発表がうまくいくか、ずっと気がかりでした。,,気がかり の意味はどれ？,"[""心配で、頭から離れないこと"", ""ずうずうしいこと"", ""仕事の範囲を広げること"", ""こわくて動けないこと""]",0,心配で、頭から離れないこと,気がかりは、心配で、頭から離れないことです。
288,vocab1300_p055_001,55,meaning_context,,顔がきく,かおがきく,その店では父の顔がきくので、店長さんが親切にしてくれました。,,顔がきく の意味はどれ？,"[""信用や人脈があって、相手に話を通しやすいこと"", ""冷たくて思いやりがないこと"", ""足りない部分を補うこと"", ""関係があること""]",0,信用や人脈があって、相手に話を通しやすいこと,顔がきくは、信用や人脈があって、相手に話を通しやすいことです。
289,vocab1300_p055_002,55,meaning_context,,板ばさみ,いたばさみ,二人の友だちがけんかをして、どちらにもつけず板ばさみになりました。,,板ばさみ の意味はどれ？,"[""好きだと思う気持ち"", ""対立する二人の間で、どちらの味方もできず困ること"", ""つながりがあること"", ""冷たく断ること""]",1,対立する二人の間で、どちらの味方もできず困ること,板ばさみは、対立する二人の間で、どちらの味方もできず困ることです。
290,vocab1300_p055_003,55,meaning_context,,補足,ほそく,先生は、足りない説明をあとから補足しました。,,補足 の意味はどれ？,"[""特別に扱ってもらうこと"", ""関係があること"", ""足りない部分を補うこと"", ""誰かを好ましく思うこと""]",2,足りない部分を補うこと,補足は、足りない部分を補うことです。
291,vocab1300_p055_004,55,meaning_context,,好意,こうい,友だちの親切な言葉に、好意を感じました。,,好意 の意味はどれ？,"[""冷たい態度"", ""足りない部分"", ""困っている状態"", ""誰かを好ましく思い、慕う気持ち""]",3,誰かを好ましく思い、慕う気持ち,好意は、誰かを好ましく思い、慕う気持ちです。
292,vocab1300_p055_005,55,meaning_context,,まつわる,まつわる,祖母から、昔のお祭りにまつわる話を聞きました。,,まつわる の意味はどれ？,"[""誰かを好きだと思うこと"", ""つながりや関係があること"", ""特別に扱ってもらうこと"", ""足りないところを補うこと""]",1,つながりや関係があること,まつわるは、つながりや関係があることです。
293,vocab1300_p055_006,55,meaning_context,,すげなく,すげなく,一緒に遊ぼうとさそったのに、すげなく断られて悲しくなりました。,,すげなく の意味はどれ？,"[""特別に扱われて"", ""関係があって"", ""冷たくて、思いやりがないようす"", ""足りない部分を補って""]",2,冷たくて、思いやりがないようす,すげなくは、冷たくて、思いやりがないようすです。
294,vocab1300_p056_001,56,meaning_context,,臨時,りんじ,大雨で電車が止まり、臨時のバスが出ました。,,臨時 の意味はどれ？,"[""とても役に立つこと"", ""独特でほかと違うこと"", ""必要な時だけ行われること"", ""悪いことが返ってくること""]",2,必要な時だけ行われること,臨時は、決まった時ではなく、必要な時だけ行われることです。
295,vocab1300_p056_002,56,meaning_context,,ユニーク,ユニーク,その子の絵は色の使い方がユニークで、すぐ目に入りました。,,ユニーク の意味はどれ？,"[""ない話を作ること"", ""独特で、ほかとは違っているようす"", ""面倒くさいこと"", ""必要な時だけ行うこと""]",1,独特で、ほかとは違っているようす,ユニークは、独特で、ほかとは違っているようすです。
296,vocab1300_p056_003,56,meaning_context,,でっち上げる,でっちあげる,友だちのせいにするため、ない話をでっち上げてはいけません。,,でっち上げる の意味はどれ？,"[""必要な時だけ行うこと"", ""とても便利なこと"", ""ない話を作り上げること"", ""何かをするのが面倒なこと""]",2,ない話を作り上げること,でっち上げるは、ない話を作り上げることです。
297,vocab1300_p056_004,56,meaning_context,,悪事の報い,あくじのむくい,人をだましてばかりいたら、あとで悪事の報いを受けることがあります。,,悪事の報い の意味はどれ？,"[""独特で変わっていること"", ""悪いことをした結果が自分に返ってくること"", ""とても便利なこと"", ""ない話を作ること""]",1,悪いことをした結果が自分に返ってくること,悪事の報いは、悪いことをした結果が、自分に返ってくることです。
298,vocab1300_p056_005,56,meaning_context,,おっくう,おっくう,寒い朝は、布団から出るのがおっくうになります。,,おっくう の意味はどれ？,"[""何かをするのが面倒くさいこと"", ""必要な時だけ行うこと"", ""悪いことが返ってくること"", ""独特で変わっていること""]",0,何かをするのが面倒くさいこと,おっくうは、何かをするのが面倒くさいことです。
299,vocab1300_p056_006,56,meaning_context,,重宝,ちょうほう,小さなライトは、暗い場所でとても重宝します。,,重宝 の意味はどれ？,"[""ない話を作ること"", ""とても役に立って便利なこと"", ""面倒くさいこと"", ""必要な時だけのこと""]",1,とても役に立って便利なこと,重宝は、とても役に立って便利なことです。
300,vocab1300_p057_001,57,meaning_context,,いなめない,いなめない,練習不足だったことは、いなめません。,,いなめない の意味はどれ？,"[""深く考えないこと"", ""否定できないこと"", ""相手を軽く見ること"", ""脅して何かをさせること""]",1,否定できないこと,いなめないは、否定できないという意味です。
301,vocab1300_p057_002,57,meaning_context,,安易,あんい,安易に答えを写すのではなく、自分で考えましょう。,,安易 の意味はどれ？,"[""物語の大まかな内容"", ""否定できないこと"", ""意地っぱりなようす"", ""深く考えないこと""]",3,深く考えないこと,安易は、深く考えないことです。
302,vocab1300_p057_003,57,meaning_context,,あらすじ,あらすじ,本を読んだあと、友だちにあらすじを短く話しました。,,あらすじ の意味はどれ？,"[""脅して何かをさせること"", ""相手を軽く見ること"", ""物語の大まかな内容"", ""深く考えないこと""]",2,物語の大まかな内容,あらすじは、物語の大まかな内容です。
303,vocab1300_p057_004,57,meaning_context,,みくびる,みくびる,相手が小さいからといって、力をみくびってはいけません。,,みくびる の意味はどれ？,"[""相手の能力や力を軽く見ること"", ""意地っぱりで頑固なようす"", ""否定できないこと"", ""物語の内容をまとめること""]",0,相手の能力や力を軽く見ること,みくびるは、相手の能力や力を軽く見ることです。
304,vocab1300_p057_005,57,meaning_context,,かたくなに,かたくなに,弟はかたくなに『行かない』と言い続けました。,,かたくなに の意味はどれ？,"[""脅して"", ""否定できずに"", ""意地っぱりで、頑固に"", ""深く考えずに""]",2,意地っぱりで、頑固に,かたくなには、意地っぱりで、頑固なようすです。
305,vocab1300_p057_006,57,meaning_context,,脅迫,きょうはく,人を脅迫して、無理に言うことを聞かせてはいけません。,,脅迫 の意味はどれ？,"[""相手を軽く見ること"", ""脅して何かをさせようとすること"", ""物語の大まかな内容"", ""否定できないこと""]",1,脅して何かをさせようとすること,脅迫は、脅して何かをさせようとすることです。
306,vocab1300_p058_001,58,meaning_context,,後くされ,あとくされ,きちんと謝ったので、後くされなく話し合いを終えられました。,,後くされ の意味はどれ？,"[""気分次第で動くこと"", ""先に決めるべきこと"", ""終わったあとも問題が残ること"", ""しっかり覚えていないこと""]",2,終わったあとも問題が残ること,後くされは、物事が終わったあとも、問題や悪い影響が残ることです。
307,vocab1300_p058_002,58,meaning_context,,気まぐれ,きまぐれ,弟は気まぐれで、遊びたいものがすぐ変わります。,,気まぐれ の意味はどれ？,"[""効果がよく分かること"", ""事前に知らせること"", ""終わったあと問題が残ること"", ""気分次第で何かをすること""]",3,気分次第で何かをすること,気まぐれは、気分次第で何かをすることです。
308,vocab1300_p058_003,58,meaning_context,,てきめん,てきめん,早く寝たら、朝の元気にてきめんの効果がありました。,,てきめん の意味はどれ？,"[""効果が目に見えてよく分かること"", ""先に決めるべきこと"", ""しっかり覚えていないこと"", ""気分で変わること""]",0,効果が目に見えてよく分かること,てきめんは、効果が目に見えてよく分かることです。
309,vocab1300_p058_004,58,meaning_context,,先決,せんけつ,遊ぶ前に、宿題を終わらせることが先決です。,,先決 の意味はどれ？,"[""事前に宣伝すること"", ""終わったあと問題が残ること"", ""先に決めるべきこと"", ""気分次第で動くこと""]",2,先に決めるべきこと,先決は、先に決めるべきことです。
310,vocab1300_p058_005,58,meaning_context,,ふれこみ,ふれこみ,その店は『大きなケーキが人気』というふれこみでした。,,ふれこみ の意味はどれ？,"[""先に決めること"", ""事前に宣伝したり知らせたりすること"", ""しっかり覚えていないこと"", ""効果が出ること""]",1,事前に宣伝したり知らせたりすること,ふれこみは、事前に宣伝したり、周りに知らせたりすることです。
311,vocab1300_p058_006,58,meaning_context,,うろ覚え,うろおぼえ,歌の歌詞をうろ覚えだったので、途中で止まってしまいました。,,うろ覚え の意味はどれ？,"[""気分次第で変わること"", ""しっかりと覚えていないこと"", ""効果がよく分かること"", ""先に決めること""]",1,しっかりと覚えていないこと,うろ覚えは、しっかりと覚えていないことです。
312,vocab1300_p059_001,59,meaning_context,,自滅,じめつ,ふざけすぎて注意を聞かなかったため、試合で自滅してしまいました。,,自滅 の意味はどれ？,"[""自分自身の失敗でだめになること"", ""立派で堂々としているようす"", ""一か所に集まること"", ""用意しておくこと""]",0,自分自身の失敗でだめになること,自滅は、自分自身の失敗でだめになることです。
313,vocab1300_p059_002,59,meaning_context,,お膳立て,おぜんだて,母がお膳立てをしてくれたので、すぐ工作を始められました。,,お膳立て の意味はどれ？,"[""軽く見ること"", ""すぐ取りかかれるように用意しておくこと"", ""全額用意すること"", ""堂々としていること""]",1,すぐ取りかかれるように用意しておくこと,お膳立ては、すぐに取りかかれるように用意しておくことです。
314,vocab1300_p059_003,59,meaning_context,,耳をそろえて,みみをそろえて,借りていたお金を、耳をそろえて返しました。,,耳をそろえて の意味はどれ？,"[""たくさん集まって"", ""自分の失敗でだめになって"", ""借りたお金などを全額きちんと用意して"", ""すぐ始められるようにして""]",2,借りたお金などを全額きちんと用意して,耳をそろえては、借りたお金などを全額きちんと用意することです。
315,vocab1300_p059_004,59,meaning_context,,高をくくる,たかをくくる,簡単だと高をくくっていたら、テストで時間が足りませんでした。,,高をくくる の意味はどれ？,"[""堂々としていること"", ""全額用意すること"", ""一か所に集まること"", ""大体この程度だろうと軽く見ること""]",3,大体この程度だろうと軽く見ること,高をくくるは、大体この程度だろうと軽く見ることです。
316,vocab1300_p059_005,59,meaning_context,,貫禄,かんろく,校長先生は落ち着いていて、貫禄があります。,,貫禄 の意味はどれ？,"[""自分の失敗でだめになること"", ""用意しておくこと"", ""堂々として立派な雰囲気"", ""軽く見ること""]",2,堂々として立派な雰囲気,貫禄は、態度や雰囲気が立派で、堂々としているようすです。
317,vocab1300_p059_006,59,meaning_context,,群がる,むらがる,人気のパン屋さんの前に、人が群がっていました。,,群がる の意味はどれ？,"[""全額用意すること"", ""たくさんの人や物が一か所に集まること"", ""軽く見ること"", ""堂々としていること""]",1,たくさんの人や物が一か所に集まること,群がるは、たくさんの人や物が一か所に集まることです。
318,vocab1300_p060_001,60,meaning_context,,もってこい,もってこい,この広い公園は、走り回って遊ぶのにもってこいです。,,もってこい の意味はどれ？,"[""年の初め"", ""特に"", ""慣れていないようす"", ""ちょうどよく、ぴったりのようす""]",3,ちょうどよく、ぴったりのようす,もってこいは、ちょうどよく、ぴったりのようすです。
319,vocab1300_p060_002,60,meaning_context,,年始,ねんし,年始には、家族で神社へ行きました。,,年始 の意味はどれ？,"[""年の初め"", ""はっきり違うこと"", ""何かに関連づけること"", ""ぴったりなこと""]",0,年の初め,年始は、年の初めのことです。
320,vocab1300_p060_003,60,meaning_context,,ことに,ことに,今日はことに寒いので、手ぶくろを持って行きましょう。,,ことに の意味はどれ？,"[""年の初め"", ""慣れていなくて"", ""特に、とりわけ"", ""はっきり区別して""]",2,特に、とりわけ,ことには、特に、とりわけ、という意味です。
321,vocab1300_p060_004,60,meaning_context,,ちなんで,ちなんで,学校の創立記念日にちなんで、昔の写真を見ました。,,ちなんで の意味はどれ？,"[""ぴったりで"", ""特に"", ""年の初めに"", ""何かに関連づけて""]",3,何かに関連づけて,ちなんでは、何かに関連づけて、という意味です。
322,vocab1300_p060_005,60,meaning_context,,ぎこちない,ぎこちない,初めての英語の発表で、少しぎこちない話し方になりました。,,ぎこちない の意味はどれ？,"[""慣れていなくて、滑らかでないようす"", ""何かに関連づけること"", ""ちょうどよいこと"", ""年の初め""]",0,慣れていなくて、滑らかでないようす,ぎこちないは、慣れていなくて、動きや話し方が滑らかでないようすです。
323,vocab1300_p060_006,60,meaning_context,,一線を画する,いっせんをかくする,その作品は工夫が多く、ほかの作品とは一線を画していました。,,一線を画する の意味はどれ？,"[""特に目立つこと"", ""はっきりと区別できること"", ""慣れていないこと"", ""年の初めのこと""]",1,はっきりと区別できること,一線を画するは、はっきりと区別できること、明らかに違いがあることです。
324,vocab1300_p061_001,61,meaning_context,animal_idiom_word,うなぎの寝床,うなぎのねどこ,その古い店は、入口はせまいけれど奥が長く、うなぎの寝床のようでした。,,うなぎの寝床 の意味はどれ？,"[""少しの元手で大きな利益を得ること"", ""細長い家や部屋のこと"", ""同じ幸運をまたねらうこと"", ""手に入らないものがよく見えること""]",1,細長い家や部屋のこと,うなぎの寝床は、細長い家や部屋のことです。
325,vocab1300_p061_002,61,meaning_context,animal_idiom_word,えびで鯛を釣る,えびでたいをつる,小さなお礼をしただけなのに大きなお返しをもらい、えびで鯛を釣るようでした。,,えびで鯛を釣る の意味はどれ？,"[""相手に任せるしかないこと"", ""落ちぶれても品があること"", ""少しの元手で大きな利益を得ること"", ""細長い家や部屋のこと""]",2,少しの元手で大きな利益を得ること,えびで鯛を釣るは、少しの元手や努力で、とても大きな利益を得ることです。
326,vocab1300_p061_003,61,meaning_context,animal_idiom_word,柳の下のどじょう,やなぎのしたのどじょう,一度当たったからといって、また同じ方法で当たるとは限りません。柳の下のどじょうですね。,,柳の下のどじょう の意味はどれ？,"[""同じ方法でまた同じ幸運を得ようとすること"", ""少しの元手で大きな利益を得ること"", ""手に入らないものがよく見えること"", ""相手に任せるしかないこと""]",0,同じ方法でまた同じ幸運を得ようとすること,柳の下のどじょうは、前と同じ方法で、また同じ幸運を得ようとすることです。
327,vocab1300_p061_004,61,meaning_context,animal_idiom_word,逃げた魚は大きい,にげたさかなはおおきい,買わなかったおもちゃが、あとからとてもよく見えてきました。逃げた魚は大きいですね。,,逃げた魚は大きい の意味はどれ？,"[""落ちぶれても品があること"", ""細長い家や部屋のこと"", ""同じ幸運をまたねらうこと"", ""手に入れそこねたものほど、よく見えること""]",3,手に入れそこねたものほど、よく見えること,逃げた魚は大きいは、手に入れそこねたものほど価値があるように感じることです。
328,vocab1300_p061_005,61,meaning_context,animal_idiom_word,腐っても鯛,くさってもたい,古い道具ですが、もとはよい品なので、今でもしっかり使えます。腐っても鯛ですね。,,腐っても鯛 の意味はどれ？,"[""相手に任せるしかないこと"", ""少しの元手で大きな利益を得ること"", ""落ちぶれても、もとの価値や品が残ること"", ""同じ幸運をまたねらうこと""]",2,落ちぶれても、もとの価値や品が残ること,腐っても鯛は、落ちぶれても、もとの価値や品が残っているという意味です。
329,vocab1300_p061_006,61,meaning_context,animal_idiom_word,まな板の鯉,まないたのこい,検査の結果を待つしかなく、私はまな板の鯉のような気持ちでした。,,まな板の鯉 の意味はどれ？,"[""細長い家や部屋のこと"", ""手に入らないものがよく見えること"", ""落ちぶれても品があること"", ""どうにもできず、相手に任せるしかない状態""]",3,どうにもできず、相手に任せるしかない状態,まな板の鯉は、どうにもできず、相手に任せるしかない状態です。
330,vocab1300_p063_001,63,meaning_context,,五十歩百歩,ごじっぽひゃっぽ,二人の点数は少し違いますが、どちらも同じくらいです。五十歩百歩ですね。,,五十歩百歩 の意味はどれ？,"[""強く願うこと"", ""少し違っても、大きな差はないこと"", ""違うように見せかけること"", ""とがっている先の部分""]",1,少し違っても、大きな差はないこと,五十歩百歩は、少しの違いはあっても、大きな差はないという意味です。
331,vocab1300_p063_002,63,meaning_context,,よそよそしい,よそよそしい,転校したばかりで、友だちは少しよそよそしい態度でした。,,よそよそしい の意味はどれ？,"[""素直でかわいらしいようす"", ""強く願うこと"", ""他人行儀で、打ち解けていないようす"", ""少ししか違わないこと""]",2,他人行儀で、打ち解けていないようす,よそよそしいは、他人行儀で、打ち解けていないようすです。
332,vocab1300_p063_003,63,meaning_context,,装う,よそおう,青ちゃんは、劇でお姫様を装って舞台に立ちました。,,装う の意味はどれ？,"[""とがっている先を示すこと"", ""違うように見せかけること"", ""素直でかわいいこと"", ""打ち解けていないこと""]",1,違うように見せかけること,装うは、本当とは違うように見せかけることです。
333,vocab1300_p063_004,63,meaning_context,,念じる,ねんじる,試合の前に、みんなで勝てますようにと念じました。,,念じる の意味はどれ？,"[""少し違っても同じくらいなこと"", ""他人のふりをすること"", ""強く願うこと"", ""とがっている先の部分""]",2,強く願うこと,念じるは、心の中で強く願うことです。
334,vocab1300_p063_005,63,meaning_context,,あどけない,あどけない,小さな子のあどけない笑顔を見て、みんながなごみました。,,あどけない の意味はどれ？,"[""素直でかわいらしいようす"", ""強く願うこと"", ""打ち解けていないようす"", ""違うふりをすること""]",0,素直でかわいらしいようす,あどけないは、素直でかわいらしいようすです。
335,vocab1300_p063_006,63,meaning_context,,先端,せんたん,えんぴつの先端がとがっているので、気をつけて持ちました。,,先端 の意味はどれ？,"[""違うように見せること"", ""大きな差がないこと"", ""打ち解けていないこと"", ""とがっている先の部分""]",3,とがっている先の部分,先端は、とがっている先の部分です。
336,vocab1300_p064_001,64,meaning_context,,ひときわ,ひときわ,発表会で、その子の歌声はひときわ目立っていました。,,ひときわ の意味はどれ？,"[""後になるほど良くなるようす"", ""他よりもいっそう目立って"", ""悪いところを探して"", ""要点がないようす""]",1,他よりもいっそう目立って,ひときわは、他よりもいっそう目立っているようすです。
337,vocab1300_p064_002,64,meaning_context,,とりとめのない,とりとめのない,とりとめのない話が続き、何を言いたいのか分かりませんでした。,,とりとめのない の意味はどれ？,"[""気をつけるよう言うこと"", ""悪いところを探すこと"", ""生まれつきの力"", ""要点やまとまりがないようす""]",3,要点やまとまりがないようす,とりとめのないは、話などに要点やまとまりがないようすです。
338,vocab1300_p064_003,64,meaning_context,,警告,けいこく,先生は、走ると危ない場所でみんなに警告しました。,,警告 の意味はどれ？,"[""悪いことが起こらないように気をつけるよう言うこと"", ""後になるほど良くなること"", ""他より目立つこと"", ""要点がないこと""]",0,悪いことが起こらないように気をつけるよう言うこと,警告は、悪いことが起こらないように気をつけるよう言うことです。
339,vocab1300_p064_004,64,meaning_context,,あらさがし,あらさがし,友だちのあらさがしばかりせず、よいところも見つけたいです。,,あらさがし の意味はどれ？,"[""要点をまとめること"", ""悪いところばかり見つけようとすること"", ""生まれつきの力"", ""気をつけるよう言うこと""]",1,悪いところばかり見つけようとすること,あらさがしは、悪いところばかり見つけようとすることです。
340,vocab1300_p064_005,64,meaning_context,,尻上がり,しりあがり,試合の後半になるほど、チームの調子は尻上がりに良くなりました。,,尻上がり の意味はどれ？,"[""他より目立つこと"", ""悪いところを探すこと"", ""後になればなるほど良くなっていくこと"", ""危ないと知らせること""]",2,後になればなるほど良くなっていくこと,尻上がりは、後になればなるほど良くなっていくことです。
341,vocab1300_p064_006,64,meaning_context,,素質,そしつ,青ちゃんには、物語を作る素質があるかもしれません。,,素質 の意味はどれ？,"[""要点がない話"", ""悪いところを探すこと"", ""危ないと知らせること"", ""生まれながらに備わっている性質や力""]",3,生まれながらに備わっている性質や力,素質は、生まれながらに備わっている性質や力です。
342,vocab1300_p065_001,65,meaning_context,,妥協する,だきょうする,話し合いでお互いに少しずつゆずり、妥協することにしました。,,妥協する の意味はどれ？,"[""お互いにゆずり合って解決すること"", ""決断すること"", ""空いている場所"", ""事態が良い方向に変わること""]",0,お互いにゆずり合って解決すること,妥協するは、お互いにゆずり合って解決することです。
343,vocab1300_p065_002,65,meaning_context,,スペース,スペース,机を置くには、もう少し広いスペースが必要です。,,スペース の意味はどれ？,"[""差や程度が大きいこと"", ""差し障りがないこと"", ""空間、空いている場所"", ""決断すること""]",2,空間、空いている場所,スペースは、空間や空いている場所のことです。
344,vocab1300_p065_003,65,meaning_context,,腹を決める,はらをきめる,むずかしい発表だけれど、やると腹を決めました。,,腹を決める の意味はどれ？,"[""お互いにゆずること"", ""決断すること"", ""空いている場所"", ""良い方向に変わること""]",1,決断すること,腹を決めるは、決断することです。
345,vocab1300_p065_004,65,meaning_context,,あたり障りのない,あたりさわりのない,けんかにならないよう、あたり障りのない言い方を選びました。,,あたり障りのない の意味はどれ？,"[""決断すること"", ""差し障りがなく、周囲に悪い影響を与えないこと"", ""差がとても大きいこと"", ""良い方向に変わること""]",1,差し障りがなく、周囲に悪い影響を与えないこと,あたり障りのないは、差し障りがなく、周囲に悪い影響を与えないことです。
346,vocab1300_p065_005,65,meaning_context,,格段,かくだん,毎日練習したので、ピアノの音が格段にきれいになりました。,,格段 の意味はどれ？,"[""空いている場所"", ""お互いにゆずること"", ""差や程度がとても大きいこと"", ""決断すること""]",2,差や程度がとても大きいこと,格段は、差や程度がとても大きいことです。けた違い、とも言えます。
347,vocab1300_p065_006,65,meaning_context,,好転,こうてん,薬を飲んで休んだら、体の具合が好転しました。,,好転 の意味はどれ？,"[""差がとても大きいこと"", ""空いている場所"", ""お互いに解決すること"", ""事態が良い方向に変わること""]",3,事態が良い方向に変わること,好転は、事態が良い方向に変わることです。
348,vocab1300_p066_001,66,meaning_context,,ひんしゅく,ひんしゅく,人が話しているのに大声で笑って、まわりのひんしゅくを買いました。,,ひんしゅく の意味はどれ？,"[""そっくりであること"", ""前に進めなくなること"", ""反感を買ったり軽蔑されたりすること"", ""食べ物がなくて飢えること""]",2,反感を買ったり軽蔑されたりすること,ひんしゅくは、自分の言動のせいで、反感を買ったり軽蔑されたりすることです。
349,vocab1300_p066_002,66,meaning_context,,明け渡す,あけわたす,工事のため、古い家を明け渡すことになりました。,,明け渡す の意味はどれ？,"[""自分の土地や家などを、ほかの人に渡すこと"", ""いい加減にすませること"", ""反感を買うこと"", ""こわがって下がること""]",0,自分の土地や家などを、ほかの人に渡すこと,明け渡すは、自分の土地や家などを、ほかの人に渡すことです。
350,vocab1300_p066_003,66,meaning_context,,うりふたつ,うりふたつ,姉妹の顔がうりふたつで、初めて会った人はよく間違えます。,,うりふたつ の意味はどれ？,"[""食べ物がなくなること"", ""土地を渡すこと"", ""そっくりであること"", ""前に進めないこと""]",2,そっくりであること,うりふたつは、そっくりであることです。
351,vocab1300_p066_004,66,meaning_context,,おざなり,おざなり,おざなりな返事ではなく、相手の話をきちんと聞きたいです。,,おざなり の意味はどれ？,"[""そっくりなこと"", ""その場かぎりの、いい加減なことをするようす"", ""家を渡すこと"", ""食べ物がないこと""]",1,その場かぎりの、いい加減なことをするようす,おざなりは、その場かぎりの、いい加減なことをするようすです。
352,vocab1300_p066_005,66,meaning_context,,飢餓,きが,世界には、飢餓で苦しむ人たちがいます。,,飢餓 の意味はどれ？,"[""食べ物がなくて、飢えること"", ""こわがって下がること"", ""反感を買うこと"", ""いい加減にすませること""]",0,食べ物がなくて、飢えること,飢餓は、食べ物がなくて、飢えることです。
353,vocab1300_p066_006,66,meaning_context,,尻込み,しりごみ,高い台の上に立つのがこわくて、少し尻込みしました。,,尻込み の意味はどれ？,"[""土地を人に渡すこと"", ""そっくりであること"", ""いい加減にすること"", ""こわがったりためらったりして、前に進めないこと""]",3,こわがったりためらったりして、前に進めないこと,尻込みは、こわがったりためらったりして、前に進めないことです。
354,vocab1300_p067_001,67,meaning_context,,目の敵,めのかたき,弟は、いつも自分をからかう相手を目の敵にしていました。,,目の敵 の意味はどれ？,"[""手間がかからず簡単なこと"", ""どれも同じようなこと"", ""納得できず考え込むこと"", ""誰かを敵視して、にくらしく思うこと""]",3,誰かを敵視して、にくらしく思うこと,目の敵は、誰かを敵視して、にくらしく思うことです。
355,vocab1300_p067_002,67,meaning_context,,手軽,てがる,この料理は、電子レンジで作れるので手軽です。,,手軽 の意味はどれ？,"[""内容がはっきりしないこと"", ""手間がかからず簡単なこと"", ""とにかくということ"", ""敵のように思うこと""]",1,手間がかからず簡単なこと,手軽は、手間がかからず簡単なことです。
356,vocab1300_p067_003,67,meaning_context,,雲をつかむよう,くもをつかむよう,『すごいものを作る』だけでは、雲をつかむような話です。,,雲をつかむよう の意味はどれ？,"[""とらえどころがなく、はっきりしないようす"", ""手間がかからないこと"", ""どれも同じようなこと"", ""疑わしく思うこと""]",0,とらえどころがなく、はっきりしないようす,雲をつかむようは、とらえどころがなく、内容がはっきりしないようすです。
357,vocab1300_p067_004,67,meaning_context,,似たり寄ったり,にたりよったり,二つのかばんは、色も形も似たり寄ったりでした。,,似たり寄ったり の意味はどれ？,"[""敵のように思うこと"", ""何と言ってもということ"", ""どれも同じようで、あまり違いがないこと"", ""内容がはっきりしないこと""]",2,どれも同じようで、あまり違いがないこと,似たり寄ったりは、どれも同じようで、あまり違いがないことです。
358,vocab1300_p067_005,67,meaning_context,,首をひねる,くびをひねる,友だちの説明を聞いても分からず、先生は首をひねりました。,,首をひねる の意味はどれ？,"[""納得できずに考え込んだり、疑わしく思ったりすること"", ""とにかくということ"", ""手間がかからないこと"", ""敵のように思うこと""]",0,納得できずに考え込んだり、疑わしく思ったりすること,首をひねるは、納得できずに考え込んだり、疑わしく思ったりすることです。
359,vocab1300_p067_006,67,meaning_context,,何しろ,なにしろ,何しろ初めてなので、少し時間がかかりました。,,何しろ の意味はどれ？,"[""同じようで"", ""疑わしく思って"", ""何と言っても、とにかく"", ""はっきりしないで""]",2,何と言っても、とにかく,何しろは、何と言っても、とにかく、という意味です。
360,vocab1300_p068_001,68,meaning_context,,猫かわいがり,ねこかわいがり,祖父は小さな犬を猫かわいがりして、何でもしてあげます。,,猫かわいがり の意味はどれ？,"[""人や物をいい加減に扱うこと"", ""ひどくお腹がすくこと"", ""ばかにして悪口を言うこと"", ""非常にかわいがって甘やかすこと""]",3,非常にかわいがって甘やかすこと,猫かわいがりは、非常にかわいがって甘やかすことです。
361,vocab1300_p068_002,68,meaning_context,,あざける,あざける,失敗した友だちをあざけるのではなく、助けたいです。,,あざける の意味はどれ？,"[""特色があること"", ""ばかにして悪口を言ったりすること"", ""一所懸命に取り組むこと"", ""ひどくお腹がすくこと""]",1,ばかにして悪口を言ったりすること,あざけるは、ばかにして悪口を言ったりすることです。
362,vocab1300_p068_003,68,meaning_context,,ひもじい,ひもじい,朝ごはんを食べなかったので、昼前にはひもじくなりました。,,ひもじい の意味はどれ？,"[""人を甘やかすこと"", ""物をいい加減に扱うこと"", ""ひどくお腹がすいているようす"", ""ほかより目立つこと""]",2,ひどくお腹がすいているようす,ひもじいは、ひどくお腹がすいているようすです。
363,vocab1300_p068_004,68,meaning_context,,ないがしろ,ないがしろ,約束をないがしろにすると、相手を悲しませてしまいます。,,ないがしろ の意味はどれ？,"[""人や物をいい加減に扱うこと"", ""ひどくお腹がすくこと"", ""一所懸命にすること"", ""かわいがって甘やかすこと""]",0,人や物をいい加減に扱うこと,ないがしろは、人や物をいい加減に扱うことです。
364,vocab1300_p068_005,68,meaning_context,,特色,とくしょく,この学校の特色は、外で遊ぶ時間が長いことです。,,特色 の意味はどれ？,"[""ひどく空腹なこと"", ""ほかと比べて、特に良いところや目立つところ"", ""いい加減に扱うこと"", ""ばかにして笑うこと""]",1,ほかと比べて、特に良いところや目立つところ,特色は、ほかと比べて、特に良いところや目立っているところです。
365,vocab1300_p068_006,68,meaning_context,,打ち込む,うちこむ,青ちゃんは、ピアノの練習に打ち込んでいます。,,打ち込む の意味はどれ？,"[""人を甘やかすこと"", ""物を粗末にすること"", ""お腹がすくこと"", ""没頭して、一所懸命に何かをすること""]",3,没頭して、一所懸命に何かをすること,打ち込むは、没頭すること、一所懸命に何かをすることです。
366,vocab1300_p069_001,69,meaning_context,,強いる,しいる,友だちに、いやな係を無理に強いるのはよくありません。,,強いる の意味はどれ？,"[""無理にさせること"", ""礼儀がないこと"", ""違いがわずかなこと"", ""責めること""]",0,無理にさせること,強いるは、無理にさせることです。
367,vocab1300_p069_002,69,meaning_context,,生々しい,なまなましい,祖父は、昔の地震の話を生々しく話してくれました。,,生々しい の意味はどれ？,"[""そうするべきだということ"", ""目に見えるようにリアルなようす"", ""礼儀を知らないこと"", ""違いが少ないこと""]",1,目に見えるようにリアルなようす,生々しいは、目に見えるようにリアルなようすです。
368,vocab1300_p069_003,69,meaning_context,,なじる,なじる,失敗した友だちをなじるより、次の方法を考えたいです。,,なじる の意味はどれ？,"[""無理にさせること"", ""リアルに話すこと"", ""良くない点や不満な点を責めること"", ""違いがわずかなこと""]",2,良くない点や不満な点を責めること,なじるは、良くない点や不満な点を責めることです。
369,vocab1300_p069_004,69,meaning_context,,無礼,ぶれい,あいさつをしないのは、少し無礼な態度です。,,無礼 の意味はどれ？,"[""そうしないのはもったいないこと"", ""無理にさせること"", ""目に見えるようなこと"", ""礼儀をわきまえていないこと""]",3,礼儀をわきまえていないこと,無礼は、礼儀をわきまえていないことです。
370,vocab1300_p069_005,69,meaning_context,,紙一重,かみひとえ,一位と二位の差は紙一重でした。,,紙一重 の意味はどれ？,"[""違いがわずかであること"", ""礼儀がないこと"", ""強く言うこと"", ""責めること""]",0,違いがわずかであること,紙一重は、違いがわずかであることです。
371,vocab1300_p069_006,69,meaning_context,,手はない,てはない,せっかく近くに図書館があるなら、使わない手はありません。,,手はない の意味はどれ？,"[""無理にやらせること"", ""リアルなようす"", ""礼儀がないこと"", ""そうするべきだ、しないのはもったいないということ""]",3,そうするべきだ、しないのはもったいないということ,手はないは、そうするべきだ、そうしないのはもったいない、という意味です。
372,vocab1300_p070_001,70,meaning_context,,おべっか,おべっか,おべっかばかり言うより、本当によいと思ったことを伝えたいです。,,おべっか の意味はどれ？,"[""大勢の見物客"", ""現在の状態"", ""気づいているが無視すること"", ""相手に気に入られるように、調子のよいことを言うこと""]",3,相手に気に入られるように、調子のよいことを言うこと,おべっかは、相手に気に入られるように、調子のよいことを言うことです。
373,vocab1300_p070_002,70,meaning_context,,肩の荷が下りる,かたのにがおりる,発表が終わって、やっと肩の荷が下りました。,,肩の荷が下りる の意味はどれ？,"[""気おくれすること"", ""大きな仕事や負担から解放されて、気持ちが楽になること"", ""調子のよいことを言うこと"", ""見物客のこと""]",1,大きな仕事や負担から解放されて、気持ちが楽になること,肩の荷が下りるは、大きな仕事や負担から解放されて、気持ちが楽になることです。
374,vocab1300_p070_003,70,meaning_context,,観衆,かんしゅう,試合でよいプレーをすると、観衆から大きな拍手が起きました。,,観衆 の意味はどれ？,"[""気づいていて無視すること"", ""現在の状態"", ""大勢の見物客"", ""気持ちが楽になること""]",2,大勢の見物客,観衆は、大勢の見物客のことです。
375,vocab1300_p070_004,70,meaning_context,,ひるむ,ひるむ,相手が強そうでも、ひるまずに試合を始めました。,,ひるむ の意味はどれ？,"[""大勢で見ること"", ""気づいても無視すること"", ""今の状態のこと"", ""強い相手やこわいことに気おくれすること""]",3,強い相手やこわいことに気おくれすること,ひるむは、強い相手やこわいことに気おくれして、思い切りが悪くなることです。
376,vocab1300_p070_005,70,meaning_context,,尻目に,しりめに,片づける友だちを尻目に、弟は先に遊びに行ってしまいました。,,尻目に の意味はどれ？,"[""気づいているが、無視すること"", ""気持ちが楽になること"", ""見物客のこと"", ""調子のよいことを言うこと""]",0,気づいているが、無視すること,尻目には、気づいているが、無視することです。
377,vocab1300_p070_006,70,meaning_context,,現状,げんじょう,先生は、クラスの現状を見て席替えを考えました。,,現状 の意味はどれ？,"[""大きな負担がなくなること"", ""大勢の見物客"", ""現在の状態や有り様"", ""相手に気に入られる言葉""]",2,現在の状態や有り様,現状は、現在の状態や有り様のことです。
378,vocab1300_p071_001,71,meaning_context,,互い違い,たがいちがい,赤と白のカードを互い違いに並べました。,,互い違い の意味はどれ？,"[""外側だけよく見えること"", ""口に出さず隠すこと"", ""交互に並ぶこと"", ""社会のために役立つこと""]",2,交互に並ぶこと,互い違いは、二つのものが交互に並ぶことです。
379,vocab1300_p071_002,71,meaning_context,,貢献,こうけん,ごみ拾いをして、町の美化に貢献しました。,,貢献 の意味はどれ？,"[""真剣な話をはぐらかすこと"", ""社会や人のために役立つこと"", ""交互に並ぶこと"", ""だまして苦しい立場にすること""]",1,社会や人のために役立つこと,貢献は、社会や人のために役立つことです。
380,vocab1300_p071_003,71,meaning_context,,おくびにも出さない,おくびにもださない,結果を知っていたのに、兄はおくびにも出しませんでした。,,おくびにも出さない の意味はどれ？,"[""だまして苦しい立場にすること"", ""外側だけよく見えること"", ""社会に役立つこと"", ""口に出さず、知っている素振りを見せないこと""]",3,口に出さず、知っている素振りを見せないこと,おくびにも出さないは、口に出さず、知っている素振りを見せないことです。
381,vocab1300_p071_004,71,meaning_context,,茶化す,ちゃかす,まじめに相談しているのに、友だちは話を茶化しました。,,茶化す の意味はどれ？,"[""真剣な話を冗談めかして、はぐらかすこと"", ""交互に並べること"", ""知っていることを隠すこと"", ""人のために役立つこと""]",0,真剣な話を冗談めかして、はぐらかすこと,茶化すは、真剣な話を冗談めかして、はぐらかすことです。
382,vocab1300_p071_005,71,meaning_context,,見かけ倒し,みかけだおし,見た目は立派でもすぐ壊れるなら、見かけ倒しです。,,見かけ倒し の意味はどれ？,"[""だまして困らせること"", ""外側ばかりよく見えて、中身が伴わないこと"", ""真剣な話をはぐらかすこと"", ""交互に並ぶこと""]",1,外側ばかりよく見えて、中身が伴わないこと,見かけ倒しは、外側ばかりよく見えて、中身が伴わないことです。
383,vocab1300_p071_006,71,meaning_context,,陥れる,おとしいれる,うそをついて友だちを陥れるようなことはしてはいけません。,,陥れる の意味はどれ？,"[""社会のために役立つこと"", ""知っている素振りを見せないこと"", ""交互に並ぶこと"", ""だまして、苦しい立場に追いやること""]",3,だまして、苦しい立場に追いやること,陥れるは、だまして、苦しい立場に追いやることです。
384,vocab1300_p072_001,72,meaning_context,,言いよどむ,いいよどむ,本当のことを言いにくくて、少し言いよどみました。,,言いよどむ の意味はどれ？,"[""何度も行われること"", ""他の人を後押しすること"", ""ためらって、なかなか言い出せないこと"", ""人間関係がうまくいかないこと""]",2,ためらって、なかなか言い出せないこと,言いよどむは、ためらって、言いたいことがなかなか言い出せないことです。
385,vocab1300_p072_002,72,meaning_context,,とりわけ,とりわけ,果物はどれも好きですが、とりわけいちごが好きです。,,とりわけ の意味はどれ？,"[""特に"", ""何度も"", ""切れ目なく"", ""後押しして""]",0,特に,とりわけは、特に、という意味です。
386,vocab1300_p072_003,72,meaning_context,,ひっきりなし,ひっきりなし,人気の店には、ひっきりなしにお客さんが来ました。,,ひっきりなし の意味はどれ？,"[""ためらって"", ""特に"", ""切れ目なく続くこと"", ""意見を後押しすること""]",2,切れ目なく続くこと,ひっきりなしは、とだえることなく、切れ目なく続くことです。
387,vocab1300_p072_004,72,meaning_context,,ぎくしゃく,ぎくしゃく,けんかのあと、友だちとの会話がぎくしゃくしました。,,ぎくしゃく の意味はどれ？,"[""人間関係などがうまくいっていないようす"", ""何度も行われること"", ""言い出せないこと"", ""特にということ""]",0,人間関係などがうまくいっていないようす,ぎくしゃくは、人間関係などがうまくいっていないようすです。
388,vocab1300_p072_005,72,meaning_context,,頻繁,ひんぱん,最近、学校から頻繁にお知らせが届きます。,,頻繁 の意味はどれ？,"[""人間関係が悪いこと"", ""ひっきりなしに、何度も行われること"", ""ためらって話すこと"", ""意見を後押しすること""]",1,ひっきりなしに、何度も行われること,頻繁は、ひっきりなしに、何度も行われることです。
389,vocab1300_p072_006,72,meaning_context,,支持,しじ,わたしは、友だちの考えを支持しました。,,支持 の意味はどれ？,"[""何度も続くこと"", ""特にということ"", ""他の人の意見をよいと認めて後押しすること"", ""関係がうまくいかないこと""]",2,他の人の意見をよいと認めて後押しすること,支持は、他の人の意見をよいと認めて後押しすることです。
390,vocab1300_p073_001,73,reading_context,,大事,だいじ,これは、おばあちゃんからもらった大事な本です。,,この文の 大事 の読み方はどれ？,"[""たいじ"", ""だいじ"", ""おおごと"", ""だいこと""]",1,だいじ,大切に扱うという意味の大事は、だいじ と読みます。
391,vocab1300_p073_002,73,reading_context,,大事,おおごと,早く手当てできたので、大事にならずにすみました。,,この文の 大事 の読み方はどれ？,"[""おおごと"", ""だいじ"", ""おおじ"", ""たいこと""]",0,おおごと,大変な出来事という意味の大事は、おおごと と読みます。
392,vocab1300_p073_003,73,reading_context,,人気,にんき,その遊びはクラスで人気があります。,,この文の 人気 の読み方はどれ？,"[""ひとけ"", ""にんき"", ""じんき"", ""ひとき""]",1,にんき,評判や受けがよいという意味の人気は、にんき と読みます。
393,vocab1300_p073_004,73,reading_context,,人気,ひとけ,夜の公園は人気がなくて、少しこわく感じました。,,この文の 人気 の読み方はどれ？,"[""にんき"", ""ひとき"", ""じんき"", ""ひとけ""]",3,ひとけ,人がいる気配という意味の人気は、ひとけ と読みます。
394,vocab1300_p073_005,73,reading_context,,上手,うわて,将棋では、兄の方が一枚上手です。,,この文の 上手 の読み方はどれ？,"[""じょうず"", ""うえて"", ""うわて"", ""うわで""]",2,うわて,相手より勝っているという意味の上手は、うわて と読みます。
395,vocab1300_p073_006,73,reading_context,,上手,じょうず,妹は絵をかくのが上手です。,,この文の 上手 の読み方はどれ？,"[""うわて"", ""うわで"", ""じょうず"", ""うえて""]",2,じょうず,手際がよく、やり方が巧みという意味の上手は、じょうず と読みます。
396,vocab1300_p075_001,75,meaning_context,,いやが上にも,いやがうえにも,前にほめられたので、いやが上にもやる気が高まりました。,,いやが上にも の意味はどれ？,"[""何かをするついでに"", ""半分に分けること"", ""なお、ますます、いっそう"", ""控えめでおとなしいこと""]",2,なお、ますます、いっそう,いやが上にもは、なお、ますます、いっそう、という意味です。
397,vocab1300_p075_002,75,meaning_context,,がてら,がてら,散歩がてら、近くの公園に行きました。,,がてら の意味はどれ？,"[""何も悪いことをしていないこと"", ""何かをするついでに"", ""うわさを早く聞くこと"", ""ますますということ""]",1,何かをするついでに,がてらは、何かをするついでに、という意味です。
398,vocab1300_p075_003,75,meaning_context,,潔白,けっぱく,自分は何もしていないので、潔白を証明したいと思いました。,,潔白 の意味はどれ？,"[""うわさを早く聞くこと"", ""半分に分けること"", ""何も悪いことをしていないこと"", ""控えめな態度""]",2,何も悪いことをしていないこと,潔白は、何も悪いことをしていないことです。
399,vocab1300_p075_004,75,meaning_context,,耳が早い,みみがはやい,姉は耳が早く、新しい店の話をすぐ知っていました。,,耳が早い の意味はどれ？,"[""ますます気持ちが高まること"", ""何かのついでにすること"", ""半分に分けること"", ""うわさなどを人よりも早く聞きつけること""]",3,うわさなどを人よりも早く聞きつけること,耳が早いは、うわさなどを人よりも早く聞きつけることです。
400,vocab1300_p075_005,75,meaning_context,,折半,せっぱん,材料費を二人で折半することにしました。,,折半 の意味はどれ？,"[""半分に分けること"", ""悪いことをしていないこと"", ""うわさを早く聞くこと"", ""控えめでおとなしいこと""]",0,半分に分けること,折半は、半分に分けることです。
401,vocab1300_p075_006,75,meaning_context,,しおらしい,しおらしい,先生の前では、弟は少ししおらしい態度でした。,,しおらしい の意味はどれ？,"[""何かのついでにすること"", ""悪いことをしていないこと"", ""控えめでおとなしいようす"", ""半分に分けること""]",2,控えめでおとなしいようす,しおらしいは、控えめでおとなしいようすです。
402,vocab1300_p076_001,76,meaning_context,,キャンセルする,キャンセルする,体調が悪くなったので、ピアノの予約をキャンセルしました。,,キャンセルする の意味はどれ？,"[""我が物顔で勢いを増すこと"", ""うそをついてだますこと"", ""予約・約束・予定を取り消すこと"", ""忘れないよう心に留めること""]",2,予約・約束・予定を取り消すこと,キャンセルするは、予約・約束・予定を取り消すことです。
403,vocab1300_p076_002,76,meaning_context,,のさばる,のさばる,注意する人がいないと、いじわるな子がのさばってしまいます。,,のさばる の意味はどれ？,"[""悪口を聞こえるように言うこと"", ""我が物顔で勢いを増すこと"", ""時間を短くすること"", ""予定を取り消すこと""]",1,我が物顔で勢いを増すこと,のさばるは、我が物顔で勢いを増すことです。
404,vocab1300_p076_003,76,meaning_context,,肝に銘じる,きもにめいじる,失敗から学んだことを、肝に銘じておきます。,,肝に銘じる の意味はどれ？,"[""うそをついてだますこと"", ""悪口をわざと聞こえるように言うこと"", ""我が物顔で勢いを増すこと"", ""忘れないように、心に留めておくこと""]",3,忘れないように、心に留めておくこと,肝に銘じるは、忘れないように、心に留めておくことです。
405,vocab1300_p076_004,76,meaning_context,,聞こえよがし,きこえよがし,本人に言わず、聞こえよがしに文句を言うのはよくありません。,,聞こえよがし の意味はどれ？,"[""悪口などを直接本人に言わず、わざと聞こえるように言うこと"", ""予約を取り消すこと"", ""心に留めておくこと"", ""時間を短くすること""]",0,悪口などを直接本人に言わず、わざと聞こえるように言うこと,聞こえよがしは、悪口などを直接本人に言わず、わざと聞こえるように言うことです。
406,vocab1300_p076_005,76,meaning_context,,あざむく,あざむく,人をあざむいて得をしようとするのは、してはいけないことです。,,あざむく の意味はどれ？,"[""予定を取り消すこと"", ""うそをついてだますこと"", ""心に留めること"", ""勢いを増すこと""]",1,うそをついてだますこと,あざむくは、巧妙にうそをついてだますことです。
407,vocab1300_p076_006,76,meaning_context,,短縮,たんしゅく,駅までの道を変えたら、時間を短縮できました。,,短縮 の意味はどれ？,"[""悪口を聞こえるように言うこと"", ""我が物顔でふるまうこと"", ""時間や距離を縮めること"", ""うそをつくこと""]",2,時間や距離を縮めること,短縮は、時間や距離を縮めること、短くすることです。
408,vocab1300_p077_001,77,meaning_context,,会釈,えしゃく,近所の人に会ったので、軽く会釈をしました。,,会釈 の意味はどれ？,"[""いい加減にすること"", ""ある目的のために話し合うこと"", ""軽く頭を下げたりしてあいさつをすること"", ""いらいらして舌を鳴らすこと""]",2,軽く頭を下げたりしてあいさつをすること,会釈は、軽く頭を下げたりしてあいさつをすることです。
409,vocab1300_p077_002,77,meaning_context,,画期的,かっきてき,その道具は、だれでも簡単に使える画期的な発明でした。,,画期的 の意味はどれ？,"[""うっとうしく感じること"", ""新しい時代を感じさせるほど目覚ましい様子"", ""軽くあいさつすること"", ""いい加減にすること""]",1,新しい時代を感じさせるほど目覚ましい様子,画期的は、新しい時代の到来を感じさせるように目覚ましい様子です。
410,vocab1300_p077_003,77,meaning_context,,交渉,こうしょう,遊ぶ時間を少し増やせないか、母と交渉しました。,,交渉 の意味はどれ？,"[""ある目的のために、当事者同士が話し合うこと"", ""舌を鳴らすこと"", ""あきあきすること"", ""新しく目覚ましいこと""]",0,ある目的のために、当事者同士が話し合うこと,交渉は、ある目的のために、当事者同士が話し合うことです。
411,vocab1300_p077_004,77,meaning_context,,おろそか,おろそか,テレビに夢中で、宿題がおろそかになりました。,,おろそか の意味はどれ？,"[""軽く頭を下げること"", ""うっとうしく感じること"", ""いい加減に何かをする様子"", ""話し合うこと""]",2,いい加減に何かをする様子,おろそかは、いい加減に何かをする様子です。
412,vocab1300_p077_005,77,meaning_context,,舌打ち,したうち,思い通りにいかなくても、舌打ちをするのはよくありません。,,舌打ち の意味はどれ？,"[""新しい時代を感じさせること"", ""いらいらしたときに、舌を鳴らすこと"", ""軽くあいさつすること"", ""いい加減にすること""]",1,いらいらしたときに、舌を鳴らすこと,舌打ちは、いらいらしたときに、舌を鳴らすことです。
413,vocab1300_p077_006,77,meaning_context,,鼻につく,はなにつく,妹の自慢話ばかり聞いていると、だんだん鼻についてきました。,,鼻につく の意味はどれ？,"[""うっとうしくて嫌に感じられること"", ""話し合うこと"", ""目覚ましい様子"", ""舌を鳴らすこと""]",0,うっとうしくて嫌に感じられること,鼻につくは、うっとうしくて嫌に感じられること、あきあきすることです。
414,vocab1300_p078_001,78,meaning_context,,あっけにとられる,あっけにとられる,手品が成功した瞬間、みんなはあっけにとられました。,,あっけにとられる の意味はどれ？,"[""すばらしい仕事をした人"", ""筋の通らない理屈"", ""数や量がとても多いこと"", ""驚いて、思わず言葉を失うこと""]",3,驚いて、思わず言葉を失うこと,あっけにとられるは、驚いて、思わず言葉を失うことです。
415,vocab1300_p078_002,78,meaning_context,,おびただしい,おびただしい,海辺には、おびただしい数の小さな貝が落ちていました。,,おびただしい の意味はどれ？,"[""体を動かさないこと"", ""数や量が非常に多いこと"", ""相手を見返すこと"", ""筋の通らない理屈""]",1,数や量が非常に多いこと,おびただしいは、数や量が非常に多いことです。
416,vocab1300_p078_003,78,meaning_context,,身じろぎもしない,みじろぎもしない,猫は物音を聞いて、身じろぎもしないで外を見ていました。,,身じろぎもしない の意味はどれ？,"[""驚いて言葉を失うこと"", ""すばらしい仕事をすること"", ""体を少しも動かさず、じっとしていること"", ""数が多いこと""]",2,体を少しも動かさず、じっとしていること,身じろぎもしないは、体を少しも動かさず、じっとしていることです。
417,vocab1300_p078_004,78,meaning_context,,見返す,みかえす,できないと言った人を見返すために、毎日練習しました。,,見返す の意味はどれ？,"[""自分を見下した相手に、以前より優れた自分を見せること"", ""筋の通らないことを言うこと"", ""じっとしていること"", ""数や量が多いこと""]",0,自分を見下した相手に、以前より優れた自分を見せること,見返すは、自分を見下した相手に、以前より優れた自分を見せることです。
418,vocab1300_p078_005,78,meaning_context,,屁理屈,へりくつ,やらない理由を並べても、ただの屁理屈に聞こえました。,,屁理屈 の意味はどれ？,"[""驚いて言葉を失うこと"", ""筋の通らない理屈"", ""人を見返すこと"", ""すばらしい仕事をした人""]",1,筋の通らない理屈,屁理屈は、筋の通らない理屈です。
419,vocab1300_p078_006,78,meaning_context,,偉人,いじん,この本には、国をよくした偉人の話がのっています。,,偉人 の意味はどれ？,"[""数や量が多いこと"", ""じっとしていること"", ""すばらしい仕事を成し遂げた人"", ""驚いて言葉を失うこと""]",2,すばらしい仕事を成し遂げた人,偉人は、すばらしい仕事を成し遂げた人です。
420,vocab1300_p079_001,79,meaning_context,,遠回し,とおまわし,母は『そろそろ片づけたら』と遠回しに注意しました。,,遠回し の意味はどれ？,"[""尊敬する気持ち"", ""力に差がないこと"", ""大騒ぎすること"", ""それとなく相手に伝わるように言うこと""]",3,それとなく相手に伝わるように言うこと,遠回しは、それとなく相手に伝わるように言うことです。
421,vocab1300_p079_002,79,meaning_context,,敬意,けいい,お世話になった先生に、敬意をこめて手紙を書きました。,,敬意 の意味はどれ？,"[""たくさんの中から選ぶこと"", ""尊敬する気持ち"", ""静まり返ること"", ""大騒ぎすること""]",1,尊敬する気持ち,敬意は、尊敬する気持ちです。
422,vocab1300_p079_003,79,meaning_context,,人騒がせ,ひとさわがせ,なくしたと思った本が机にあり、人騒がせな話でした。,,人騒がせ の意味はどれ？,"[""力に差がないこと"", ""それとなく言うこと"", ""たいしたことではないのに、必要以上に大騒ぎすること"", ""尊敬する気持ち""]",2,たいしたことではないのに、必要以上に大騒ぎすること,人騒がせは、たいしたことではないのに、必要以上に大騒ぎすることです。
423,vocab1300_p079_004,79,meaning_context,,選択,せんたく,たくさんの本の中から、読みたい一冊を選択しました。,,選択 の意味はどれ？,"[""たくさんの中から、自分の判断で何かを選ぶこと"", ""しんと静まること"", ""尊敬すること"", ""力に差がないこと""]",0,たくさんの中から、自分の判断で何かを選ぶこと,選択は、たくさんの中から、自分の判断で何かを選ぶことです。
424,vocab1300_p079_005,79,meaning_context,,水を打ったように,みずをうったように,先生が話し始めると、教室は水を打ったように静かになりました。,,水を打ったように の意味はどれ？,"[""それとなく言うこと"", ""大騒ぎすること"", ""力に差がないこと"", ""たくさんの人たちが、しんと静まり返っている様子""]",3,たくさんの人たちが、しんと静まり返っている様子,水を打ったようには、たくさんの人たちが、しんと静まり返っている様子です。
425,vocab1300_p079_006,79,meaning_context,,互角,ごかく,二人の勝負は互角で、どちらが勝つか分かりませんでした。,,互角 の意味はどれ？,"[""尊敬する気持ち"", ""力に差がないこと"", ""自分で選ぶこと"", ""静まり返ること""]",1,力に差がないこと,互角は、力に差がないことです。
426,vocab1300_p080_001,80,meaning_context,,生業,なりわい,祖父は、野菜を作ることを生業にしてきました。,,生業 の意味はどれ？,"[""トラブル"", ""他の言語に言い換えること"", ""生活をしていくための仕事"", ""手がかり""]",2,生活をしていくための仕事,生業は、生活をしていくための仕事です。
427,vocab1300_p080_002,80,meaning_context,,いざこざ,いざこざ,二人の間でいざこざが起きたので、先生が話を聞きました。,,いざこざ の意味はどれ？,"[""何の問題もなく解決すること"", ""トラブル"", ""ほったらかしにすること"", ""生活のための仕事""]",1,トラブル,いざこざは、トラブルのことです。
428,vocab1300_p080_003,80,meaning_context,,糸口,いとぐち,話し合いの中で、問題解決の糸口が見つかりました。,,糸口 の意味はどれ？,"[""他の言語に言い換えること"", ""生活のための仕事"", ""何かを解決するときの手がかり"", ""ほったらかしにすること""]",2,何かを解決するときの手がかり,糸口は、何かを解決するときの手がかりです。
429,vocab1300_p080_004,80,meaning_context,,丸く収まる,まるくおさまる,みんなが少しずつゆずったので、けんかは丸く収まりました。,,丸く収まる の意味はどれ？,"[""何の問題もなく、一件落着すること"", ""トラブルが起きること"", ""翻訳すること"", ""野放しにすること""]",0,何の問題もなく、一件落着すること,丸く収まるは、何の問題もなく、一件落着することです。
430,vocab1300_p080_005,80,meaning_context,,野放し,のばなし,危ない遊びを野放しにすると、大けがにつながることがあります。,,野放し の意味はどれ？,"[""生活のための仕事"", ""ほったらかしにすること"", ""手がかり"", ""他の言語に言い換えること""]",1,ほったらかしにすること,野放しは、ほったらかしにすることです。
431,vocab1300_p080_006,80,meaning_context,,翻訳する,ほんやくする,英語の手紙を日本語に翻訳しました。,,翻訳する の意味はどれ？,"[""トラブル"", ""問題を解決すること"", ""生活するための仕事"", ""他の言語に言い換えること""]",3,他の言語に言い換えること,翻訳するは、他の言語に言い換えることです。
432,vocab1300_p081_001,81,meaning_context,,現に,げんに,現に、昨日も同じ場所でその犬を見ました。,,現に の意味はどれ？,"[""まるで"", ""本当に、実際に"", ""良いところ"", ""物語の進み方""]",1,本当に、実際に,現には、本当に、実際に、という意味です。
433,vocab1300_p081_002,81,meaning_context,,あたかも,あたかも,弟は、あたかも全部知っているかのように話しました。,,あたかも の意味はどれ？,"[""無鉄砲に"", ""実際に"", ""まるで、ちょうど"", ""生活を改めて""]",2,まるで、ちょうど,あたかもは、まるで、ちょうど、という意味です。
434,vocab1300_p081_003,81,meaning_context,,向こう見ず,むこうみず,準備をしないで山へ行くなんて、向こう見ずな計画です。,,向こう見ず の意味はどれ？,"[""後のことを考えず、無鉄砲に行動すること"", ""物語が進むこと"", ""良いところ"", ""悪い生活をやめること""]",0,後のことを考えず、無鉄砲に行動すること,向こう見ずは、後のことを考えず、無鉄砲に行動することです。
435,vocab1300_p081_004,81,meaning_context,,展開,てんかい,その本は、最後まで展開が面白くて一気に読みました。,,展開 の意味はどれ？,"[""生活を改めること"", ""まるでということ"", ""本当にということ"", ""物語や映画などの進み方""]",3,物語や映画などの進み方,展開は、物語や映画などの進み方のことです。
436,vocab1300_p081_005,81,meaning_context,,メリット,メリット,早起きには、朝の時間をゆっくり使えるメリットがあります。,,メリット の意味はどれ？,"[""物語の進み方"", ""良いところ、利点"", ""悪い仲間と別れること"", ""無鉄砲なこと""]",1,良いところ、利点,メリットは、利点、良いところ、長所という意味です。
437,vocab1300_p081_006,81,meaning_context,,足を洗う,あしをあらう,兄は悪い遊びから足を洗い、まじめに学校へ通うようになりました。,,足を洗う の意味はどれ？,"[""悪い仲間や生活をやめて改めること"", ""実際に見たこと"", ""利点があること"", ""まるで同じこと""]",0,悪い仲間や生活をやめて改めること,足を洗うは、悪い仲間と付き合うのをやめて、生活を改めることです。
438,vocab1300_p082_001,82,meaning_context,,旨,むね,明日は休みになる旨を、先生がみんなに伝えました。,,旨 の意味はどれ？,"[""かわいらしいこと"", ""物事の意味や内容"", ""偶然に起こること"", ""悲しい出来事""]",1,物事の意味や内容,旨は、物事の意味や内容のことです。
439,vocab1300_p082_002,82,meaning_context,,異性,いせい,異性の友だちとも、楽しく話せるようになりました。,,異性 の意味はどれ？,"[""男の子から見た女の子、女の子から見た男の子"", ""言い返せないこと"", ""物事の内容"", ""かわいらしいこと""]",0,男の子から見た女の子、女の子から見た男の子,異性は、男の子から見た女の子、女の子から見た男の子のことです。
440,vocab1300_p082_003,82,meaning_context,,期せずして,きせずして,期せずして、駅で昔の友だちに会いました。,,期せずして の意味はどれ？,"[""言い返せずに"", ""悲しく"", ""思いがけず、偶然"", ""かわいらしく""]",2,思いがけず、偶然,期せずしては、思いがけず、偶然という意味です。
441,vocab1300_p082_004,82,meaning_context,,悲劇,ひげき,大雨で大切な写真がぬれてしまい、家族にとって悲劇でした。,,悲劇 の意味はどれ？,"[""かわいらしいこと"", ""物事の内容"", ""異性の友だち"", ""悲しく、痛々しい出来事""]",3,悲しく、痛々しい出来事,悲劇は、悲しく、痛々しい出来事のことです。
442,vocab1300_p082_005,82,meaning_context,,愛きょう,あいきょう,その子の笑顔には、愛きょうがあります。,,愛きょう の意味はどれ？,"[""偶然に起こること"", ""かわいらしいこと"", ""言い返せないこと"", ""悲しい出来事""]",1,かわいらしいこと,愛きょうは、かわいらしいことです。
443,vocab1300_p082_006,82,meaning_context,,ぐうの音も出ない,ぐうのねもでない,正しい理由を言われて、弟はぐうの音も出ませんでした。,,ぐうの音も出ない の意味はどれ？,"[""物事の内容"", ""偶然に起こること"", ""完全に言い負かされて、一言も言い返せないこと"", ""かわいらしいこと""]",2,完全に言い負かされて、一言も言い返せないこと,ぐうの音も出ないは、完全に言い負かされて、一言も言い返せないことです。
444,vocab1300_p083_001,83,meaning_context,,ふんばる,ふんばる,最後まであきらめず、ふんばりました。,,ふんばる の意味はどれ？,"[""人目を気にしないこと"", ""強く望むこと"", ""仕事を分けること"", ""がんばること""]",3,がんばること,ふんばるは、がんばることです。
445,vocab1300_p083_002,83,meaning_context,,気が気でない,きがきでない,妹が帰ってこないので、母は気が気でありませんでした。,,気が気でない の意味はどれ？,"[""気になってしかたがないこと"", ""悔しくて行きすぎること"", ""仕事を分けること"", ""がんばること""]",0,気になってしかたがないこと,気が気でないは、気になってしかたがないことです。
446,vocab1300_p083_003,83,meaning_context,,恥も外聞もない,はじもがいぶんもない,人前で大声でわがままを言うなんて、恥も外聞もない態度です。,,恥も外聞もない の意味はどれ？,"[""こうしてほしいと望むこと"", ""仕事を分けること"", ""恥ずかしがらず、人目も気にしないこと"", ""気になってしかたがないこと""]",2,恥ずかしがらず、人目も気にしないこと,恥も外聞もないは、恥ずかしがらず、人目も気にしないことです。
447,vocab1300_p083_004,83,meaning_context,,悔しまぎれ,くやしまぎれ,負けた悔しまぎれに、ボールを強くけってしまいました。,,悔しまぎれ の意味はどれ？,"[""悔しさのあまり、行きすぎた行動をすること"", ""人目を気にしないこと"", ""仕事を分けること"", ""強く望むこと""]",0,悔しさのあまり、行きすぎた行動をすること,悔しまぎれは、悔しさのあまり、行きすぎた行動におよぶことです。
448,vocab1300_p083_005,83,meaning_context,,要望,ようぼう,クラスのみんなの要望を聞いて、係を決めました。,,要望 の意味はどれ？,"[""気になること"", ""こうしてほしいと強く望むこと"", ""がんばること"", ""悔しくて行きすぎること""]",1,こうしてほしいと強く望むこと,要望は、こうしてほしいと強く望むことです。
449,vocab1300_p083_006,83,meaning_context,,分担,ぶんたん,掃除の仕事を三人で分担しました。,,分担 の意味はどれ？,"[""人目を気にしないこと"", ""気になってしかたがないこと"", ""仕事や役割をいくつかに分けて行うこと"", ""悔しさで行動すること""]",2,仕事や役割をいくつかに分けて行うこと,分担は、仕事や役割をいくつかに分けて行うことです。
450,vocab1300_p084_001,84,meaning_context,,ひとしきり,ひとしきり,ひとしきり雨が降ったあと、空が明るくなりました。,,ひとしきり の意味はどれ？,"[""その場のなりゆきで"", ""しばらくの間、盛んなようす"", ""知らないことを知っているふりをすること"", ""月の真ん中ごろ""]",1,しばらくの間、盛んなようす,ひとしきりは、しばらくの間、盛んなようすです。
451,vocab1300_p084_002,84,meaning_context,,バロメーター,バロメーター,朝の元気さは、体調のバロメーターになります。,,バロメーター の意味はどれ？,"[""想像通りであること"", ""状態や程度を知るための目安になるもの"", ""しばらく盛んなこと"", ""その場のなりゆき""]",1,状態や程度を知るための目安になるもの,バロメーターは、状態や程度を知るための目安になるものです。
452,vocab1300_p084_003,84,meaning_context,,知ったか振り,しったかぶり,知らないことを知ったか振りせず、先生に聞きました。,,知ったか振り の意味はどれ？,"[""月の真ん中ごろ"", ""想像通りであること"", ""知らないことを、知っているように見せかけること"", ""目安になるもの""]",2,知らないことを、知っているように見せかけること,知ったか振りは、知らないことを、知っているように見せかけることです。
453,vocab1300_p084_004,84,meaning_context,,図星,ずぼし,『宿題を忘れたでしょう』と言われ、図星で何も言えませんでした。,,図星 の意味はどれ？,"[""想像していた通りであること"", ""しばらく盛んなこと"", ""その場のなりゆき"", ""知らないふりをすること""]",0,想像していた通りであること,図星は、想像していた通りであることです。
454,vocab1300_p084_005,84,meaning_context,,いきおい,いきおい,みんなが手を上げたので、いきおい自分も手を上げました。,,いきおい の意味はどれ？,"[""状態の目安"", ""その場のなりゆきで"", ""想像通りで"", ""月の真ん中ごろ""]",1,その場のなりゆきで,いきおいは、その場のなりゆきで、という意味です。
455,vocab1300_p084_006,84,meaning_context,period_word,中旬,ちゅうじゅん,七月の中旬に、学校で面談があります。,,中旬 の意味はどれ？,"[""知らないことを知っているふり"", ""しばらく盛んなこと"", ""その月の十一日から二十日までの十日間"", ""想像通りであること""]",2,その月の十一日から二十日までの十日間,中旬は、その月の十一日から二十日までの十日間です。
456,vocab1300_p085_001,85,reading_context,,生物,なまもの,暑い日は、生物を早めに冷蔵庫へ入れましょう。,,この文の 生物 の読み方はどれ？,"[""せいぶつ"", ""なまもの"", ""いきもの"", ""しょうぶつ""]",1,なまもの,火を通していない食べ物という意味の生物は、なまもの と読みます。
457,vocab1300_p085_002,85,reading_context,,生物,せいぶつ,海にはたくさんの生物がすんでいます。,,この文の 生物 の読み方はどれ？,"[""なまもの"", ""せいぶつ"", ""いきもの"", ""しょうもの""]",1,せいぶつ,生命を持つものという意味の生物は、せいぶつ と読みます。
458,vocab1300_p085_003,85,reading_context,,人事,じんじ,会社の人事について、父が話していました。,,この文の 人事 の読み方はどれ？,"[""ひとごと"", ""にんじ"", ""じんじ"", ""ひとこと""]",2,じんじ,会社などで人の地位や仕事を決めることに関する人事は、じんじ と読みます。
459,vocab1300_p085_004,85,reading_context,,人事,ひとごと,友だちの失敗を人事だと思わず、自分も気をつけます。,,この文の 人事 の読み方はどれ？,"[""じんじ"", ""ひとごと"", ""にんじ"", ""ひとこと""]",1,ひとごと,自分には関係のないことという意味の人事は、ひとごと と読みます。
460,vocab1300_p085_005,85,reading_context,,見物,けんぶつ,京都の古い町を見物しました。,,この文の 見物 の読み方はどれ？,"[""みもの"", ""けんもの"", ""けんぶつ"", ""みぶつ""]",2,けんぶつ,観光地などを見て楽しむという意味の見物は、けんぶつ と読みます。
461,vocab1300_p085_006,85,reading_context,,見物,みもの,最後のダンスは、なかなかの見物でした。,,この文の 見物 の読み方はどれ？,"[""けんぶつ"", ""みぶつ"", ""けんもの"", ""みもの""]",3,みもの,見るだけの価値があるものという意味の見物は、みもの と読みます。
462,vocab1300_p087_001,87,meaning_context,,虐げる,しいたげる,弱い人を虐げるようなことは、絶対にしてはいけません。,,虐げる の意味はどれ？,"[""ひどい扱いをして苦しめること"", ""一つのことをやり通すこと"", ""質が良くないこと"", ""方法がないこと""]",0,ひどい扱いをして苦しめること,虐げるは、ひどい扱いをして苦しめることです。
463,vocab1300_p087_002,87,meaning_context,,徹する,てっする,今日は聞き役に徹して、友だちの話を最後まで聞きました。,,徹する の意味はどれ？,"[""みすぼらしいこと"", ""相手の機嫌を見ること"", ""一つのことを最後までやり通すこと"", ""質が良くないこと""]",2,一つのことを最後までやり通すこと,徹するは、一つのことを最後までやり通すことです。
464,vocab1300_p087_003,87,meaning_context,,顔色をうかがう,かおいろをうかがう,弟は母の顔色をうかがいながら、お願いをしました。,,顔色をうかがう の意味はどれ？,"[""表情を見ながら、相手の機嫌をうかがうこと"", ""方法がないこと"", ""扱いが悪いこと"", ""一つのことを続けること""]",0,表情を見ながら、相手の機嫌をうかがうこと,顔色をうかがうは、表情を見ながら、相手の機嫌をうかがうことです。
465,vocab1300_p087_004,87,meaning_context,,なすすべもなく,なすすべもなく,強い雨で外に出られず、なすすべもなく待っていました。,,なすすべもなく の意味はどれ？,"[""ひどく扱って"", ""質が悪くて"", ""方法や手段がなく、どうにもできずに"", ""相手の機嫌を見て""]",2,方法や手段がなく、どうにもできずに,なすすべもなくは、方法や手段がなく、どうにもできずに、という意味です。
466,vocab1300_p087_005,87,meaning_context,,劣る,おとる,去年より体力が劣らないように、毎日歩いています。,,劣る の意味はどれ？,"[""やり通すこと"", ""周りよりも、質や出来が良くないこと"", ""相手を苦しめること"", ""どうにもできないこと""]",1,周りよりも、質や出来が良くないこと,劣るは、周りよりも、質や出来が良くないことです。
467,vocab1300_p087_006,87,meaning_context,,粗末,そまつ,道具を粗末にせず、大切に使いましょう。,,粗末 の意味はどれ？,"[""方法がないこと"", ""一つのことをやり通すこと"", ""みすぼらしいこと、扱いが悪いこと"", ""機嫌を見ること""]",2,みすぼらしいこと、扱いが悪いこと,粗末は、みすぼらしいことや、扱いが悪いことです。
468,vocab1300_p088_001,88,meaning_context,,あさましい,あさましい,自分だけ多くもらおうとするのは、あさましい態度です。,,あさましい の意味はどれ？,"[""胸が痛んで苦しいこと"", ""物事を判断して決めること"", ""みっともない、卑しいこと"", ""れっきとした理由""]",2,みっともない、卑しいこと,あさましいは、みっともない、卑しいという意味です。
469,vocab1300_p088_002,88,meaning_context,,切ない,せつない,引っこしで友だちと別れるのは、切ない気持ちになります。,,切ない の意味はどれ？,"[""悪いところを責めること"", ""胸が痛んで、苦しいこと"", ""腕力で解決すること"", ""判断して決めること""]",1,胸が痛んで、苦しいこと,切ないは、胸が痛んで、苦しいことです。
470,vocab1300_p088_003,88,meaning_context,,判定,はんてい,先生が、どちらの答えが正しいか判定しました。,,判定 の意味はどれ？,"[""れっきとした理由"", ""胸が苦しいこと"", ""物事を判断して、決めること"", ""みっともないこと""]",2,物事を判断して、決めること,判定は、物事を判断して、決めることです。
471,vocab1300_p088_004,88,meaning_context,,根拠,こんきょ,根拠のないうわさを信じるのはやめましょう。,,根拠 の意味はどれ？,"[""悪いところを責めること"", ""腕力で解決すること"", ""みっともないこと"", ""れっきとした理由""]",3,れっきとした理由,根拠は、れっきとした理由のことです。
472,vocab1300_p088_005,88,meaning_context,,批判,ひはん,作品を批判するときも、よいところと直すところを分けて話したいです。,,批判 の意味はどれ？,"[""胸が苦しいこと"", ""悪いところを指摘し、責めること"", ""腕力で解決すること"", ""理由を示すこと""]",1,悪いところを指摘し、責めること,批判は、悪いところを指摘し、責めることです。
473,vocab1300_p088_006,88,meaning_context,,腕ずく,うでずく,腕ずくで物を取り上げるのではなく、話し合いましょう。,,腕ずく の意味はどれ？,"[""腕力で強引に解決すること"", ""物事を判断すること"", ""胸が痛むこと"", ""悪いところを指摘すること""]",0,腕力で強引に解決すること,腕ずくは、腕力で強引に解決することです。
474,vocab1300_p089_001,89,meaning_context,,助言,じょげん,友だちの助言で、発表の内容を直しました。,,助言 の意味はどれ？,"[""アドバイス"", ""お腹をこわすこと"", ""ほらを吹くこと"", ""似た種類""]",0,アドバイス,助言は、アドバイスのことです。
475,vocab1300_p089_002,89,meaning_context,,さとす,さとす,父は、うそをついてはいけないと弟をさとしました。,,さとす の意味はどれ？,"[""再び元気になること"", ""大事なことを言い聞かせること"", ""同じような仲間"", ""大きなことを言うこと""]",1,大事なことを言い聞かせること,さとすは、大事なことを言い聞かせることです。
476,vocab1300_p089_003,89,meaning_context,,食あたり,しょくあたり,古いおかずを食べて、食あたりになりました。,,食あたり の意味はどれ？,"[""ほらを吹くこと"", ""似た種類"", ""傷んだ物を食べて、お腹をこわすこと"", ""大事なことを言うこと""]",2,傷んだ物を食べて、お腹をこわすこと,食あたりは、傷んだ物を食べて、お腹をこわすことです。
477,vocab1300_p089_004,89,meaning_context,,よみがえる,よみがえる,水をあげたら、しおれた花が少しよみがえりました。,,よみがえる の意味はどれ？,"[""一度衰えたものが、再び元気になること"", ""お腹をこわすこと"", ""言い聞かせること"", ""似た仲間""]",0,一度衰えたものが、再び元気になること,よみがえるは、一度衰えたものが、再び元気になることです。
478,vocab1300_p089_005,89,meaning_context,,うそぶく,うそぶく,弟は『次は絶対一位になる』とうそぶきました。,,うそぶく の意味はどれ？,"[""助言すること"", ""大きなことを言うこと、ほらを吹くこと"", ""再び元気になること"", ""傷んだ物を食べること""]",1,大きなことを言うこと、ほらを吹くこと,うそぶくは、大きなことを言うこと、ほらを吹くことです。
479,vocab1300_p089_006,89,meaning_context,,たぐい,たぐい,このたぐいの問題は、図にすると分かりやすいです。,,たぐい の意味はどれ？,"[""大きなことを言うこと"", ""アドバイス"", ""同じようなもの、似たような種類や仲間"", ""お腹をこわすこと""]",2,同じようなもの、似たような種類や仲間,たぐいは、同じようなもの、似たような種類や仲間のことです。
480,vocab1300_p090_001,90,meaning_context,,一因,いちいん,雨が続いたことも、野菜が育たなかった一因です。,,一因 の意味はどれ？,"[""規模が小さいようす"", ""ドキドキ見守ること"", ""傷つけてダメにすること"", ""考えられるいくつかの原因の一つ""]",3,考えられるいくつかの原因の一つ,一因は、考えられるいくつかの原因の一つです。
481,vocab1300_p090_002,90,meaning_context,,損なう,そこなう,夜ふかしを続けると、健康を損なうことがあります。,,損なう の意味はどれ？,"[""結果を見守ること"", ""優れて目立つこと"", ""傷つけてダメにすること"", ""原因の一つ""]",2,傷つけてダメにすること,損なうは、傷つけてダメにすることです。
482,vocab1300_p090_003,90,meaning_context,,ささやか,ささやか,誕生日に、家族でささやかなお祝いをしました。,,ささやか の意味はどれ？,"[""結果が分からないこと"", ""傷つけること"", ""規模が小さいようす"", ""才能が目立つこと""]",2,規模が小さいようす,ささやかは、規模が小さいようすです。
483,vocab1300_p090_004,90,meaning_context,,いちかばちか,いちかばちか,答えは分からないけれど、いちかばちか手を上げました。,,いちかばちか の意味はどれ？,"[""結果がどうなるか分からないが、やってみること"", ""健康を悪くすること"", ""小さく行うこと"", ""原因の一つ""]",0,結果がどうなるか分からないが、やってみること,いちかばちかは、結果がどうなるか分からないが、やってみることです。
484,vocab1300_p090_005,90,meaning_context,,かたずを呑んで,かたずをのんで,みんなは、かたずを呑んで試合の最後を見守りました。,,かたずを呑んで の意味はどれ？,"[""傷つけてダメにして"", ""才能が目立って"", ""ドキドキしながら見守って"", ""規模を小さくして""]",2,ドキドキしながら見守って,かたずを呑んでは、ドキドキしながら見守ることです。
485,vocab1300_p090_006,90,meaning_context,,頭角,とうかく,その選手は、今年になって頭角を現してきました。,,頭角 の意味はどれ？,"[""原因の一つ"", ""才能や技術が抜きん出て、人より優れて目立つこと"", ""結果が分からないこと"", ""小さい規模""]",1,才能や技術が抜きん出て、人より優れて目立つこと,頭角は、才能や技術が抜きん出て、人より優れて目立つことです。
486,vocab1300_p091_001,91,meaning_context,,淡泊,たんぱく,このスープは淡泊な味で、朝でも食べやすいです。,,淡泊 の意味はどれ？,"[""よく聞かず分かったつもりになること"", ""あっさりしていること"", ""見ていられないほどひどいこと"", ""人や物を残して行くこと""]",1,あっさりしていること,淡泊は、あっさりしていて、しつこくないことです。
487,vocab1300_p091_002,91,meaning_context,,早合点,はやがてん,最後まで説明を聞かずに、早合点してしまいました。,,早合点 の意味はどれ？,"[""あわてること"", ""自分だけのもの"", ""よく聞かず、分かったつもりになること"", ""あっさりしていること""]",2,よく聞かず、分かったつもりになること,早合点は、じっくり聞かずに、分かったつもりになることです。
488,vocab1300_p091_003,91,meaning_context,,独自,どくじ,青ちゃんは独自のやり方で、計算を工夫しました。,,独自 の意味はどれ？,"[""そのものだけが持っていること"", ""人を残して行くこと"", ""見ていられないこと"", ""あわてること""]",0,そのものだけが持っていること,独自は、そのものだけが持っていること、自分だけのものという意味です。
489,vocab1300_p091_004,91,meaning_context,,目に余る,めにあまる,何度注意しても続くいたずらは、目に余る行動です。,,目に余る の意味はどれ？,"[""あっさりしていること"", ""人を残して行くこと"", ""分かったつもりになること"", ""見ていられないほど、行動などがひどいこと""]",3,見ていられないほど、行動などがひどいこと,目に余るは、見ていられないほど、何かがひどいことです。
490,vocab1300_p091_005,91,meaning_context,,置き去り,おきざり,駅にかばんを置き去りにして、家に帰ってしまいました。,,置き去り の意味はどれ？,"[""どうしたらよいか分からずあわてること"", ""人や物を残したまま、行ってしまうこと"", ""自分だけのやり方"", ""しつこくないこと""]",1,人や物を残したまま、行ってしまうこと,置き去りは、人や物を残したまま、行ってしまうことです。
491,vocab1300_p091_006,91,meaning_context,,うろたえる,うろたえる,急に名前を呼ばれて、少しうろたえました。,,うろたえる の意味はどれ？,"[""人を残して行くこと"", ""あっさりしていること"", ""どうしたらよいか分からず、あわてること"", ""見ていられないこと""]",2,どうしたらよいか分からず、あわてること,うろたえるは、どうしたらよいか分からず、あわてることです。
492,vocab1300_p092_001,92,meaning_context,,矢先,やさき,出かけようとした矢先に、雨が降ってきました。,,矢先 の意味はどれ？,"[""旅立つ人に贈る品物"", ""引っ込み思案な性格"", ""何かが始まろうとする、まさにそのとき"", ""入念に調べること""]",2,何かが始まろうとする、まさにそのとき,矢先は、何かが始まろうとする、まさにそのときです。
493,vocab1300_p092_002,92,meaning_context,,むなしい,むなしい,せっかく作ったのに誰にも見てもらえず、むなしい気持ちになりました。,,むなしい の意味はどれ？,"[""何も得るものがなく、つまらないこと"", ""はらはら見守ること"", ""入念に調べること"", ""人に贈る品物""]",0,何も得るものがなく、つまらないこと,むなしいは、何も得るものがなく、つまらないことです。
494,vocab1300_p092_003,92,meaning_context,,吟味,ぎんみ,材料をよく吟味して、夕食のメニューを決めました。,,吟味 の意味はどれ？,"[""何も得るものがないこと"", ""引っ込み思案なこと"", ""入念に調べること"", ""ドキドキ見守ること""]",2,入念に調べること,吟味は、入念に調べることです。
495,vocab1300_p092_004,92,meaning_context,,手に汗をにぎる,てにあせをにぎる,最後の一点を取れるか、手に汗をにぎって見守りました。,,手に汗をにぎる の意味はどれ？,"[""はらはらドキドキしながら、なりゆきを見守ること"", ""何かが始まるまさにそのとき"", ""旅立つ人に贈ること"", ""おとなしい性格""]",0,はらはらドキドキしながら、なりゆきを見守ること,手に汗をにぎるは、はらはらドキドキしながら、なりゆきを見守ることです。
496,vocab1300_p092_005,92,meaning_context,,せんべつ,せんべつ,転校する友だちに、せんべつとしてハンカチを贈りました。,,せんべつ の意味はどれ？,"[""入念に調べること"", ""旅立つ人や引っ越す人に贈る品物"", ""得るものがないこと"", ""そのとき""]",1,旅立つ人や引っ越す人に贈る品物,せんべつは、引っ越す人や旅立つ人に贈る品物です。
497,vocab1300_p092_006,92,meaning_context,,内気,うちき,妹は内気で、初めて会う人の前ではあまり話しません。,,内気 の意味はどれ？,"[""はらはらすること"", ""何も得られないこと"", ""引っ込み思案で、おとなしい性格"", ""人に贈る品物""]",2,引っ込み思案で、おとなしい性格,内気は、引っ込み思案で、おとなしい性格のことです。
498,vocab1300_p093_001,93,meaning_context,,不得手,ふとくて,私は人前で話すことが不得手です。,,不得手 の意味はどれ？,"[""本心でないことが見え見えなようす"", ""苦手なこと"", ""大変喜ぶこと"", ""悪いところを責めること""]",1,苦手なこと,不得手は、苦手という意味です。
499,vocab1300_p093_002,93,meaning_context,,しらじらしい,しらじらしい,明らかに知っているのに、しらじらしく『知らない』と言いました。,,しらじらしい の意味はどれ？,"[""悪いところを責めること"", ""優秀な人ばかりであること"", ""本心でないことが見え見えなようす"", ""苦手なこと""]",2,本心でないことが見え見えなようす,しらじらしいは、本心でないことが見え見えなようすです。
500,vocab1300_p093_003,93,meaning_context,,とがめる,とがめる,先生は、友だちを押したことをとがめました。,,とがめる の意味はどれ？,"[""間違いや過失を責めること"", ""手柄を立てたように喜ぶこと"", ""苦手なこと"", ""優秀な人がそろうこと""]",0,間違いや過失を責めること,とがめるは、間違いや過失を責めることです。
501,vocab1300_p093_004,93,meaning_context,,つぶぞろい,つぶぞろい,今年の合唱メンバーは、歌が上手な子ばかりでつぶぞろいです。,,つぶぞろい の意味はどれ？,"[""本心でないことが分かるようす"", ""悪いところを責めること"", ""優秀な人ばかりがそろっているようす"", ""苦手なこと""]",2,優秀な人ばかりがそろっているようす,つぶぞろいは、優秀な人ばかりがそろっているようすです。
502,vocab1300_p093_005,93,meaning_context,,鬼の首を取ったよう,おにのくびをとったよう,小さなミスを見つけただけなのに、弟は鬼の首を取ったように喜びました。,,鬼の首を取ったよう の意味はどれ？,"[""優秀な人がそろうこと"", ""悪いところを責めること"", ""本心でないこと"", ""大きな手柄を立てたかのように、大変喜ぶようす""]",3,大きな手柄を立てたかのように、大変喜ぶようす,鬼の首を取ったようは、大きな手柄を立てたかのように大変喜ぶようすです。
503,vocab1300_p093_006,93,meaning_context,,けなす,けなす,友だちの絵をけなすのではなく、よいところを見つけたいです。,,けなす の意味はどれ？,"[""苦手なこと"", ""悪いところを取り上げて、責めること"", ""優秀な人がそろうこと"", ""本心でないこと""]",1,悪いところを取り上げて、責めること,けなすは、悪いところを取り上げて、責めることです。
504,vocab1300_p094_001,94,meaning_context,,他ならない,ほかならない,この成功は、みんなの努力の結果に他なりません。,,他ならない の意味はどれ？,"[""相手の好意を迷惑に感じること"", ""まさしくそのことであること"", ""自分で費用を払うこと"", ""気持ちがすっきりしないこと""]",1,まさしくそのことであること,他ならないは、まさしくそのことである、〜でしかないという意味です。
505,vocab1300_p094_002,94,meaning_context,,結末,けつまつ,その物語の結末が気になって、最後まで読みました。,,結末 の意味はどれ？,"[""嫌に思わないこと"", ""自分で払うこと"", ""物語などの終わり"", ""まさしくそのこと""]",2,物語などの終わり,結末は、物語などの終わり、エンディングのことです。
506,vocab1300_p094_003,94,meaning_context,,ありがた迷惑,ありがためいわく,手伝ってくれたけれど、やり方が違っていてありがた迷惑でした。,,ありがた迷惑 の意味はどれ？,"[""相手の好意を、迷惑に感じること"", ""嫌に思わないこと"", ""物語の終わり"", ""自分で費用を払うこと""]",0,相手の好意を、迷惑に感じること,ありがた迷惑は、相手の好意を迷惑に感じることです。
507,vocab1300_p094_004,94,meaning_context,,自前,じまえ,遠足のおやつは、自前で用意することになりました。,,自前 の意味はどれ？,"[""すっきりしないこと"", ""相手の好意のこと"", ""自分で費用を負担すること"", ""まさしくそのこと""]",2,自分で費用を負担すること,自前は、自分で費用を負担することです。
508,vocab1300_p094_005,94,meaning_context,,いとわない,いとわない,青ちゃんは、友だちのためなら遠回りもいとわずに歩きました。,,いとわない の意味はどれ？,"[""嫌に思わない、わずらわしいと思わない"", ""自分で費用を払う"", ""物語の終わり"", ""迷惑に感じる""]",0,嫌に思わない、わずらわしいと思わない,いとわないは、嫌に思わない、わずらわしいと思わないという意味です。
509,vocab1300_p094_006,94,meaning_context,,釈然としない,しゃくぜんとしない,説明を聞いても、まだ少し釈然としませんでした。,,釈然としない の意味はどれ？,"[""まさしくそのことである"", ""物語が終わる"", ""嫌がらない"", ""疑いや迷いが残り、気持ちがすっきりしないこと""]",3,疑いや迷いが残り、気持ちがすっきりしないこと,釈然としないは、疑いや迷いが残り、気持ちがすっきりしないことです。
510,vocab1300_p095_001,95,meaning_context,,厄介,やっかい,この問題は少し厄介で、すぐには解けませんでした。,,厄介 の意味はどれ？,"[""扱いに困ること"", ""規模が大きいこと"", ""嬉しくてにこにこすること"", ""きまりが悪いこと""]",0,扱いに困ること,厄介は、扱いに困ること、手に余ることです。
511,vocab1300_p095_002,95,meaning_context,,ついほおがゆるむ,ついほおがゆるむ,妹のかわいい手紙を見て、ついほおがゆるみました。,,ついほおがゆるむ の意味はどれ？,"[""息が詰まるように感じること"", ""鍛えられていること"", ""嬉しくて、思わずにこにこすること"", ""扱いに困ること""]",2,嬉しくて、思わずにこにこすること,ついほおがゆるむは、嬉しくて、思わずにこにこすることです。
512,vocab1300_p095_003,95,meaning_context,,かた苦しい,かたくるしい,かた苦しいあいさつはやめて、いつもの言葉で話しました。,,かた苦しい の意味はどれ？,"[""きまりが悪いこと"", ""格式張っていて、息が詰まるように感じること"", ""思わず笑うこと"", ""規模が大きいこと""]",1,格式張っていて、息が詰まるように感じること,かた苦しいは、格式張っていて、息が詰まるように感じることです。
513,vocab1300_p095_004,95,meaning_context,,筋金入り,すじがねいり,祖父は毎日走る、筋金入りのランナーです。,,筋金入り の意味はどれ？,"[""格式張っていること"", ""きまりが悪いこと"", ""扱いに困ること"", ""体や考えがしっかり鍛えられているようす""]",3,体や考えがしっかり鍛えられているようす,筋金入りは、体や考えがしっかり鍛えられているようすです。
514,vocab1300_p095_005,95,meaning_context,,盛大,せいだい,学校では、運動会のあとに盛大なお祝いをしました。,,盛大 の意味はどれ？,"[""規模が大きくて、立派なようす"", ""思わずにこにこすること"", ""扱いに困ること"", ""息が詰まること""]",0,規模が大きくて、立派なようす,盛大は、規模が大きくて、立派なようすです。
515,vocab1300_p095_006,95,meaning_context,,ばつが悪い,ばつがわるい,大きな声で間違えてしまい、ばつが悪くなりました。,,ばつが悪い の意味はどれ？,"[""鍛えられていること"", ""規模が大きいこと"", ""きまりが悪い思いをすること"", ""嬉しくて笑うこと""]",2,きまりが悪い思いをすること,ばつが悪いは、きまりが悪い思いをすることです。
516,vocab1300_p096_001,96,meaning_context,,爽快,そうかい,よく眠れた朝は、爽快な気分でした。,,爽快 の意味はどれ？,"[""気のきいた発言をする力"", ""互い違いに並ぶこと"", ""さっぱりとして、気持ちがいいこと"", ""反対を押し切ること""]",2,さっぱりとして、気持ちがいいこと,爽快は、さっぱりとして、気持ちがいいことです。
517,vocab1300_p096_002,96,meaning_context,,手に余る,てにあまる,この大きな仕事は、一人では手に余ります。,,手に余る の意味はどれ？,"[""たまたま通りかかること"", ""自分の力をこえていて、処理できないこと"", ""さっぱりして気持ちがよいこと"", ""互い違いにすること""]",1,自分の力をこえていて、処理できないこと,手に余るは、自分の力をこえていて、処理できないことです。
518,vocab1300_p096_003,96,meaning_context,,機知,きち,その女優は機知に富んだ返事で、会場を笑わせました。,,機知 の意味はどれ？,"[""反対を押し切ること"", ""通りすがりのこと"", ""その場に合わせて、気のきいた発言や行動をする力"", ""処理できないこと""]",2,その場に合わせて、気のきいた発言や行動をする力,機知は、その場に合わせて、気のきいた発言や行動をする力です。
519,vocab1300_p096_004,96,meaning_context,,交互,こうご,白と赤の紙を交互に並べました。,,交互 の意味はどれ？,"[""互い違いに並ぶこと"", ""無理に進めること"", ""気持ちがいいこと"", ""たまたま通ること""]",0,互い違いに並ぶこと,交互は、互い違いに並ぶことです。
520,vocab1300_p096_005,96,meaning_context,,行きずり,ゆきずり,行きずりの人に道を教えてもらいました。,,行きずり の意味はどれ？,"[""自分の力をこえること"", ""その場に合うこと"", ""たまたま通りかかること"", ""反対を押し切ること""]",2,たまたま通りかかること,行きずりは、たまたま通りかかること、通りすがりのことです。
521,vocab1300_p096_006,96,meaning_context,,強引,ごういん,みんなが嫌がっているのに、強引に決めるのはよくありません。,,強引 の意味はどれ？,"[""さっぱりすること"", ""通りすがること"", ""互い違いに並ぶこと"", ""反対や抵抗を押し切って、無理に何かを行うこと""]",3,反対や抵抗を押し切って、無理に何かを行うこと,強引は、反対や抵抗を押し切って、無理に何かを行うことです。
522,vocab1300_p097_001,97,reading_context,,生地,きじ,赤と青の生地を買って、バッグを作りました。,,この文の 生地 の読み方はどれ？,"[""せいち"", ""しょうち"", ""きじ"", ""なまじ""]",2,きじ,布や服に使う材料という意味の生地は、きじ と読みます。
523,vocab1300_p097_002,97,reading_context,,生地,せいち,坂本龍馬の生地は、今の高知県です。,,この文の 生地 の読み方はどれ？,"[""せいち"", ""きじ"", ""なまち"", ""しょうち""]",0,せいち,その人が生まれたところという意味の生地は、せいち と読みます。
524,vocab1300_p097_003,97,reading_context,,末期,まっき,江戸時代の末期に、外国の船が来ました。,,この文の 末期 の読み方はどれ？,"[""まつご"", ""すえき"", ""まっき"", ""まき""]",2,まっき,ある物事の終わりに近いころという意味の末期は、まっき と読みます。
525,vocab1300_p097_004,97,reading_context,,末期,まつご,祖母の末期を、家族みんなで見守りました。,,この文の 末期 の読み方はどれ？,"[""まっき"", ""まつご"", ""すえご"", ""まつき""]",1,まつご,一生の終わりのときという意味の末期は、まつご と読みます。
526,vocab1300_p097_005,97,reading_context,,辛い,つらい,大切な友だちと別れるのは辛いです。,,この文の 辛い の読み方はどれ？,"[""からい"", ""つらい"", ""しんい"", ""つよい""]",1,つらい,心や体が苦しいという意味の辛いは、つらい と読みます。
527,vocab1300_p097_006,97,reading_context,,辛い,からい,このカレーは、辛すぎて食べられません。,,この文の 辛い の読み方はどれ？,"[""つらい"", ""しんい"", ""からい"", ""つよい""]",2,からい,唐辛子などで舌が刺激される味という意味の辛いは、からい と読みます。
528,vocab1300_p099_001,99,meaning_context,,相槌を打つ,あいづちをうつ,友だちの話に相槌を打ちながら聞きました。,,相槌を打つ の意味はどれ？,"[""悪事を行うためのたくらみ"", ""いちばん力を入れる部分"", ""相手の話を聞き、軽く答えたりうなずいたりすること"", ""心配がなくなりほっとすること""]",2,相手の話を聞き、軽く答えたりうなずいたりすること,相槌を打つは、相手の話を聞き、軽く答えたりうなずいたりすることです。
529,vocab1300_p099_002,99,meaning_context,,気後れ,きおくれ,上手な人ばかりの中で、少し気後れしました。,,気後れ の意味はどれ？,"[""相手や周囲の雰囲気にのまれて、尻込みすること"", ""違反に対する罰則"", ""話にうなずくこと"", ""悪いたくらみ""]",0,相手や周囲の雰囲気にのまれて、尻込みすること,気後れは、相手や周囲の雰囲気にのまれて、尻込みすることです。
530,vocab1300_p099_003,99,meaning_context,,陰謀,いんぼう,物語の中で、敵は王様を困らせる陰謀を考えていました。,,陰謀 の意味はどれ？,"[""力を入れる部分"", ""心配がなくなること"", ""悪事を行うためのたくらみ"", ""うなずくこと""]",2,悪事を行うためのたくらみ,陰謀は、悪事を行うためのたくらみです。
531,vocab1300_p099_004,99,meaning_context,,胸をなでおろす,むねをなでおろす,なくしたと思った財布が見つかり、胸をなでおろしました。,,胸をなでおろす の意味はどれ？,"[""違反して罰を受けること"", ""心配や不安がなくなり、ほっとすること"", ""悪いたくらみをすること"", ""力を入れること""]",1,心配や不安がなくなり、ほっとすること,胸をなでおろすは、心配や不安がなくなり、ほっとすることです。
532,vocab1300_p099_005,99,meaning_context,,重点,じゅうてん,このテストでは、漢字より読解に重点を置きました。,,重点 の意味はどれ？,"[""相手の話にうなずくこと"", ""いちばん力を入れる部分"", ""尻込みすること"", ""罰則""]",1,いちばん力を入れる部分,重点は、いちばん力を入れる部分のことです。
533,vocab1300_p099_006,99,meaning_context,,ペナルティー,ペナルティー,ルールを破ったので、ペナルティーを受けました。,,ペナルティー の意味はどれ？,"[""悪いたくらみ"", ""心配がなくなること"", ""話にうなずくこと"", ""違反したことに対する罰則""]",3,違反したことに対する罰則,ペナルティーは、違反したことに対する罰則です。
534,vocab1300_p100_001,100,meaning_context,,略する,りゃくする,長い自己紹介は略して、名前だけ言いました。,,略する の意味はどれ？,"[""昔の人のこと"", ""わき目もふらず走ること"", ""地位をやめること"", ""短く簡単にすること""]",3,短く簡単にすること,略するは、短く簡単にすることです。
535,vocab1300_p100_002,100,meaning_context,,先人,せんじん,先人の知恵から、今の私たちも学ぶことができます。,,先人 の意味はどれ？,"[""無関係なこと"", ""昔の人、祖先"", ""短くすること"", ""名誉を傷つけること""]",1,昔の人、祖先,先人は、昔の人や祖先のことです。
536,vocab1300_p100_003,100,meaning_context,,無縁,むえん,運動と健康は無縁ではありません。,,無縁 の意味はどれ？,"[""走って逃げること"", ""昔の人のこと"", ""無関係で、かかわりがないこと"", ""地位をやめること""]",2,無関係で、かかわりがないこと,無縁は、無関係で、かかわりがないことです。
537,vocab1300_p100_004,100,meaning_context,,顔をつぶす,かおをつぶす,みんなの前でからかうと、相手の顔をつぶしてしまいます。,,顔をつぶす の意味はどれ？,"[""名誉を傷つけること、恥をかかせること"", ""短く簡単にすること"", ""無関係なこと"", ""昔の人を敬うこと""]",0,名誉を傷つけること、恥をかかせること,顔をつぶすは、名誉を傷つけたり、恥をかかせたりすることです。
538,vocab1300_p100_005,100,meaning_context,,退く,しりぞく,その選手は、今年でチームを退くことになりました。,,退く の意味はどれ？,"[""無関係になること"", ""その地位や役目をやめること"", ""わき目もふらず走ること"", ""名誉を傷つけること""]",1,その地位や役目をやめること,退くは、その地位や役目をやめることです。
539,vocab1300_p100_006,100,meaning_context,,一目散,いちもくさん,犬に追いかけられて、一目散に家へ走りました。,,一目散 の意味はどれ？,"[""昔の人"", ""短くすること"", ""無関係なこと"", ""わき目もふらず、走って行くようす""]",3,わき目もふらず、走って行くようす,一目散は、わき目もふらず、走って行くようすです。
540,vocab1300_p101_001,101,meaning_context,,皮肉,ひにく,友だちに皮肉ばかり言うと、相手を傷つけてしまいます。,,皮肉 の意味はどれ？,"[""頭の回転が速いこと"", ""文字がない白い部分"", ""相手が嫌がることを、わざと言うこと"", ""数えきれないほど多いこと""]",2,相手が嫌がることを、わざと言うこと,皮肉は、相手が嫌がることを、わざと言うことです。
541,vocab1300_p101_002,101,meaning_context,,目から鼻へ抜ける,めからはなへぬける,姉は目から鼻へ抜けるような人で、説明を聞くとすぐ理解します。,,目から鼻へ抜ける の意味はどれ？,"[""進むのを邪魔すること"", ""頭の回転が速く、利口であるようす"", ""ある方向に流れが傾くこと"", ""相手が嫌がることを言うこと""]",1,頭の回転が速く、利口であるようす,目から鼻へ抜けるは、頭の回転が速く、利口であるようすです。
542,vocab1300_p101_003,101,meaning_context,,傾向,けいこう,最近は、朝早く起きる子が増える傾向にあります。,,傾向 の意味はどれ？,"[""ある方向に物事や流れが傾くこと"", ""白く空いている部分"", ""数えきれないほど多いこと"", ""頭がよく回ること""]",0,ある方向に物事や流れが傾くこと,傾向は、物事や流れがある方向に傾くことです。
543,vocab1300_p101_004,101,meaning_context,,行く手をはばむ,ゆくてをはばむ,倒れた木が道にあり、私たちの行く手をはばみました。,,行く手をはばむ の意味はどれ？,"[""相手をいやがらせること"", ""数えきれないほどあること"", ""頭の回転が速いこと"", ""進ませないように邪魔をすること""]",3,進ませないように邪魔をすること,行く手をはばむは、進ませないように邪魔をすることです。
544,vocab1300_p101_005,101,meaning_context,,余白,よはく,ノートの余白に、あとで見直すメモを書きました。,,余白 の意味はどれ？,"[""進むのを邪魔すること"", ""印刷物などで、文字や絵がない白い部分"", ""ある方向に傾くこと"", ""人が嫌がることを言うこと""]",1,印刷物などで、文字や絵がない白い部分,余白は、文字や絵が書かれていない白い部分です。
545,vocab1300_p101_006,101,meaning_context,,枚挙にいとまがない,まいきょにいとまがない,その本のよいところは、枚挙にいとまがありません。,,枚挙にいとまがない の意味はどれ？,"[""白い部分があること"", ""流れが一方に傾くこと"", ""数えきれないくらい、たくさんあること"", ""進むのを邪魔すること""]",2,数えきれないくらい、たくさんあること,枚挙にいとまがないは、数えきれないくらいたくさんあることです。
546,vocab1300_p102_001,102,meaning_context,,理性,りせい,腹が立っても、理性を失わずに話し合いました。,,理性 の意味はどれ？,"[""声が高くなること"", ""感情に流されず、順序立てて考える力"", ""人に優しく接すること"", ""成功と失敗が決まること""]",1,感情に流されず、順序立てて考える力,理性は、感情に流されず、物事をきちんと考える力です。
547,vocab1300_p102_002,102,meaning_context,,声がうわずる,こえがうわずる,発表の前、緊張して声がうわずりました。,,声がうわずる の意味はどれ？,"[""この程度だろうと軽く見ること"", ""みんな同じようにすること"", ""緊張や興奮で、声が高くなること"", ""人に優しくすること""]",2,緊張や興奮で、声が高くなること,声がうわずるは、緊張や興奮で声が高くなることです。
548,vocab1300_p102_003,102,meaning_context,,明暗を分ける,めいあんをわける,最後の一点が、試合の明暗を分けました。,,明暗を分ける の意味はどれ？,"[""成功と失敗などが、はっきり決まること"", ""声が高くなること"", ""相手を軽く見ること"", ""同じ形にそろえること""]",0,成功と失敗などが、はっきり決まること,明暗を分けるは、成功と失敗などがはっきり決まることです。
549,vocab1300_p102_004,102,meaning_context,,画一的,かくいつてき,全員が同じ感想を書くと、少し画一的に見えます。,,画一的 の意味はどれ？,"[""人を優しくいたわること"", ""みんな同じように統一されているようす"", ""物事を冷静に考える力"", ""軽く見てしまうこと""]",1,みんな同じように統一されているようす,画一的は、みんな同じように統一されているようすです。
550,vocab1300_p102_005,102,meaning_context,,あなどる,あなどる,相手が小さいからといって、力をあなどってはいけません。,,あなどる の意味はどれ？,"[""困っている人に優しくすること"", ""声が高くなること"", ""この程度だろうと軽く見ること"", ""成功と失敗が決まること""]",2,この程度だろうと軽く見ること,あなどるは、この程度だろうと軽く見ることです。
551,vocab1300_p102_006,102,meaning_context,,いたわる,いたわる,けがをした友だちをいたわり、荷物を持ってあげました。,,いたわる の意味はどれ？,"[""みんな同じにすること"", ""軽く見ること"", ""冷静に考えること"", ""困っている人や苦しんでいる人に優しく接すること""]",3,困っている人や苦しんでいる人に優しく接すること,いたわるは、困っている人や苦しんでいる人に優しく接することです。
552,vocab1300_p103_001,103,meaning_context,,すたれる,すたれる,昔よく使われた遊びが、今ではすたれてしまいました。,,すたれる の意味はどれ？,"[""迷って決められないこと"", ""時間がたって、使われなくなること"", ""自慢げに見せること"", ""強く示すこと""]",1,時間がたって、使われなくなること,すたれるは、時間がたって使われなくなることです。
553,vocab1300_p103_002,103,meaning_context,,開き直る,ひらきなおる,注意されたのに、弟は開き直って『別にいいよ』と言いました。,,開き直る の意味はどれ？,"[""自分が悪いのに、ふてぶてしい態度になること"", ""すばやく簡単なこと"", ""使われなくなること"", ""自分を強く示すこと""]",0,自分が悪いのに、ふてぶてしい態度になること,開き直るは、自分が悪いのに、急にふてぶてしい態度になることです。
554,vocab1300_p103_003,103,meaning_context,,ひけらかす,ひけらかす,自分の点数をひけらかすと、友だちが嫌な気持ちになることがあります。,,ひけらかす の意味はどれ？,"[""使われなくなること"", ""自分を押し出すこと"", ""自分の持ち物や能力を、自慢げに見せること"", ""迷って決められないこと""]",2,自分の持ち物や能力を、自慢げに見せること,ひけらかすは、自分の持ち物や能力を、自慢げに見せることです。
555,vocab1300_p103_004,103,meaning_context,,アピールする,アピールする,面接で、自分のよいところをアピールしました。,,アピールする の意味はどれ？,"[""自慢げに見せること"", ""すばやく簡単にすること"", ""迷って決められないこと"", ""自分を押し出すこと""]",3,自分を押し出すこと,アピールするは、自分を押し出すこと、相手に強く示すことです。
556,vocab1300_p103_005,103,meaning_context,,手っ取り早い,てっとりばやい,道具を使うと、手っ取り早く片づけられました。,,手っ取り早い の意味はどれ？,"[""自分を強く示すこと"", ""すばやく簡単であること"", ""ふてぶてしい態度になること"", ""古くなって使われないこと""]",1,すばやく簡単であること,手っ取り早いは、すばやく簡単であることです。
557,vocab1300_p103_006,103,meaning_context,,ちゅうちょ,ちゅうちょ,高い台から飛び下りる前に、少しちゅうちょしました。,,ちゅうちょ の意味はどれ？,"[""自慢げに見せること"", ""使われなくなること"", ""すべきかどうか迷うこと"", ""自分を押し出すこと""]",2,すべきかどうか迷うこと,ちゅうちょは、すべきかどうか迷うことです。
558,vocab1300_p104_001,104,meaning_context,,たまりかねる,たまりかねる,弟の泣き声が続き、母はたまりかねて声をかけました。,,たまりかねる の意味はどれ？,"[""続いていたものがなくなること"", ""権力者のそばにいる人たち"", ""がまんできなくなること"", ""本心を打ち明けること""]",2,がまんできなくなること,たまりかねるは、がまんできなくなることです。
559,vocab1300_p104_002,104,meaning_context,,旗色,はたいろ,後半になると、相手チームの旗色が悪くなりました。,,旗色 の意味はどれ？,"[""戦いや争いの形勢"", ""遠回しに非難すること"", ""本心を話すこと"", ""続きがなくなること""]",0,戦いや争いの形勢,旗色は、戦いや争いの形勢のことです。
560,vocab1300_p104_003,104,meaning_context,,取り巻き,とりまき,人気のある子の周りには、いつも取り巻きがいました。,,取り巻き の意味はどれ？,"[""がまんできないこと"", ""権力者のそばで機嫌をとったり、おだてたりする人たち"", ""遠回しに非難すること"", ""戦いの形勢""]",1,権力者のそばで機嫌をとったり、おだてたりする人たち,取り巻きは、権力者のそばで機嫌をとったり、おだてたりする人たちです。
561,vocab1300_p104_004,104,meaning_context,,途絶える,とだえる,大雪のため、山奥の村との連絡が途絶えました。,,途絶える の意味はどれ？,"[""本心を打ち明けること"", ""形勢が悪くなること"", ""続いていたものが、なくなること"", ""がまんできないこと""]",2,続いていたものが、なくなること,途絶えるは、続いていたものがなくなることです。
562,vocab1300_p104_005,104,meaning_context,,腹を割る,はらをわる,友だちと腹を割って話したら、仲直りできました。,,腹を割る の意味はどれ？,"[""遠回しに責めること"", ""包み隠さず、本心を打ち明けること"", ""そばでおだてること"", ""続きがなくなること""]",1,包み隠さず、本心を打ち明けること,腹を割るは、包み隠さず、本心を打ち明けることです。
563,vocab1300_p104_006,104,meaning_context,,あてつけ,あてつけ,『時間を守れる人はえらいね』と、遅れた友だちへのあてつけを言いました。,,あてつけ の意味はどれ？,"[""戦いや争いの形勢"", ""本心を話すこと"", ""がまんできないこと"", ""遠回しに相手の弱点を指摘して、非難すること""]",3,遠回しに相手の弱点を指摘して、非難すること,あてつけは、遠回しに相手の弱点を指摘して、非難することです。
564,vocab1300_p105_001,105,meaning_context,,のどか,のどか,春の田んぼ道は、のどかな景色でした。,,のどか の意味はどれ？,"[""物事が順調なようす"", ""のんびりと落ち着いた雰囲気"", ""やるべきことを怠けること"", ""はっきり確かなこと""]",1,のんびりと落ち着いた雰囲気,のどかは、のんびりと落ち着いた雰囲気のことです。
565,vocab1300_p105_002,105,meaning_context,,定か,さだか,だれが最初に言ったのかは、定かではありません。,,定か の意味はどれ？,"[""無駄を省くこと"", ""優しさを隠すこと"", ""はっきりと確かなようす"", ""のんびりした雰囲気""]",2,はっきりと確かなようす,定かは、はっきりと確かなようすです。
566,vocab1300_p105_003,105,meaning_context,,合理化,ごうりか,掃除のやり方を合理化して、短い時間で終わらせました。,,合理化 の意味はどれ？,"[""やるべきことを怠けること"", ""無駄を省き、能率を上げること"", ""はっきりしていること"", ""順調に進むこと""]",1,無駄を省き、能率を上げること,合理化は、無駄を省いて、能率を上げることです。
567,vocab1300_p105_004,105,meaning_context,,スムーズ,スムーズ,みんなで役割を決めたので、準備がスムーズに進みました。,,スムーズ の意味はどれ？,"[""優しさを隠すこと"", ""怠けること"", ""物事がとどこおりなく、順調に進むようす"", ""確かなようす""]",2,物事がとどこおりなく、順調に進むようす,スムーズは、物事がとどこおりなく、順調に進むようすです。
568,vocab1300_p105_005,105,meaning_context,,心を鬼にする,こころをおににする,母は心を鬼にして、宿題が終わるまでゲームを止めました。,,心を鬼にする の意味はどれ？,"[""のんびりすること"", ""優しさを隠して、あえて厳しくすること"", ""物事を順調に進めること"", ""はっきりしていること""]",1,優しさを隠して、あえて厳しくすること,心を鬼にするは、優しさを隠して、あえて厳しくすることです。
569,vocab1300_p105_006,105,meaning_context,,横着,おうちゃく,横着をして近道をしたら、かえって時間がかかりました。,,横着 の意味はどれ？,"[""はっきりと確かであること"", ""無駄を省くこと"", ""のんびりした雰囲気"", ""やるべきことをしないで、怠けること""]",3,やるべきことをしないで、怠けること,横着は、やるべきことをしないで、怠けることです。
570,vocab1300_p106_001,106,meaning_context,,お決まり,おきまり,その人の話は、いつもお決まりの自慢話で終わります。,,お決まり の意味はどれ？,"[""いつも通りのワンパターン"", ""相手を納得させること"", ""期待外れなこと"", ""勢いに乗ってせめること""]",0,いつも通りのワンパターン,お決まりは、いつも通りのワンパターンという意味です。
571,vocab1300_p106_002,106,meaning_context,,説き伏せる,ときふせる,友だちを説き伏せて、係を交代してもらいました。,,説き伏せる の意味はどれ？,"[""相手を軽く扱うこと"", ""まじめにつとめること"", ""相手を納得させて、自分に従わせること"", ""あっけなく終わること""]",2,相手を納得させて、自分に従わせること,説き伏せるは、相手を納得させて、自分に従わせることです。
572,vocab1300_p106_003,106,meaning_context,,忠実,ちゅうじつ,青ちゃんは、先生の指示に忠実に作業を進めました。,,忠実 の意味はどれ？,"[""勢いに乗ってせめること"", ""与えられた仕事などを、まじめにつとめること"", ""相手をいい加減に扱うこと"", ""いつも同じであること""]",1,与えられた仕事などを、まじめにつとめること,忠実は、与えられた仕事などを、まじめにつとめることです。
573,vocab1300_p106_004,106,meaning_context,,あえない,あえない,強い相手に、試合はあえなく負けてしまいました。,,あえない の意味はどれ？,"[""相手を従わせること"", ""いつも通りであること"", ""あっけない、期待外れでつまらない"", ""まじめに仕事をすること""]",2,あっけない、期待外れでつまらない,あえないは、あっけない、期待外れでつまらないという意味です。
574,vocab1300_p106_005,106,meaning_context,,軽くあしらう,かるくあしらう,まじめに相談したのに、友だちに軽くあしらわれました。,,軽くあしらう の意味はどれ？,"[""勢いに乗ってせめること"", ""相手をいい加減に扱うこと"", ""あっけなく終わること"", ""相手を納得させること""]",1,相手をいい加減に扱うこと,軽くあしらうは、相手をいい加減に扱うことです。
575,vocab1300_p106_006,106,meaning_context,,かさにかかって,かさにかかって,勝っているからといって、かさにかかって相手を責めてはいけません。,,かさにかかって の意味はどれ？,"[""期待外れで"", ""まじめに"", ""いい加減に"", ""勢いに乗ってせめること""]",3,勢いに乗ってせめること,かさにかかっては、勢いに乗ってせめることです。
576,vocab1300_p107_001,107,meaning_context,,ひなびた,ひなびた,家族で、ひなびた温泉宿に泊まりました。,,ひなびた の意味はどれ？,"[""細かい点まで丁寧なこと"", ""田舎っぽいこと"", ""手に持って行くこと"", ""ざわざわとうるさいこと""]",1,田舎っぽいこと,ひなびたは、田舎っぽいという意味です。
577,vocab1300_p107_002,107,meaning_context,,もてなす,もてなす,祖母は、お茶とお菓子でお客さんをもてなしました。,,もてなす の意味はどれ？,"[""恐ろしくてぞっとすること"", ""客を迎えて、丁寧に相手をすること"", ""田舎っぽいこと"", ""ざわざわすること""]",1,客を迎えて、丁寧に相手をすること,もてなすは、客を迎えて、ごちそうなどで丁寧に相手をすることです。
578,vocab1300_p107_003,107,meaning_context,,背筋が凍る,せすじがこおる,夜道で急に物音がして、背筋が凍りました。,,背筋が凍る の意味はどれ？,"[""細かく丁寧にすること"", ""手に持って行くこと"", ""恐怖や気味悪さに、思わずぞっとすること"", ""客を丁寧に迎えること""]",2,恐怖や気味悪さに、思わずぞっとすること,背筋が凍るは、恐怖や気味悪さに、思わずぞっとすることです。
579,vocab1300_p107_004,107,meaning_context,,携える,たずさえる,遠足に、お弁当と水とうを携えて行きました。,,携える の意味はどれ？,"[""手に持って行くこと"", ""田舎っぽいこと"", ""ざわざわすること"", ""恐ろしく感じること""]",0,手に持って行くこと,携えるは、携帯すること、手に持って行くことです。
580,vocab1300_p107_005,107,meaning_context,,念入り,ねんいり,発表の前に、原稿を念入りに確認しました。,,念入り の意味はどれ？,"[""客を迎えること"", ""細かい点まで注意して、丁寧なこと"", ""手に持つこと"", ""田舎っぽいこと""]",1,細かい点まで注意して、丁寧なこと,念入りは、細かい点まで注意して、丁寧なことです。
581,vocab1300_p107_006,107,meaning_context,,ざわめく,ざわめく,有名な選手が入ってきて、会場がざわめきました。,,ざわめく の意味はどれ？,"[""ぞっとすること"", ""丁寧にもてなすこと"", ""手に持つこと"", ""ざわざわとうるさいようす""]",3,ざわざわとうるさいようす,ざわめくは、ざわざわとうるさいようすです。
582,vocab1300_p108_001,108,meaning_context,,往々にして,おうおうにして,あわてていると、往々にして大事なことを忘れます。,,往々にして の意味はどれ？,"[""商売が忙しいとき"", ""しばしば、ときどき"", ""後ろに下がること"", ""大切なところ""]",1,しばしば、ときどき,往々にしては、しばしば、ときどき、という意味です。
583,vocab1300_p108_002,108,meaning_context,,かきいれどき,かきいれどき,ケーキ屋さんは、クリスマスがかきいれどきです。,,かきいれどき の意味はどれ？,"[""完成したときのようす"", ""知識が少し優れていること"", ""商売などが繁盛して、もっとも忙しいとき"", ""しばしば起こること""]",2,商売などが繁盛して、もっとも忙しいとき,かきいれどきは、商売などが繁盛して、もっとも忙しいときです。
584,vocab1300_p108_003,108,meaning_context,,後ずさり,あとずさり,大きな犬が近づいてきて、弟は後ずさりしました。,,後ずさり の意味はどれ？,"[""大切なところ"", ""完成したようす"", ""正面を向いたまま、後ろに少しずつ下がること"", ""商売が忙しいとき""]",2,正面を向いたまま、後ろに少しずつ下がること,後ずさりは、正面を向いたまま、後ろに少しずつ下がることです。
585,vocab1300_p108_004,108,meaning_context,,ポイント,ポイント,文章を読むときのポイントは、理由を見つけることです。,,ポイント の意味はどれ？,"[""しばしばあること"", ""大切なところ"", ""後ろに下がること"", ""完成したようす""]",1,大切なところ,ポイントは、大切なところという意味です。
586,vocab1300_p108_005,108,meaning_context,,一日の長,いちじつのちょう,姉はピアノを長く習っているので、わたしより一日の長があります。,,一日の長 の意味はどれ？,"[""商売が忙しいこと"", ""後ろに下がること"", ""知識や技術などが、他よりも少し優れていること"", ""大切なところ""]",2,知識や技術などが、他よりも少し優れていること,一日の長は、知識や技術などが、他よりも少し優れていることです。
587,vocab1300_p108_006,108,meaning_context,,できばえ,できばえ,工作の作品は、思ったよりよいできばえでした。,,できばえ の意味はどれ？,"[""大切なところ"", ""完成したときのようす"", ""しばしば起こること"", ""商売が忙しいとき""]",1,完成したときのようす,できばえは、完成したときのようすです。
588,vocab1300_p109_001,109,meaning_context,animal_idiom_word,蝶よ花よ,ちょうよはなよ,祖父母は、初孫を蝶よ花よと大切に育てました。,,蝶よ花よ の意味はどれ？,"[""弱いものにも意地があること"", ""子どもを非常に大切に育てること"", ""最後まで終わっていないこと"", ""悪いことが重なること""]",1,子どもを非常に大切に育てること,蝶よ花よは、子どもを非常に大切に育てることです。実際の蝶や花の話ではありません。
589,vocab1300_p109_002,109,meaning_context,animal_idiom_word,一寸の虫にも五分の魂,いっすんのむしにもごぶのたましい,小さいからといって、ばかにしてはいけません。一寸の虫にも五分の魂です。,,一寸の虫にも五分の魂 の意味はどれ？,"[""強い相手に無理に向かうこと"", ""悪いことが重なること"", ""小さく弱いものでも、意地があるというたとえ"", ""大切に育てること""]",2,小さく弱いものでも、意地があるというたとえ,一寸の虫にも五分の魂は、小さく弱いものでも意地があるというたとえです。
590,vocab1300_p109_003,109,meaning_context,animal_idiom_word,尻切れとんぼ,しりきれとんぼ,話の途中で時間になり、発表が尻切れとんぼになりました。,,尻切れとんぼ の意味はどれ？,"[""ちりぢりに逃げること"", ""最後まで終わっていないこと"", ""強い相手に向かうこと"", ""子どもを大切に育てること""]",1,最後まで終わっていないこと,尻切れとんぼは、最後まで終わっていないことです。実際のとんぼの話ではありません。
591,vocab1300_p109_004,109,meaning_context,animal_idiom_word,蟷螂の斧,とうろうのおの,強い相手に作戦もなく向かうのは、蟷螂の斧のようです。,,蟷螂の斧 の意味はどれ？,"[""悪いことが重なること"", ""弱いものにも意地があること"", ""子どもを大切にすること"", ""自分の弱さも考えず、強い相手に向かうこと""]",3,自分の弱さも考えず、強い相手に向かうこと,蟷螂の斧は、自分の弱さも考えず、強い相手に向かっていくことのたとえです。
592,vocab1300_p109_005,109,meaning_context,animal_idiom_word,泣きっ面に蜂,なきっつらにはち,転んだうえに雨まで降ってきて、泣きっ面に蜂でした。,,泣きっ面に蜂 の意味はどれ？,"[""不運や悪いことが重なること"", ""最後まで終わらないこと"", ""ちりぢりに逃げること"", ""意地があること""]",0,不運や悪いことが重なること,泣きっ面に蜂は、不運や悪いことが重なることです。実際に蜂が出るとは限りません。
593,vocab1300_p109_006,109,meaning_context,animal_idiom_word,蜘蛛の子を散らす,くものこをちらす,先生が来ると、遊んでいた子どもたちは蜘蛛の子を散らすように逃げました。,,蜘蛛の子を散らす の意味はどれ？,"[""子どもを大切に育てること"", ""強い相手に向かうこと"", ""たくさんの人や物が、ちりぢりになって逃げるようす"", ""悪いことが重なること""]",2,たくさんの人や物が、ちりぢりになって逃げるようす,蜘蛛の子を散らすは、たくさんの人や物が、ちりぢりになって逃げるようすです。
594,vocab1300_p111_001,111,meaning_context,,そらぞらしい,そらぞらしい,弟は、明らかに食べたのに、そらぞらしく「知らない」と言いました。,,そらぞらしい の意味はどれ？,"[""聞くとうれしい情報であること"", ""うそであることが見えすいているようす"", ""しなければいけないつとめ"", ""自然な流れに逆らうこと""]",1,うそであることが見えすいているようす,そらぞらしいは、うそであることが見えすいているようすです。
595,vocab1300_p111_002,111,meaning_context,,浮き足立つ,うきあしだつ,強い相手と試合をする前、チームのみんなが浮き足立ちました。,,浮き足立つ の意味はどれ？,"[""うそが見えすいていること"", ""聞く価値があること"", ""不安で落ち着かなくなること"", ""心が通じなくなること""]",2,不安で落ち着かなくなること,浮き足立つは、おそろしさや不安で落ち着かなくなることです。
596,vocab1300_p111_003,111,meaning_context,,耳より,みみより,先生が、図書室に新しい本が入ったという耳よりな話をしてくれました。,,耳より の意味はどれ？,"[""聞く価値があること"", ""自然な流れに逆らうこと"", ""不安で落ち着かないこと"", ""しなければいけないこと""]",0,聞く価値があること,耳よりは、聞く価値があること、聞くとうれしい情報のことです。
597,vocab1300_p111_004,111,meaning_context,,気まずい,きまずい,けんかのあと、友だちと二人きりになって気まずくなりました。,,気まずい の意味はどれ？,"[""うそが見えすいていること"", ""聞く価値があること"", ""自然な流れに逆らうこと"", ""心が通じなくて、落ち着かないようす""]",3,心が通じなくて、落ち着かないようす,気まずいは、心が通じなくて、落ち着かないようすです。
598,vocab1300_p111_005,111,meaning_context,,逆行,ぎゃっこう,みんなが進む方向と反対に歩くのは、流れに逆行しています。,,逆行 の意味はどれ？,"[""不安で落ち着かないこと"", ""自然な流れや順序に逆らうこと"", ""しなければいけないつとめ"", ""聞くとうれしいこと""]",1,自然な流れや順序に逆らうこと,逆行は、自然な流れや順序に逆らうことです。
599,vocab1300_p111_006,111,meaning_context,,義務,ぎむ,学校のきまりを守ることは、みんなの義務です。,,義務 の意味はどれ？,"[""うそが見えすいていること"", ""心が落ち着かないこと"", ""しなければいけないつとめ"", ""自然な流れに逆らうこと""]",2,しなければいけないつとめ,義務は、しなければいけないつとめのことです。
600,vocab1300_p112_001,112,meaning_context,,不快,ふかい,大きな音が長く続いて、不快な気分になりました。,,不快 の意味はどれ？,"[""前もって"", ""不愉快な気分"", ""やる気や気合い"", ""みっともないこと""]",1,不愉快な気分,不快は、不愉快な気分になることです。
601,vocab1300_p112_002,112,meaning_context,,素人,しろうと,母は料理の素人ですが、毎日いろいろ工夫しています。,,素人 の意味はどれ？,"[""プロではない人"", ""いちばん優れたところ"", ""不愉快な気分"", ""前もってすること""]",0,プロではない人,素人は、プロではない人、アマチュアのことです。
602,vocab1300_p112_003,112,meaning_context,,圧巻,あっかん,合唱の最後の大きな声は、発表会の圧巻でした。,,圧巻 の意味はどれ？,"[""みっともないこと"", ""やる気があること"", ""本や催し物などで、いちばん優れているところ"", ""不愉快な気分""]",2,本や催し物などで、いちばん優れているところ,圧巻は、本・映画・催し物などで、いちばん優れているところです。
603,vocab1300_p112_004,112,meaning_context,,あらかじめ,あらかじめ,遠足の持ち物を、あらかじめかばんに入れておきました。,,あらかじめ の意味はどれ？,"[""プロではなく"", ""不快に"", ""みっともなく"", ""前もって""]",3,前もって,あらかじめは、前もって、という意味です。
604,vocab1300_p112_005,112,meaning_context,,はしたない,はしたない,人の前で食べ物を取り合うのは、はしたないことです。,,はしたない の意味はどれ？,"[""やる気があること"", ""みっともないこと"", ""前もってすること"", ""いちばん優れたところ""]",1,みっともないこと,はしたないは、みっともないという意味です。
605,vocab1300_p112_006,112,meaning_context,,気力,きりょく,疲れていたけれど、最後まで走る気力が残っていました。,,気力 の意味はどれ？,"[""不愉快な気分"", ""前もってすること"", ""やる気、気合い"", ""プロではない人""]",2,やる気、気合い,気力は、やる気や気合いのことです。
606,vocab1300_p113_001,113,meaning_context,,向上,こうじょう,毎日少しずつ練習したら、計算力が向上しました。,,向上 の意味はどれ？,"[""聞き間違いかと思うこと"", ""良い状態になること"", ""ぎりぎりで危ないこと"", ""申し訳なく思うこと""]",1,良い状態になること,向上は、良い状態になることです。
607,vocab1300_p113_002,113,meaning_context,,水かけ論,みずかけろん,どちらも自分が正しいと言い続け、話し合いは水かけ論になりました。,,水かけ論 の意味はどれ？,"[""相手に申し訳ないと思うこと"", ""良い状態になること"", ""お互いにゆずらず、議論を続けること"", ""意外すぎて聞き間違いかと思うこと""]",2,お互いにゆずらず、議論を続けること,水かけ論は、お互いの主張をゆずらず、いつまでも議論を続けることです。
608,vocab1300_p113_003,113,meaning_context,,過言ではない,かごんではない,この一点が試合を決めたと言っても、過言ではありません。,,過言ではない の意味はどれ？,"[""そう言っても言い過ぎではないこと"", ""ぎりぎりで危ないこと"", ""聞き間違いかと思うこと"", ""議論が続くこと""]",0,そう言っても言い過ぎではないこと,過言ではないは、そう言っても言い過ぎではない、という意味です。
609,vocab1300_p113_004,113,meaning_context,,心苦しい,こころぐるしい,友だちに何度も手伝ってもらい、少し心苦しくなりました。,,心苦しい の意味はどれ？,"[""聞き間違いかと思うこと"", ""良い状態になること"", ""危なっかしいこと"", ""相手に申し訳ないと思う気持ち""]",3,相手に申し訳ないと思う気持ち,心苦しいは、相手に申し訳ないと思う気持ちです。
610,vocab1300_p113_005,113,meaning_context,,きわどい,きわどい,ボールは線の近くに落ち、きわどい判定になりました。,,きわどい の意味はどれ？,"[""申し訳なく思うこと"", ""危なっかしくて、ぎりぎりのところ"", ""良い状態になること"", ""言い過ぎではないこと""]",1,危なっかしくて、ぎりぎりのところ,きわどいは、危なっかしくて、ぎりぎりのところという意味です。
611,vocab1300_p113_006,113,meaning_context,,耳を疑う,みみをうたがう,急に転校すると聞いて、私は耳を疑いました。,,耳を疑う の意味はどれ？,"[""議論を続けること"", ""危なっかしいこと"", ""意外すぎて、聞き間違いかと思うこと"", ""相手に申し訳ないこと""]",2,意外すぎて、聞き間違いかと思うこと,耳を疑うは、意外すぎて、聞き間違いかと思うことです。
612,vocab1300_p114_001,114,meaning_context,,浮かれる,うかれる,明日から夏休みなので、みんな少し浮かれていました。,,浮かれる の意味はどれ？,"[""形がゆがんでいること"", ""うきうきして楽しい気分になること"", ""苦しみを楽にすること"", ""しぐさや話し方""]",1,うきうきして楽しい気分になること,浮かれるは、うきうきして楽しい気分になることです。
613,vocab1300_p114_002,114,meaning_context,,業を煮やす,ごうをにやす,何度言っても片づけない弟に、母は業を煮やしました。,,業を煮やす の意味はどれ？,"[""思い通りにいかなくて、いらいらすること"", ""自分の力を見せたくなること"", ""相手と接するときの話し方"", ""楽しい気分になること""]",0,思い通りにいかなくて、いらいらすること,業を煮やすは、思い通りにいかなくて、いらいらすることです。
614,vocab1300_p114_003,114,meaning_context,,いびつ,いびつ,ねん土で作った丸は、少しいびつな形になりました。,,いびつ の意味はどれ？,"[""苦しみを楽にすること"", ""楽しい気分になること"", ""形がゆがんでいて、格好が悪いようす"", ""うずうずすること""]",2,形がゆがんでいて、格好が悪いようす,いびつは、形がゆがんでいて、格好が悪いようすです。
615,vocab1300_p114_004,114,meaning_context,,癒す,いやす,音楽を聞くと、疲れた心が癒されます。,,癒す の意味はどれ？,"[""しぐさや話し方"", ""いらいらすること"", ""形がゆがむこと"", ""苦しみや痛みを楽にすること""]",3,苦しみや痛みを楽にすること,癒すは、苦しみや痛みを楽にすることです。
616,vocab1300_p114_005,114,meaning_context,,腕が鳴る,うでがなる,得意な計算勝負と聞いて、青ちゃんは腕が鳴りました。,,腕が鳴る の意味はどれ？,"[""相手と話すときのしぐさ"", ""自分の力や才能を見せたくて、うずうずすること"", ""形がゆがんでいること"", ""苦しみを楽にすること""]",1,自分の力や才能を見せたくて、うずうずすること,腕が鳴るは、自分の力や才能を見せたくて、うずうずすることです。
617,vocab1300_p114_006,114,meaning_context,,物腰,ものごし,その先生は物腰がやわらかく、話しやすい人です。,,物腰 の意味はどれ？,"[""うきうきした気分"", ""いらいらすること"", ""誰かと接するときの、しぐさや話し方"", ""痛みを楽にすること""]",2,誰かと接するときの、しぐさや話し方,物腰は、誰かと話したり接したりするときの、しぐさや話し方です。
618,vocab1300_p115_001,115,meaning_context,,情の深い,じょうのふかい,祖母は情の深い人で、困っている人を見ると放っておけません。,,情の深い の意味はどれ？,"[""人への思いやりが強いこと"", ""一気に追い抜くこと"", ""手遅れなこと"", ""いらいらすること""]",0,人への思いやりが強いこと,情の深いは、人への思いやりが強いことです。
619,vocab1300_p115_002,115,meaning_context,,つくづく,つくづく,赤ちゃん犬の寝顔を、つくづくとながめました。,,つくづく の意味はどれ？,"[""手がたく進めるようす"", ""怒りたくなるようす"", ""注意深く見たり、しみじみ感じたりするようす"", ""手遅れなこと""]",2,注意深く見たり、しみじみ感じたりするようす,つくづくは、注意深く見たり、しみじみ感じたりするようすです。
620,vocab1300_p115_003,115,meaning_context,,後の祭り,あとのまつり,テストが終わってから勉強しても、後の祭りです。,,後の祭り の意味はどれ？,"[""人への思いやりが強いこと"", ""手遅れなこと"", ""一気に追い抜くこと"", ""しみじみ見ること""]",1,手遅れなこと,後の祭りは、もう手遅れであることです。
621,vocab1300_p115_004,115,meaning_context,,着実,ちゃくじつ,毎日少しずつ読んで、着実に本を読み進めました。,,着実 の意味はどれ？,"[""怒りたくなること"", ""しみじみ感じること"", ""手遅れなこと"", ""手がたく確実に進めるようす""]",3,手がたく確実に進めるようす,着実は、手がたく確実に物事を進めるようすです。
622,vocab1300_p115_005,115,meaning_context,,ごぼう抜き,ごぼうぬき,リレーで最後の子が、前の走者を次々とごぼう抜きにしました。,,ごぼう抜き の意味はどれ？,"[""一気に何人も追い抜くこと"", ""思いやりが強いこと"", ""手がたく進めること"", ""怒りたくなること""]",0,一気に何人も追い抜くこと,ごぼう抜きは、一気に何人も追い抜くことです。
623,vocab1300_p115_006,115,meaning_context,,腹立たしい,はらだたしい,約束を何度も破られて、腹立たしい気持ちになりました。,,腹立たしい の意味はどれ？,"[""手遅れなこと"", ""一気に追い抜くこと"", ""怒りたくなるほど、いらいらすること"", ""注意深く見ること""]",2,怒りたくなるほど、いらいらすること,腹立たしいは、怒りたくなるほど、いらいらすることです。
624,vocab1300_p116_001,116,meaning_context,,手際がいい,てぎわがいい,姉は料理の手際がよく、すぐに夕飯を作りました。,,手際がいい の意味はどれ？,"[""何かを処理する腕前がすぐれていること"", ""秘密が全部もれること"", ""人と人との関係"", ""にくたらしいこと""]",0,何かを処理する腕前がすぐれていること,手際がいいは、何かを処理する腕前がすぐれていることです。
625,vocab1300_p116_002,116,meaning_context,,手応え,てごたえ,発表のあと、みんながうなずいてくれて手応えを感じました。,,手応え の意味はどれ？,"[""熱心に励むこと"", ""人と人との関係"", ""やったことに対する、好ましい反応"", ""秘密がもれること""]",2,やったことに対する、好ましい反応,手応えは、何かをやったことに対する、好ましい反応のことです。
626,vocab1300_p116_003,116,meaning_context,,いまいましい,いまいましい,何度もじゃまをされて、いまいましい気持ちになりました。,,いまいましい の意味はどれ？,"[""秘密がもれること"", ""にくたらしいこと"", ""手際がよいこと"", ""好ましい反応""]",1,にくたらしいこと,いまいましいは、にくたらしいという意味です。
627,vocab1300_p116_004,116,meaning_context,,いそしむ,いそしむ,青ちゃんは、毎朝の計算練習にいそしんでいます。,,いそしむ の意味はどれ？,"[""好ましい反応を感じること"", ""にくたらしいこと"", ""人との関係"", ""熱心に励むこと""]",3,熱心に励むこと,いそしむは、熱心に励むことです。
628,vocab1300_p116_005,116,meaning_context,,つつぬけ,つつぬけ,小さな声で話したつもりが、となりの部屋に話がつつぬけでした。,,つつぬけ の意味はどれ？,"[""人と人との仲"", ""話し声や秘密が全部もれてしまうこと"", ""腕前がよいこと"", ""熱心に励むこと""]",1,話し声や秘密が全部もれてしまうこと,つつぬけは、話し声や秘密の内容が、全部もれてしまうことです。
629,vocab1300_p116_006,116,meaning_context,,間柄,あいだがら,二人は何でも話せる間柄です。,,間柄 の意味はどれ？,"[""にくたらしいこと"", ""手際よくすること"", ""人と人との仲や関係"", ""好ましい反応""]",2,人と人との仲や関係,間柄は、人と人との仲や関係のことです。
630,vocab1300_p117_001,117,meaning_context,,患う,わずらう,祖父は長い間、足の病気を患っていました。,,患う の意味はどれ？,"[""プロ並みの腕前"", ""顔をそらすこと"", ""病気になること"", ""待ち望むこと""]",2,病気になること,患うは、病気になることです。
631,vocab1300_p117_002,117,meaning_context,,玄人はだし,くろうとはだし,父の料理は玄人はだしで、お店のようにおいしいです。,,玄人はだし の意味はどれ？,"[""病気になること"", ""夢や空想の世界"", ""物事の具合"", ""プロ並みの腕前""]",3,プロ並みの腕前,玄人はだしは、プロ並みの腕前という意味です。
632,vocab1300_p117_003,117,meaning_context,,待望,たいぼう,待望の新しい本が、ついに発売されました。,,待望 の意味はどれ？,"[""待ち望んでいたこと"", ""顔をそらすこと"", ""プロ並みの腕前"", ""物事の加減""]",0,待ち望んでいたこと,待望は、待ち望んでいたことです。
633,vocab1300_p117_004,117,meaning_context,,ファンタジー,ファンタジー,魔法が出てくるファンタジー小説を読みました。,,ファンタジー の意味はどれ？,"[""物事の具合"", ""病気になること"", ""夢や空想の世界"", ""目や顔をそらすこと""]",2,夢や空想の世界,ファンタジーは、まぼろし・幻想・夢・空想の世界のことです。
634,vocab1300_p117_005,117,meaning_context,,顔をそむける,かおをそむける,こわい場面になり、妹は画面から顔をそむけました。,,顔をそむける の意味はどれ？,"[""夢の世界に入ること"", ""目や顔をそらすこと"", ""病気になること"", ""待ち望むこと""]",1,目や顔をそらすこと,顔をそむけるは、目や顔をそらすことです。
635,vocab1300_p117_006,117,meaning_context,,あんばい,あんばい,明日の発表の準備は、どんなあんばいですか。,,あんばい の意味はどれ？,"[""プロ並みの腕前"", ""病気になること"", ""待ち望んだこと"", ""物事の具合、加減、様子""]",3,物事の具合、加減、様子,あんばいは、物事の具合、加減、様子のことです。
636,vocab1300_p118_001,118,meaning_context,,頭が固い,あたまがかたい,その人は頭が固く、新しいやり方をなかなか受け入れません。,,頭が固い の意味はどれ？,"[""あたたかみがあること"", ""二つ以上のものを比べること"", ""柔軟な考え方ができないこと"", ""控えめな態度をとること""]",2,柔軟な考え方ができないこと,頭が固いは、柔軟な考え方ができないことです。
637,vocab1300_p118_002,118,meaning_context,,弱音を吐く,よわねをはく,練習がつらくなり、少しだけ弱音を吐きました。,,弱音を吐く の意味はどれ？,"[""相手を敬うこと"", ""弱々しい言葉を口にすること"", ""裏切られたように感じること"", ""柔軟に考えられないこと""]",1,弱々しい言葉を口にすること,弱音を吐くは、弱々しい言葉を口にすることです。
638,vocab1300_p118_003,118,meaning_context,,比較する,ひかくする,二つのかばんの大きさを比較して、使いやすい方を選びました。,,比較する の意味はどれ？,"[""弱々しい言葉を言うこと"", ""二つ以上のものを比べること"", ""あたたかみがあること"", ""控えめにすること""]",1,二つ以上のものを比べること,比較するは、二つ以上のものを比べることです。
639,vocab1300_p118_004,118,meaning_context,,へりくだる,へりくだる,その人はえらい先生にもへりくだって話しました。,,へりくだる の意味はどれ？,"[""裏切られたように感じること"", ""考え方が固いこと"", ""相手を敬い、控えめな態度をとること"", ""二つのものを比べること""]",2,相手を敬い、控えめな態度をとること,へりくだるは、相手を敬い、控えめな態度をとることです。
640,vocab1300_p118_005,118,meaning_context,,ぬくもり,ぬくもり,母が作った手ぶくろには、ぬくもりを感じました。,,ぬくもり の意味はどれ？,"[""あたたかみ"", ""弱々しい言葉"", ""比べること"", ""控えめな態度""]",0,あたたかみ,ぬくもりは、あたたかみのことです。
641,vocab1300_p118_006,118,meaning_context,,心外,しんがい,まじめにやったのに疑われて、心外でした。,,心外 の意味はどれ？,"[""考えが固いこと"", ""比べること"", ""あたたかみ"", ""意外なことが起こり、裏切られたような気がすること""]",3,意外なことが起こり、裏切られたような気がすること,心外は、意外なことが起こり、裏切られたような気がすることです。
642,vocab1300_p119_001,119,meaning_context,,はつらつ,はつらつ,新入生は、はつらつとした顔で教室に入りました。,,はつらつ の意味はどれ？,"[""忙しくて落ち着きがないようす"", ""うろたえること"", ""いきいきと元気がいいようす"", ""立場から降りること""]",2,いきいきと元気がいいようす,はつらつは、いきいきと元気がいいようすです。
643,vocab1300_p119_002,119,meaning_context,,あわただしい,あわただしい,月曜日の朝は、準備で家の中があわただしいです。,,あわただしい の意味はどれ？,"[""追いつめられること"", ""忙しくて落ち着きがないようす"", ""元気がいいようす"", ""一部で全体を理解すること""]",1,忙しくて落ち着きがないようす,あわただしいは、忙しくて落ち着きがないようすです。
644,vocab1300_p119_003,119,meaning_context,,一を聞いて十を知る,いちをきいてじゅうをしる,姉は一を聞いて十を知るような人で、説明を少し聞くだけで分かります。,,一を聞いて十を知る の意味はどれ？,"[""立場を降りること"", ""うろたえること"", ""一部分を聞いただけで、全体を理解する賢いようす"", ""忙しくなること""]",2,一部分を聞いただけで、全体を理解する賢いようす,一を聞いて十を知るは、一部分を聞いただけで、物事の全体を理解する賢いようすです。
645,vocab1300_p119_004,119,meaning_context,,身を引く,みをひく,父はその仕事から身を引くことになりました。,,身を引く の意味はどれ？,"[""今までの地位・仕事・立場などから降りること"", ""元気がいいこと"", ""追いつめられること"", ""全体を理解すること""]",0,今までの地位・仕事・立場などから降りること,身を引くは、今までの地位・仕事・立場などから降りることです。
646,vocab1300_p119_005,119,meaning_context,,まごつく,まごつく,初めての駅で、どの出口に行けばよいかまごつきました。,,まごつく の意味はどれ？,"[""落ち着きがないこと"", ""うろたえること"", ""立場から降りること"", ""元気がいいこと""]",1,うろたえること,まごつくは、うろたえることです。
647,vocab1300_p119_006,119,meaning_context,,せっぱつまる,せっぱつまる,しめ切りが近づき、せっぱつまった気持ちになりました。,,せっぱつまる の意味はどれ？,"[""一部で全体を理解すること"", ""忙しくて落ち着かないこと"", ""追いつめられて、身動きがとれなくなること"", ""うろたえること""]",2,追いつめられて、身動きがとれなくなること,せっぱつまるは、追いつめられて、身動きがとれなくなることです。
648,vocab1300_p120_001,120,meaning_context,,口が軽い,くちがかるい,その人は口が軽いので、秘密を話すのは少し心配です。,,口が軽い の意味はどれ？,"[""力になってくれた人"", ""形や内容がはっきりしていること"", ""おしゃべりで、言わなくていいことまで言うこと"", ""欠点がないこと""]",2,おしゃべりで、言わなくていいことまで言うこと,口が軽いは、おしゃべりで、言わなくていいことまで言ってしまうことです。
649,vocab1300_p120_002,120,meaning_context,,具体的,ぐたいてき,先生は、作文の直し方を具体的に説明してくれました。,,具体的 の意味はどれ？,"[""心や体に必要なもの"", ""形や内容が、はっきりとよく分かるようす"", ""面倒くさいこと"", ""言わなくていいことを言うこと""]",1,形や内容が、はっきりとよく分かるようす,具体的は、形や内容が、はっきりとよく分かるようすです。
650,vocab1300_p120_003,120,meaning_context,,恩人,おんじん,迷子になったときに助けてくれた人は、私の恩人です。,,恩人 の意味はどれ？,"[""欠点がないようす"", ""面倒くさいこと"", ""苦しいときや大変なときに、力になってくれた人"", ""はっきり分かるようす""]",2,苦しいときや大変なときに、力になってくれた人,恩人は、苦しいときや大変なときに、力になってくれた人です。
651,vocab1300_p120_004,120,meaning_context,,完璧,かんぺき,発表の本番で、青ちゃんは完璧にせりふを言えました。,,完璧 の意味はどれ？,"[""力になってくれた人"", ""欠点やミスなどがないようす"", ""込み入って面倒なこと"", ""心に必要なもの""]",1,欠点やミスなどがないようす,完璧は、欠点やミスなどがないようすです。パーフェクトという意味です。
652,vocab1300_p120_005,120,meaning_context,,かて,かて,本で学んだことは、これからの心のかてになります。,,かて の意味はどれ？,"[""心や体のために必要なもの"", ""言わなくていいことを言うこと"", ""欠点がないこと"", ""面倒くさいこと""]",0,心や体のために必要なもの,かては、心や体のために必要なもののことです。
653,vocab1300_p120_006,120,meaning_context,,わずらわしい,わずらわしい,何度も同じことを書くのは、少しわずらわしいです。,,わずらわしい の意味はどれ？,"[""はっきり分かること"", ""力になってくれた人"", ""おしゃべりなこと"", ""込み入っていて面倒くさいこと""]",3,込み入っていて面倒くさいこと,わずらわしいは、込み入っていて面倒くさいことです。
654,vocab1300_p121_001,121,meaning_context,plant_idiom_word,言わぬが花,いわぬがはな,友だちの小さな失敗に気づいたけれど、今回は言わぬが花だと思いました。,,言わぬが花 の意味はどれ？,"[""好みは人によって違うこと"", ""話題が出て盛り上がること"", ""言わない方がよい場合もあること"", ""全体が見えていないこと""]",2,言わない方がよい場合もあること,言わぬが花は、何でも言えばよいわけではなく、言わない方がよい場合もあるという意味です。
655,vocab1300_p121_002,121,meaning_context,plant_idiom_word,蓼食う虫も好き好き,たでくうむしもすきずき,辛いお菓子が好きな人も苦手な人もいます。蓼食う虫も好き好きです。,,蓼食う虫も好き好き の意味はどれ？,"[""話が盛り上がること"", ""好みは人によってそれぞれ違うこと"", ""似たりよったりであること"", ""実利を選ぶこと""]",1,好みは人によってそれぞれ違うこと,蓼食う虫も好き好きは、好みは人によってそれぞれ違うという意味です。
656,vocab1300_p121_003,121,meaning_context,plant_idiom_word,花が咲く,はながさく,休み時間に好きな本の話になり、友だちとの話に花が咲きました。,,花が咲く の意味はどれ？,"[""話題が出て、その場が盛り上がること"", ""細かいことだけを見ること"", ""特に優れたものがないこと"", ""言わない方がよいこと""]",0,話題が出て、その場が盛り上がること,花が咲くは、話題が出て、その場が盛り上がることです。実際の花の話とは限りません。
657,vocab1300_p121_004,121,meaning_context,plant_idiom_word,花より団子,はなよりだんご,きれいな景色より、お弁当を楽しみにしているなんて花より団子ですね。,,花より団子 の意味はどれ？,"[""好みが人によって違うこと"", ""風流よりも、実利を選ぶことのたとえ"", ""話が盛り上がること"", ""全体が見えていないこと""]",1,風流よりも、実利を選ぶことのたとえ,花より団子は、きれいさや風流よりも、役に立つものや得になるものを選ぶことのたとえです。
658,vocab1300_p121_005,121,meaning_context,plant_idiom_word,木を見て森を見ず,きをみてもりをみず,一つの字の形ばかり気にして、文章全体を読めていないのは木を見て森を見ずです。,,木を見て森を見ず の意味はどれ？,"[""細かいことに気を取られて、全体が見えていないこと"", ""どれも似たりよったりなこと"", ""言わない方がよいこと"", ""実利を選ぶこと""]",0,細かいことに気を取られて、全体が見えていないこと,木を見て森を見ずは、細かいことに気を取られて、物事の全体が見えていないことです。
659,vocab1300_p121_006,121,meaning_context,plant_idiom_word,どんぐりの背比べ,どんぐりのせいくらべ,二人の点数はほとんど同じで、どんぐりの背比べでした。,,どんぐりの背比べ の意味はどれ？,"[""話が盛り上がること"", ""好みがそれぞれ違うこと"", ""どれも似たりよったりで、特に優れたものがないこと"", ""細かいことだけを見ること""]",2,どれも似たりよったりで、特に優れたものがないこと,どんぐりの背比べは、どれも似たりよったりで、特に優れたものがないことです。
660,vocab1300_p123_001,123,meaning_context,,手塩にかける,てしおにかける,母は花を手塩にかけて育て、毎朝水をあげました。,,手塩にかける の意味はどれ？,"[""自ら世話をして、大切に育てること"", ""他人の意見に同意すること"", ""大変よいこと"", ""何かが始まる気配""]",0,自ら世話をして、大切に育てること,手塩にかけるは、自分で世話をして、大切に育てることです。
661,vocab1300_p123_002,123,meaning_context,,すこぶる,すこぶる,今日はすこぶる調子がよく、朝から元気に動けました。,,すこぶる の意味はどれ？,"[""自分で育てること"", ""大変、おおいに"", ""すっかり安心すること"", ""はっきり言わないこと""]",1,大変、おおいに,すこぶるは、大変、おおいに、という意味です。
662,vocab1300_p123_003,123,meaning_context,,同調,どうちょう,友だちの考えに同調して、同じ意見を言いました。,,同調 の意味はどれ？,"[""何かが始まる気配"", ""大切に育てること"", ""他人の意見や主張に同意すること"", ""安心すること""]",2,他人の意見や主張に同意すること,同調は、他人の意見や主張に同意することです。
663,vocab1300_p123_004,123,meaning_context,,暗黙,あんもく,図書室では静かにするという暗黙のきまりがあります。,,暗黙 の意味はどれ？,"[""言葉に出さなくても分かっていること"", ""大変よいこと"", ""頼れて安心なこと"", ""自分で育てること""]",0,言葉に出さなくても分かっていること,暗黙は、言葉にはっきり出さなくても分かっていることです。
664,vocab1300_p123_005,123,meaning_context,,大船に乗ったよう,おおぶねにのったよう,先生が一緒に来てくれると聞いて、大船に乗ったような気分でした。,,大船に乗ったよう の意味はどれ？,"[""何かが始まる気配"", ""頼れるものができて、すっかり安心した様子"", ""大切に世話をすること"", ""他人の意見に同意すること""]",1,頼れるものができて、すっかり安心した様子,大船に乗ったようは、頼れるものができて、すっかり安心した様子です。
665,vocab1300_p123_006,123,meaning_context,,兆し,きざし,冷たい風の中にも、春の兆しを感じました。,,兆し の意味はどれ？,"[""大変よいこと"", ""安心すること"", ""何かが始まろうとする気配"", ""言葉に出さないきまり""]",2,何かが始まろうとする気配,兆しは、何かが始まろうとする気配のことです。
666,vocab1300_p124_001,124,meaning_context,,しお,しお,先生が教室を出たのをしおに、みんなは小声で話し始めました。,,しお の意味はどれ？,"[""ちょうどよいタイミング"", ""しかたがないこと"", ""皮肉を言うこと"", ""急に""]",0,ちょうどよいタイミング,しおは、ちょうどよいタイミング、好機という意味です。
667,vocab1300_p124_002,124,meaning_context,,やむを得ない,やむをえない,大雨で遠足が中止になるのは、やむを得ないことでした。,,やむを得ない の意味はどれ？,"[""非難の対象にすること"", ""どうしようもない、しかたがないこと"", ""実力以上に見せること"", ""急に気持ちが変わること""]",1,どうしようもない、しかたがないこと,やむを得ないは、どうしようもない、しかたがないという意味です。
668,vocab1300_p124_003,124,meaning_context,,あてこすり,あてこすり,『時間を守れる人はすごいね』と、遅れた友だちへのあてこすりを言いました。,,あてこすり の意味はどれ？,"[""ちょうどよい機会"", ""年齢や実力以上に見せること"", ""遠回しに文句を言うこと"", ""しかたがないこと""]",2,遠回しに文句を言うこと,あてこすりは、遠回しに文句を言うこと、皮肉を言うことです。
669,vocab1300_p124_004,124,meaning_context,,がぜん,がぜん,賞品があると聞いて、みんなはがぜんやる気を出しました。,,がぜん の意味はどれ？,"[""突然、急に"", ""非難の対象にすること"", ""遠回しに文句を言うこと"", ""しかたがないこと""]",0,突然、急に,がぜんは、突然、急に、という意味です。急にやる気や勢いが出るときにも使います。
670,vocab1300_p124_005,124,meaning_context,,背のび,せのび,まだ早いのに大人向けの本を読もうとして、少し背のびをしました。,,背のび の意味はどれ？,"[""急にやる気になること"", ""年齢や実力以上のことに挑戦しようとすること"", ""どうしようもないこと"", ""皮肉を言うこと""]",1,年齢や実力以上のことに挑戦しようとすること,背のびは、年齢や実力以上のことに挑戦しようとすることです。
671,vocab1300_p124_006,124,meaning_context,,やり玉に挙げる,やりだまにあげる,一人だけをやり玉に挙げて責めるのはよくありません。,,やり玉に挙げる の意味はどれ？,"[""ちょうどよい時を選ぶこと"", ""実力以上に見せること"", ""急にやる気を出すこと"", ""非難や攻撃の対象にすること""]",3,非難や攻撃の対象にすること,やり玉に挙げるは、非難や攻撃の対象にすることです。
672,vocab1300_p125_001,125,meaning_context,,うかつ,うかつ,うかつにも、テストの日を一日まちがえてしまいました。,,うかつ の意味はどれ？,"[""悪い目的で使うこと"", ""熱い食べ物が苦手なこと"", ""ぼんやりして、つい不注意になること"", ""怒りをかかえていること""]",2,ぼんやりして、つい不注意になること,うかつは、ぼんやりして、つい不注意になることです。
673,vocab1300_p125_002,125,meaning_context,,否定,ひてい,母は、私の意見をすぐに否定せず、最後まで聞いてくれました。,,否定 の意味はどれ？,"[""間違いであると言うこと"", ""見当をつけること"", ""熱いものが苦手なこと"", ""悪い目的に使うこと""]",0,間違いであると言うこと,否定は、間違いであると言うことです。
674,vocab1300_p125_003,125,meaning_context,,悪用,あくよう,拾った免許証を悪用してはいけません。,,悪用 の意味はどれ？,"[""不注意になること"", ""悪い目的のために用いること"", ""怒りをかかえること"", ""相手の気持ちを考えること""]",1,悪い目的のために用いること,悪用は、悪い目的のために用いることです。
675,vocab1300_p125_004,125,meaning_context,,猫舌,ねこじた,妹は猫舌なので、スープを少し冷ましてから飲みます。,,猫舌 の意味はどれ？,"[""熱い食べ物が苦手なこと"", ""間違いだと言うこと"", ""見当をつけること"", ""我慢できないほど怒ること""]",0,熱い食べ物が苦手なこと,猫舌は、熱い食べ物が苦手なことです。実際の猫の舌の話ではありません。
676,vocab1300_p125_005,125,meaning_context,,おしはかる,おしはかる,友だちの表情から、少し悲しいのだろうとおしはかりました。,,おしはかる の意味はどれ？,"[""悪い目的に使うこと"", ""ぼんやりすること"", ""あることをもとにして、他のことの見当をつけること"", ""熱い物が苦手なこと""]",2,あることをもとにして、他のことの見当をつけること,おしはかるは、あることをもとにして、他のことの見当をつけることです。
677,vocab1300_p125_006,125,meaning_context,,腹に据えかねる,はらにすえかねる,何度も約束を破られて、ついに腹に据えかねました。,,腹に据えかねる の意味はどれ？,"[""間違いだと言うこと"", ""悪い目的に使うこと"", ""見当をつけること"", ""我慢できないほどの怒りをかかえている様子""]",3,我慢できないほどの怒りをかかえている様子,腹に据えかねるは、我慢できないほどの怒りをかかえている様子です。
678,vocab1300_p126_001,126,meaning_context,,活気,かっき,朝市には活気があり、たくさんの人が声を出していました。,,活気 の意味はどれ？,"[""うまくいけば"", ""同じことを繰り返すこと"", ""いきいきと活動的な気分・元気"", ""冷たい態度""]",2,いきいきと活動的な気分・元気,活気は、いきいきと活動的な気分や元気のことです。
679,vocab1300_p126_002,126,meaning_context,,日夜,にちや,兄は日夜、サッカーの練習に励んでいます。,,日夜 の意味はどれ？,"[""色が美しいこと"", ""いつも、つねに"", ""決着がつかないこと"", ""思いやりがないこと""]",1,いつも、つねに,日夜は、いつも、つねに、という意味です。
680,vocab1300_p126_003,126,meaning_context,,鮮やか,あざやか,妹のスカートは、鮮やかな青色でした。,,鮮やか の意味はどれ？,"[""冷たい態度"", ""いつも"", ""色がはっきりしていて美しいさま"", ""うまくいけば""]",2,色がはっきりしていて美しいさま,鮮やかは、色がはっきりしていて美しいさまです。
681,vocab1300_p126_004,126,meaning_context,,あわよくば,あわよくば,あわよくば、一番前の席に座りたいと思いました。,,あわよくば の意味はどれ？,"[""うまくいけば"", ""同じことを繰り返して"", ""冷たく"", ""色が美しく""]",0,うまくいけば,あわよくばは、うまくいけば、という意味です。
682,vocab1300_p126_005,126,meaning_context,,いたちごっこ,いたちごっこ,片づけてもすぐに散らかり、掃除はいたちごっこになりました。,,いたちごっこ の意味はどれ？,"[""活動的で元気なこと"", ""色がはっきりしていること"", ""同じことを繰り返すばかりで、決着がつかないこと"", ""うまくいくこと""]",2,同じことを繰り返すばかりで、決着がつかないこと,いたちごっこは、同じことを繰り返すばかりで、決着がつかないことです。
683,vocab1300_p126_006,126,meaning_context,,つれない,つれない,相談したのに、友だちはつれない態度でした。,,つれない の意味はどれ？,"[""いつも続けること"", ""元気があること"", ""うまくいくこと"", ""思いやりがなく、冷淡な態度""]",3,思いやりがなく、冷淡な態度,つれないは、思いやりがなく、冷淡な態度のことです。
684,vocab1300_p127_001,127,meaning_context,,上回る,うわまわる,発表会の参加者は、予想人数を上回りました。,,上回る の意味はどれ？,"[""基準の数量よりも多いこと"", ""じゃれて遊ぶこと"", ""はっきりしないこと"", ""気が引けること""]",0,基準の数量よりも多いこと,上回るは、基準の数量よりも多いことです。
685,vocab1300_p127_002,127,meaning_context,,身が引きしまる,みがひきしまる,大きな大会に出る仲間の思いを聞き、身が引きしまりました。,,身が引きしまる の意味はどれ？,"[""遊ぶこと"", ""心や体がきりっとすること"", ""具体的でないこと"", ""気分が明るいこと""]",1,心や体がきりっとすること,身が引きしまるは、緊張感で心や体がきりっとすることです。
686,vocab1300_p127_003,127,meaning_context,,あいまい,あいまい,集合時間の説明があいまいで、何時に行けばよいか分かりませんでした。,,あいまい の意味はどれ？,"[""気が引けること"", ""数量が多いこと"", ""具体的でなく、はっきりしない様子"", ""心が晴れ晴れしていること""]",2,具体的でなく、はっきりしない様子,あいまいは、具体的でなく、はっきりしない様子です。
687,vocab1300_p127_004,127,meaning_context,,朗らか,ほがらか,その子は朗らかな笑顔で、みんなにあいさつしました。,,朗らか の意味はどれ？,"[""はっきりしないこと"", ""心が晴れ晴れとして、活発な様子"", ""気が引けること"", ""基準より多いこと""]",1,心が晴れ晴れとして、活発な様子,朗らかは、心が晴れ晴れとして、活発な様子です。
688,vocab1300_p127_005,127,meaning_context,,後ろめたい,うしろめたい,宿題を忘れたことを言えず、後ろめたい気持ちになりました。,,後ろめたい の意味はどれ？,"[""じゃれて遊ぶこと"", ""数量が多いこと"", ""自分に悪いところがあって、気が引けること"", ""気分が明るいこと""]",2,自分に悪いところがあって、気が引けること,後ろめたいは、自分に悪いところがあって、気が引けることです。
689,vocab1300_p127_006,127,meaning_context,,たわむれる,たわむれる,公園で、子どもたちが犬とたわむれていました。,,たわむれる の意味はどれ？,"[""基準より多いこと"", ""はっきりしないこと"", ""心がきりっとすること"", ""じゃれる、遊ぶこと""]",3,じゃれる、遊ぶこと,たわむれるは、じゃれる、遊ぶという意味です。
690,vocab1300_p128_001,128,meaning_context,,スローガン,スローガン,クラスで『毎日元気にあいさつ』というスローガンを決めました。,,スローガン の意味はどれ？,"[""何かを成し遂げること"", ""さっぱりした性格"", ""簡潔にまとめた標語"", ""遠回しに伝えること""]",2,簡潔にまとめた標語,スローガンは、主義や主張を簡潔にまとめた言葉、標語のことです。
691,vocab1300_p128_002,128,meaning_context,,竹を割ったような,たけをわったような,その先生は竹を割ったような性格で、思ったことをはっきり言います。,,竹を割ったような の意味はどれ？,"[""疲れてやせること"", ""性格がさっぱり、からっとしている様子"", ""何かを成し遂げること"", ""間に何かを通すこと""]",1,性格がさっぱり、からっとしている様子,竹を割ったようなは、性格がさっぱりしていて、からっとしている様子です。
692,vocab1300_p128_003,128,meaning_context,,間接的,かんせつてき,友人から間接的に知らせを聞きました。,,間接的 の意味はどれ？,"[""直接ではなく、何かを通して行う様子"", ""喜んでいる様子"", ""標語のこと"", ""さっぱりした性格""]",0,直接ではなく、何かを通して行う様子,間接的は、直接ではなく、何かを通して行う様子です。
693,vocab1300_p128_004,128,meaning_context,,案じる,あんじる,母は、遠くへ行った兄の無事を案じていました。,,案じる の意味はどれ？,"[""喜びで飛び上がりそうになること"", ""目標をやりとげること"", ""さっぱりした性格であること"", ""心配すること""]",3,心配すること,案じるは、心配することです。
694,vocab1300_p128_005,128,meaning_context,,小躍り,こおどり,テストで満点を取って、思わず小躍りしました。,,小躍り の意味はどれ？,"[""遠回しに伝えること"", ""飛び上がりそうなくらい喜んでいる様子"", ""心配すること"", ""標語を作ること""]",1,飛び上がりそうなくらい喜んでいる様子,小躍りは、飛び上がりそうなくらい喜んでいる様子です。
695,vocab1300_p128_006,128,meaning_context,,達成,たっせい,毎日練習して、今月の目標を達成しました。,,達成 の意味はどれ？,"[""心配すること"", ""遠回しに話すこと"", ""何かを成し遂げること"", ""さっぱりした性格""]",2,何かを成し遂げること,達成は、何かを成し遂げることです。
696,vocab1300_p129_001,129,meaning_context,,価値観,かちかん,人によって大切に思うものが違うので、価値観も違います。,,価値観 の意味はどれ？,"[""何も知らないこと"", ""不満を言うこと"", ""何に価値を見出すかについての、人の判断"", ""臭いが強く鼻を刺激すること""]",2,何に価値を見出すかについての、人の判断,価値観は、何に価値を見出すかについての、人の判断のことです。
697,vocab1300_p129_002,129,meaning_context,,無知,むち,礼儀作法について、私はまだ無知でした。,,無知 の意味はどれ？,"[""似ているものにたとえること"", ""何も知らないこと"", ""話し合いがもつれること"", ""人の判断""]",1,何も知らないこと,無知は、何も知らないことです。
698,vocab1300_p129_003,129,meaning_context,,鼻をつく,はなをつく,空き家の扉を開けると、強いにおいが鼻をつきました。,,鼻をつく の意味はどれ？,"[""不満を言うこと"", ""何も知らないこと"", ""臭いが強烈で、鼻が刺激されること"", ""人の考え方""]",2,臭いが強烈で、鼻が刺激されること,鼻をつくは、臭いが強烈で、鼻が刺激されることです。
699,vocab1300_p129_004,129,meaning_context,,なぞらえる,なぞらえる,先生は、人生を山登りになぞらえて話しました。,,なぞらえる の意味はどれ？,"[""似ているものと比較して考えること"", ""話し合いがもつれること"", ""何も知らないこと"", ""不満を言うこと""]",0,似ているものと比較して考えること,なぞらえるは、似ているものと比較して考えること、たとえることです。
700,vocab1300_p129_005,129,meaning_context,,こじれる,こじれる,小さな言い合いから、話がこじれてしまいました。,,こじれる の意味はどれ？,"[""臭いが鼻を刺激すること"", ""話し合いなどがもつれること"", ""価値を見出すこと"", ""似たものにたとえること""]",1,話し合いなどがもつれること,こじれるは、話し合いなどがもつれることです。
701,vocab1300_p129_006,129,meaning_context,,愚痴,ぐち,父は仕事の愚痴をたまに言います。,,愚痴 の意味はどれ？,"[""何も知らないこと"", ""似ているものにたとえること"", ""人の判断"", ""不満を言うこと""]",3,不満を言うこと,愚痴は、不満を言うことです。
702,vocab1300_p130_001,130,meaning_context,,分が悪い,ぶがわるい,相手チームは人数が多く、この勝負は分が悪いです。,,分が悪い の意味はどれ？,"[""不利であること、勝ち目がないこと"", ""まったく変わらないこと"", ""人目を引くこと"", ""一部をけずること""]",0,不利であること、勝ち目がないこと,分が悪いは、不利であること、勝ち目がないことです。
703,vocab1300_p130_002,130,meaning_context,,いっこうに,いっこうに,何度声をかけても、弟はいっこうに気にしませんでした。,,いっこうに の意味はどれ？,"[""相手に合わせること"", ""まったく、少しも"", ""不利であること"", ""注意すること""]",1,まったく、少しも,いっこうには、まったく、少しも、という意味です。後ろに打ち消しの言葉が続くことが多いです。
704,vocab1300_p130_003,130,meaning_context,,省略,しょうりゃく,長い計算の式は、一部を省略して書きました。,,省略 の意味はどれ？,"[""人目を引くこと"", ""マナーを注意すること"", ""短くするために一部をけずること"", ""勝ち目がないこと""]",2,短くするために一部をけずること,省略は、短くするために一部をけずることです。
705,vocab1300_p130_004,130,meaning_context,,たしなめる,たしなめる,先生は、ろうかを走った子を静かにたしなめました。,,たしなめる の意味はどれ？,"[""短くすること"", ""相手に合わせること"", ""明るく目立つこと"", ""良くない点やマナー違反を注意すること""]",3,良くない点やマナー違反を注意すること,たしなめるは、良くない点やマナー違反を注意することです。
706,vocab1300_p130_005,130,meaning_context,,迎合,げいごう,人気のある人に迎合して、自分の考えを変えるのは少し残念です。,,迎合 の意味はどれ？,"[""相手に合わせて、自分の考えや態度を変えること"", ""一部をけずること"", ""不利であること"", ""人目を引くこと""]",0,相手に合わせて、自分の考えや態度を変えること,迎合は、相手に合わせて、自分の考えや態度を変えることです。
707,vocab1300_p130_006,130,meaning_context,,華やか,はなやか,有名人が集まった会場は、華やかな雰囲気でした。,,華やか の意味はどれ？,"[""まったく変わらないこと"", ""注意すること"", ""短くすること"", ""明るく、人目を引きつける様子""]",3,明るく、人目を引きつける様子,華やかは、明るく、人目を引きつける様子です。
708,vocab1300_p131_001,131,meaning_context,,イメージ,イメージ,新しい部屋のイメージをノートに描きました。,,イメージ の意味はどれ？,"[""数を引いた残り"", ""頭に思い描く姿や形"", ""不思議に思うこと"", ""時間をかけて育てること""]",1,頭に思い描く姿や形,イメージは、頭に思い描いたり、想像したりする姿や形のことです。
709,vocab1300_p131_002,131,meaning_context,,あっけない,あっけない,楽しみにしていた勝負は、すぐに終わってあっけないものでした。,,あっけない の意味はどれ？,"[""驚いてぼうっとすること"", ""不思議に思うこと"", ""思ったより簡単で物足りないこと"", ""数を引くこと""]",2,思ったより簡単で物足りないこと,あっけないは、思ったより簡単に終わって、物足りないことです。
710,vocab1300_p131_003,131,meaning_context,,差し引き,さしひき,おこづかいから本代を差し引くと、百円残りました。,,差し引き の意味はどれ？,"[""ある数から別の数を引くこと"", ""想像した姿や形"", ""とても驚くこと"", ""大切に育てること""]",0,ある数から別の数を引くこと,差し引きは、ある数から別の数を引くこと、またその残りのことです。
711,vocab1300_p131_004,131,meaning_context,,目が点になる,めがてんになる,弟が急に大きな声で歌い出して、私は目が点になりました。,,目が点になる の意味はどれ？,"[""不思議に思うこと"", ""数を引くこと"", ""時間をかけて育てること"", ""とても驚いて、ぼうっとしてしまうこと""]",3,とても驚いて、ぼうっとしてしまうこと,目が点になるは、とても驚いて、ぼうっとしてしまうことです。
712,vocab1300_p131_005,131,meaning_context,,首をかしげる,くびをかしげる,答えが合わないので、青ちゃんは首をかしげました。,,首をかしげる の意味はどれ？,"[""頭に思い描くこと"", ""不思議に思ったり、疑問に思ったりすること"", ""簡単で物足りないこと"", ""とても驚くこと""]",1,不思議に思ったり、疑問に思ったりすること,首をかしげるは、不思議に思ったり、疑問に思ったりすることです。
713,vocab1300_p131_006,131,meaning_context,,培う,つちかう,毎日の読書で、少しずつ言葉の力を培います。,,培う の意味はどれ？,"[""数を引いて残りを出すこと"", ""物足りなく感じること"", ""時間をかけて、大切に育てること"", ""不思議に思うこと""]",2,時間をかけて、大切に育てること,培うは、時間をかけて、大切に育てることです。
714,vocab1300_p132_001,132,meaning_context,,自然現象,しぜんげんしょう,雷や台風は、自然現象の一つです。,,自然現象 の意味はどれ？,"[""前向きな態度"", ""自然の中で起こるできごと"", ""すっきりしない気持ち"", ""すっかり元気をなくすこと""]",1,自然の中で起こるできごと,自然現象は、自然の中で起こるできごとのことです。
715,vocab1300_p132_002,132,meaning_context,,入念,にゅうねん,発表の前に、原稿を入念に読み直しました。,,入念 の意味はどれ？,"[""自分から進むこと"", ""どうにもできないこと"", ""細かいところまで丁寧にすること"", ""心に残る気持ち""]",2,細かいところまで丁寧にすること,入念は、細かいところまで、じっくり丁寧にすることです。
716,vocab1300_p132_003,132,meaning_context,,積極的,せっきょくてき,青ちゃんは、係の仕事に積極的に取り組みました。,,積極的 の意味はどれ？,"[""自分から進んで何かをしようとする態度"", ""細かく丁寧にすること"", ""自然の中のできごと"", ""元気をなくすこと""]",0,自分から進んで何かをしようとする態度,積極的は、自分から進んで何かをしようとする前向きな態度です。
717,vocab1300_p132_004,132,meaning_context,,手も足も出ない,てもあしもでない,難しい問題ばかりで、私は手も足も出ませんでした。,,手も足も出ない の意味はどれ？,"[""すっきりしない気持ちが残ること"", ""自然の中で起こること"", ""前向きに取り組むこと"", ""自分の力ではどうすることもできないこと""]",3,自分の力ではどうすることもできないこと,手も足も出ないは、自分の力ではどうすることもできない状態です。
718,vocab1300_p132_005,132,meaning_context,,しこり,しこり,仲直りはしたけれど、心に少ししこりが残りました。,,しこり の意味はどれ？,"[""自然のできごと"", ""心に残る、すっきりしない気持ち"", ""細かく丁寧なこと"", ""どうにもできないこと""]",1,心に残る、すっきりしない気持ち,しこりは、心に残る、すっきりしない気持ちのことです。
719,vocab1300_p132_006,132,meaning_context,,憔悴しきる,しょうすいしきる,迷子の犬を一日中探して、家族は憔悴しきっていました。,,憔悴しきる の意味はどれ？,"[""自分から進んですること"", ""自然に起こること"", ""強いショックや心配で、すっかり元気をなくすこと"", ""細かく調べること""]",2,強いショックや心配で、すっかり元気をなくすこと,憔悴しきるは、強いショックや心配で、すっかり元気をなくすことです。
720,vocab1300_p133_001,133,meaning_context,,一石二鳥,いっせきにちょう,歩いて図書館へ行けば、運動にもなり本も借りられて一石二鳥です。,,一石二鳥 の意味はどれ？,"[""今までにない珍しいこと"", ""長続きしないこと"", ""一つのことで二つの利益を得ること"", ""昔も今も変わらないこと""]",2,一つのことで二つの利益を得ること,一石二鳥は、一つのことで、同時に二つの利益を得ることです。
721,vocab1300_p133_002,133,meaning_context,,八方美人,はっぽうびじん,だれにでもいい顔をして、八方美人だと言われました。,,八方美人 の意味はどれ？,"[""苦労すること"", ""だれにでもよく思われようとする人"", ""一つで二つ得ること"", ""飽きっぽいこと""]",1,だれにでもよく思われようとする人,八方美人は、だれに対してもよく思われようとする人のことです。
722,vocab1300_p133_003,133,meaning_context,,前代未聞,ぜんだいみもん,学校で全員が満点を取るなんて、前代未聞のできごとです。,,前代未聞 の意味はどれ？,"[""昔も今も変わらないこと"", ""だれにでもいい顔をすること"", ""今まで聞いたことがないくらい珍しいこと"", ""とても苦労すること""]",2,今まで聞いたことがないくらい珍しいこと,前代未聞は、今まで聞いたことがないくらい珍しいことです。
723,vocab1300_p133_004,133,meaning_context,,三日坊主,みっかぼうず,日記を始めたのに三日坊主で終わってしまいました。,,三日坊主 の意味はどれ？,"[""長続きしないこと"", ""一つで二つ得ること"", ""今までにないこと"", ""どこでも同じこと""]",0,長続きしないこと,三日坊主は、飽きっぽくて、長続きしないことです。
724,vocab1300_p133_005,133,meaning_context,,四苦八苦,しくはっく,難しい工作に四苦八苦しながら、ようやく完成させました。,,四苦八苦 の意味はどれ？,"[""だれにでもいい顔をすること"", ""いろいろ手こずって、とても苦労すること"", ""昔も今も変わらないこと"", ""一つで二つ得ること""]",1,いろいろ手こずって、とても苦労すること,四苦八苦は、いろいろと手こずって、とても苦労することです。
725,vocab1300_p133_006,133,meaning_context,,古今東西,ここんとうざい,古今東西、親が子どもを思う気持ちは変わりません。,,古今東西 の意味はどれ？,"[""今まで聞いたことがないこと"", ""長続きしないこと"", ""いつでもどこでも、昔も今もということ"", ""とても苦労すること""]",2,いつでもどこでも、昔も今もということ,古今東西は、いつでもどこでも、昔も今も、という意味です。
726,vocab1300_p135_001,135,meaning_context,,手順,てじゅん,先生が、折り紙の手順を一つずつ教えてくれました。,,手順 の意味はどれ？,"[""人を思い通りに操ること"", ""病気が治ったばかりの状態"", ""何かをするときの順序や段取り"", ""激しく文句を言うこと""]",2,何かをするときの順序や段取り,手順は、何かをするときの順序や段取りのことです。
727,vocab1300_p135_002,135,meaning_context,,連想,れんそう,白い雲を見て、ソフトクリームを連想しました。,,連想 の意味はどれ？,"[""話し方や言い方"", ""関係する別のものを思い出すこと"", ""文句を言うこと"", ""順序や段取り""]",1,関係する別のものを思い出すこと,連想は、何かを見て、それと関係する別の何かを思い出すことです。
728,vocab1300_p135_003,135,meaning_context,,食ってかかる,くってかかる,負けたことがくやしくて、相手に食ってかかってしまいました。,,食ってかかる の意味はどれ？,"[""病気が治ったばかり"", ""人を操ること"", ""激しく文句を言うこと"", ""思い出すこと""]",2,激しく文句を言うこと,食ってかかるは、相手に激しく文句を言うことです。
729,vocab1300_p135_004,135,meaning_context,,口振り,くちぶり,姉の口振りから、何か知っているように感じました。,,口振り の意味はどれ？,"[""話し方や言い方"", ""何かをする順序"", ""体力がない状態"", ""人を操ること""]",0,話し方や言い方,口振りは、話し方や言い方のことです。
730,vocab1300_p135_005,135,meaning_context,,手玉に取る,てだまにとる,その人は話が上手で、相手を手玉に取りました。,,手玉に取る の意味はどれ？,"[""関係するものを思い出すこと"", ""人を自分の思い通りに操ること"", ""病気が治ったばかりのこと"", ""話し方のこと""]",1,人を自分の思い通りに操ること,手玉に取るは、人を自分の思い通りに操ることです。
731,vocab1300_p135_006,135,meaning_context,,病み上がり,やみあがり,病み上がりなので、今日は体育を見学しました。,,病み上がり の意味はどれ？,"[""人を操ること"", ""文句を言うこと"", ""病気が治ったばかりで、まだ体力が十分でない状態"", ""順序や段取り""]",2,病気が治ったばかりで、まだ体力が十分でない状態,病み上がりは、病気が治ったばかりで、まだ体力が十分でない状態です。
732,vocab1300_p136_001,136,meaning_context,,立て続け,たてつづけ,朝から立て続けにお客さんが来ました。,,立て続け の意味はどれ？,"[""堂々としていること"", ""春の初め"", ""何かが連続して行われること"", ""人が集まること""]",2,何かが連続して行われること,立て続けは、何かが連続して行われることです。
733,vocab1300_p136_002,136,meaning_context,,万能,ばんのう,その道具は切ることも量ることもできる万能な道具です。,,万能 の意味はどれ？,"[""何でもできる多才なこと"", ""顔が赤くなること"", ""連続して起こること"", ""にぎやかになること""]",0,何でもできる多才なこと,万能は、何でもできる多才なことです。
734,vocab1300_p136_003,136,meaning_context,,顔から火が出る,かおからひがでる,みんなの前で名前をまちがえて、顔から火が出る思いでした。,,顔から火が出る の意味はどれ？,"[""春の初め"", ""人目を気にしないこと"", ""何でもできること"", ""とても恥ずかしくて、顔が真っ赤になること""]",3,とても恥ずかしくて、顔が真っ赤になること,顔から火が出るは、とても恥ずかしくて、顔が真っ赤になることです。
735,vocab1300_p136_004,136,meaning_context,,早春,そうしゅん,早春になると、梅の花が少しずつ咲き始めます。,,早春 の意味はどれ？,"[""堂々とすること"", ""春の初め"", ""連続して起こること"", ""人が集まること""]",1,春の初め,早春は、春の初めのことです。
736,vocab1300_p136_005,136,meaning_context,,おおっぴら,おおっぴら,秘密にせず、おおっぴらにみんなへ知らせました。,,おおっぴら の意味はどれ？,"[""人目を気にせず、堂々としているようす"", ""春の初め"", ""何でもできること"", ""顔が赤くなること""]",0,人目を気にせず、堂々としているようす,おおっぴらは、人目を気にせず、堂々としているようすです。
737,vocab1300_p136_006,136,meaning_context,,にぎわう,にぎわう,お祭りの日、駅前はたくさんの人でにぎわいました。,,にぎわう の意味はどれ？,"[""顔が赤くなること"", ""連続して起こること"", ""人が集まって、にぎやかになること"", ""何でもできること""]",2,人が集まって、にぎやかになること,にぎわうは、人が集まって、にぎやかになることです。
738,vocab1300_p137_001,137,meaning_context,,一存,いちぞん,私の一存では決められないので、家族にも相談します。,,一存 の意味はどれ？,"[""本物に似せて作ること"", ""知らないふりをすること"", ""一人だけで考えたことや独断"", ""意見をはね返すこと""]",2,一人だけで考えたことや独断,一存は、一人だけで考えたことや独断のことです。
739,vocab1300_p137_002,137,meaning_context,,何食わぬ顔,なにくわぬかお,弟はお菓子を食べたのに、何食わぬ顔で座っていました。,,何食わぬ顔 の意味はどれ？,"[""本当は知っているのに、知らないふりをすること"", ""その場を思い出すこと"", ""相手の意見を受け入れること"", ""にせものを作ること""]",0,本当は知っているのに、知らないふりをすること,何食わぬ顔は、本当は知っているのに、知らないふりをすることです。
740,vocab1300_p137_003,137,meaning_context,,目に浮かぶ,めにうかぶ,運動会のことを聞くと、友だちの笑顔が目に浮かびます。,,目に浮かぶ の意味はどれ？,"[""一人で決めること"", ""まるで見ているように思い出されること"", ""悪いことをする心"", ""相手に反対すること""]",1,まるで見ているように思い出されること,目に浮かぶは、まるでその場で見ているように、はっきりと思い出されることです。
741,vocab1300_p137_004,137,meaning_context,,悪気,わるぎ,からかっただけで、悪気はありませんでした。,,悪気 の意味はどれ？,"[""知らないふりをすること"", ""本物に似せること"", ""一人で決めること"", ""悪いことをしようとする心""]",3,悪いことをしようとする心,悪気は、悪いことをしようとする心のことです。
742,vocab1300_p137_005,137,meaning_context,,偽造,ぎぞう,大切な書類を偽造するのは、してはいけないことです。,,偽造 の意味はどれ？,"[""本物に似せて、にせものを作ること"", ""相手の意見に反対すること"", ""その場を思い出すこと"", ""知らないふりをすること""]",0,本物に似せて、にせものを作ること,偽造は、本物に似せて、にせものを作ることです。
743,vocab1300_p137_006,137,meaning_context,,反発,はんぱつ,急にきまりを変えると言われ、みんなは反発しました。,,反発 の意味はどれ？,"[""一人だけで考えること"", ""悪い心があること"", ""相手の意見を受け入れず、はね返すこと"", ""まるで見えるように思い出すこと""]",2,相手の意見を受け入れず、はね返すこと,反発は、相手の意見を受け入れず、はね返すことです。
744,vocab1300_p138_001,138,meaning_context,,心を奪われる,こころをうばわれる,美しい星空を見て、青ちゃんは心を奪われました。,,心を奪われる の意味はどれ？,"[""団体の一員であること"", ""急いで落ち着かないこと"", ""すっかり夢中になること"", ""重々しいようす""]",2,すっかり夢中になること,心を奪われるは、あることにすっかり夢中になることです。
745,vocab1300_p138_002,138,meaning_context,,属する,ぞくする,姉は学校の合唱部に属しています。,,属する の意味はどれ？,"[""ある団体やグループの一員であること"", ""じれったく感じること"", ""軽く調子を見ること"", ""夢中になること""]",0,ある団体やグループの一員であること,属するは、ある団体やグループの一員であることです。
746,vocab1300_p138_003,138,meaning_context,,そそくさと,そそくさと,弟は注意されると、そそくさと部屋を出ていきました。,,そそくさと の意味はどれ？,"[""重々しく"", ""夢中になって"", ""急いで落ち着かないようす"", ""団体に入って""]",2,急いで落ち着かないようす,そそくさとは、急いで落ち着かないようすです。
747,vocab1300_p138_004,138,meaning_context,,厳か,おごそか,卒業式は、厳かな雰囲気の中で行われました。,,厳か の意味はどれ？,"[""本格的な前の試し"", ""威厳があり、重々しいようす"", ""思い通りにいかないこと"", ""急いでいるようす""]",1,威厳があり、重々しいようす,厳かは、威厳があり、重々しいようすです。
748,vocab1300_p138_005,138,meaning_context,,小手調べ,こてしらべ,本番の前に、小手調べとして簡単な曲を弾きました。,,小手調べ の意味はどれ？,"[""重々しいようす"", ""団体の一員であること"", ""本格的に始める前に、軽く調子を見ること"", ""夢中になること""]",2,本格的に始める前に、軽く調子を見ること,小手調べは、本格的に始める前に、軽く調子を見てみることです。
749,vocab1300_p138_006,138,meaning_context,,もどかしい,もどかしい,最後の答えがなかなか思い出せず、もどかしい気持ちになりました。,,もどかしい の意味はどれ？,"[""思い通りにいかなくて、じれったいこと"", ""急いで落ち着かないこと"", ""重々しいこと"", ""団体に入ること""]",0,思い通りにいかなくて、じれったいこと,もどかしいは、思い通りにいかなくて、じれったいことです。
750,vocab1300_p139_001,139,meaning_context,,けじめ,けじめ,遊ぶ時間と勉強する時間のけじめをつけましょう。,,けじめ の意味はどれ？,"[""仕組みやしかけ"", ""夜遅くまで起きること"", ""物事の区別や、きちんとした切り替え"", ""苦しそうに息をすること""]",2,物事の区別や、きちんとした切り替え,けじめは、物事の区別や、きちんとした切り替えのことです。
751,vocab1300_p139_002,139,meaning_context,,あえぐ,あえぐ,長い坂道を走って、弟はあえいでいました。,,あえぐ の意味はどれ？,"[""自分の力を見せること"", ""苦しそうに呼吸をすること"", ""仕組みを調べること"", ""区別をつけること""]",1,苦しそうに呼吸をすること,あえぐは、苦しそうに呼吸をすること、息を切らすことです。
752,vocab1300_p139_003,139,meaning_context,,加減,かげん,ボールを投げる力を加減して、妹に渡しました。,,加減 の意味はどれ？,"[""夜遅くまで起きること"", ""自分の能力を見せること"", ""加えたり減らしたりして、ちょうどよくすること"", ""息を切らすこと""]",2,加えたり減らしたりして、ちょうどよくすること,加減は、加えたり減らしたりして、ちょうどよい状態にすることです。
753,vocab1300_p139_004,139,meaning_context,,メカニズム,メカニズム,自動ドアが開くメカニズムを調べました。,,メカニズム の意味はどれ？,"[""苦しく息をすること"", ""仕組み、しかけ"", ""区別のこと"", ""夜更かしすること""]",1,仕組み、しかけ,メカニズムは、仕組みやしかけのことです。
754,vocab1300_p139_005,139,meaning_context,,腕をふるう,うでをふるう,母はお客さんのために、料理の腕をふるいました。,,腕をふるう の意味はどれ？,"[""ちょうどよくすること"", ""夜遅くまで起きること"", ""自分の能力を十分に人に見せること"", ""仕組みを知ること""]",2,自分の能力を十分に人に見せること,腕をふるうは、自分の能力を十分に人に見せることです。
755,vocab1300_p139_006,139,meaning_context,,夜更かし,よふかし,続きが気になって本を読んでいたら、夜更かししてしまいました。,,夜更かし の意味はどれ？,"[""仕組み"", ""息を切らすこと"", ""区別をつけること"", ""夜遅くまで起きていること""]",3,夜遅くまで起きていること,夜更かしは、夜遅くまで起きていることです。
756,vocab1300_p140_001,140,meaning_context,,専用,せんよう,これは青ちゃん専用のノートです。,,専用 の意味はどれ？,"[""その人や目的だけに使うこと"", ""特に、わざと"", ""何かをしようという考え"", ""起こる可能性があること""]",0,その人や目的だけに使うこと,専用は、その人や目的だけに使うことです。
757,vocab1300_p140_002,140,meaning_context,,ともすれば,ともすれば,忙しいと、ともすれば友だちへのありがとうを忘れがちです。,,ともすれば の意味はどれ？,"[""その人だけが使うもの"", ""どうかすると、そうなりやすいこと"", ""ちょっとした動き"", ""特に""]",1,どうかすると、そうなりやすいこと,ともすればは、どうかすると、そうなりやすい、という意味です。
758,vocab1300_p140_003,140,meaning_context,,ことさら,ことさら,弟はことさら大きな声で、できたことを知らせました。,,ことさら の意味はどれ？,"[""何かをしようという考え"", ""起こる可能性があること"", ""特に、わざと"", ""その人だけが使うこと""]",2,特に、わざと,ことさらは、特に、わざと、という意味です。
759,vocab1300_p140_004,140,meaning_context,,有り得る,ありうる,練習を重ねれば、逆転勝ちも有り得ます。,,有り得る の意味はどれ？,"[""ちょっとした動き"", ""どうかするとそうなること"", ""わざとすること"", ""何かが起こる可能性があること""]",3,何かが起こる可能性があること,有り得るは、何かが起こる可能性があることです。
760,vocab1300_p140_005,140,meaning_context,,意図,いと,先生の意図を考えて、問題の解き方を説明しました。,,意図 の意味はどれ？,"[""専用にすること"", ""何かをしようという考え"", ""起こる可能性"", ""表情や動き""]",1,何かをしようという考え,意図は、何かをしようという考えのことです。
761,vocab1300_p140_006,140,meaning_context,,しぐさ,しぐさ,その子は、手をふるしぐさがかわいらしいです。,,しぐさ の意味はどれ？,"[""特にすること"", ""どうかするとそうなること"", ""その人だけのもの"", ""何かをするときのちょっとした動きや表情""]",3,何かをするときのちょっとした動きや表情,しぐさは、何かをするときのちょっとした動きや表情のことです。
762,vocab1300_p141_001,141,meaning_context,,出払う,ではらう,昼休みになると、教室の子どもたちはみんな出払いました。,,出払う の意味はどれ？,"[""まじめで真心があること"", ""人や物が全部外へ出て、残っていないこと"", ""失敗をごまかすこと"", ""無駄に時間を使うこと""]",1,人や物が全部外へ出て、残っていないこと,出払うは、人や物が全部外へ出て、残っていないことです。
763,vocab1300_p141_002,141,meaning_context,,青筋を立てる,あおすじをたてる,何度注意してもやめないので、先生は青筋を立てて怒りました。,,青筋を立てる の意味はどれ？,"[""賢く考えること"", ""真心をこめること"", ""ひどく怒っているようす"", ""人がいなくなること""]",2,ひどく怒っているようす,青筋を立てるは、ひどく怒っているようすを表します。
764,vocab1300_p141_003,141,meaning_context,,頭が切れる,あたまがきれる,姉は頭が切れるので、難しい問題もすぐに考えつきます。,,頭が切れる の意味はどれ？,"[""頭の回転が速く、賢いこと"", ""無駄に時間が過ぎること"", ""怒っていること"", ""ごまかすこと""]",0,頭の回転が速く、賢いこと,頭が切れるは、頭の回転が速く、賢いことです。
765,vocab1300_p141_004,141,meaning_context,,誠実,せいじつ,その子は誠実な人で、約束をきちんと守ります。,,誠実 の意味はどれ？,"[""失敗をごまかすこと"", ""人が出ていくこと"", ""無駄にすること"", ""まじめで、真心が感じられること""]",3,まじめで、真心が感じられること,誠実は、まじめで、真心が感じられることです。
766,vocab1300_p141_005,141,meaning_context,,取り繕う,とりつくろう,宿題を忘れた理由を取り繕っても、先生には分かってしまいました。,,取り繕う の意味はどれ？,"[""賢く判断すること"", ""失敗や都合の悪いところを、うまくごまかすこと"", ""真心をこめること"", ""人が全部いなくなること""]",1,失敗や都合の悪いところを、うまくごまかすこと,取り繕うは、失敗や都合の悪いところを、うまくごまかすことです。
767,vocab1300_p141_006,141,meaning_context,,いたずらに,いたずらに,決められないまま、いたずらに時間だけが過ぎました。,,いたずらに の意味はどれ？,"[""怒って"", ""賢く"", ""無駄に、何のかいもなく"", ""まじめに""]",2,無駄に、何のかいもなく,いたずらには、無駄に、何のかいもなく、という意味です。
768,vocab1300_p142_001,142,meaning_context,,こじつけ,こじつけ,その説明は少しこじつけで、本当の理由には聞こえませんでした。,,こじつけ の意味はどれ？,"[""物を握る力"", ""相手のために注意すること"", ""無理に理屈をつけること"", ""急に思い出せないこと""]",2,無理に理屈をつけること,こじつけは、無理に理屈をつけることです。
769,vocab1300_p142_002,142,meaning_context,,握力,あくりょく,鉄棒に長くぶら下がるには、握力が必要です。,,握力 の意味はどれ？,"[""物を握る力"", ""自分の考えを出すこと"", ""急に有名になること"", ""無理に理由をつけること""]",0,物を握る力,握力は、物を握る力のことです。
770,vocab1300_p142_003,142,meaning_context,,度忘れ,どわすれ,よく知っている友だちの名前を、急に度忘れしました。,,度忘れ の意味はどれ？,"[""相手を注意すること"", ""自分の考えを出すこと"", ""よく知っていることを急に思い出せなくなること"", ""物を握る力""]",2,よく知っていることを急に思い出せなくなること,度忘れは、よく知っていることなのに、急に思い出せなくなることです。
771,vocab1300_p142_004,142,meaning_context,,提案,ていあん,青ちゃんは、班の発表で別のやり方を提案しました。,,提案 の意味はどれ？,"[""急に思い出せないこと"", ""自分の考えやアイデアを出すこと"", ""無理に理屈をつけること"", ""あっという間に変わること""]",1,自分の考えやアイデアを出すこと,提案は、自分の考えやアイデアを出すことです。
772,vocab1300_p142_005,142,meaning_context,,忠告,ちゅうこく,危ない遊びをしていた友だちに、兄は忠告しました。,,忠告 の意味はどれ？,"[""相手のためを思って、良くない点を注意すること"", ""物を握る力"", ""急に有名になること"", ""理屈をつけること""]",0,相手のためを思って、良くない点を注意すること,忠告は、相手のためを思って、良くない点を注意することです。
773,vocab1300_p142_006,142,meaning_context,,一躍,いちやく,大会で優勝して、その子は一躍人気者になりました。,,一躍 の意味はどれ？,"[""注意して"", ""無理に"", ""あっという間に、急に"", ""前もって""]",2,あっという間に、急に,一躍は、あっという間に、急に、という意味です。
774,vocab1300_p143_001,143,meaning_context,,余地,よち,もう席がいっぱいで、入る余地がありませんでした。,,余地 の意味はどれ？,"[""一人前であること"", ""命取りになること"", ""何かをするためのゆとり"", ""つまらないこと""]",2,何かをするためのゆとり,余地は、何かをするためのゆとりや余裕のことです。
775,vocab1300_p143_002,143,meaning_context,,ひとかど,ひとかど,妹も自分で料理ができるようになり、ひとかどの人になりました。,,ひとかど の意味はどれ？,"[""いてもたってもいられないこと"", ""一人前であること"", ""老いること"", ""面白くないこと""]",1,一人前であること,ひとかどは、一人前であることです。
776,vocab1300_p143_003,143,meaning_context,,矢も盾もたまらない,やもたてもたまらない,新しい本が届くと聞いて、矢も盾もたまらず本屋へ走りました。,,矢も盾もたまらない の意味はどれ？,"[""命取りになるほど大きいこと"", ""年を取ること"", ""いてもたってもいられないこと"", ""ゆとりがあること""]",2,いてもたってもいられないこと,矢も盾もたまらないは、いてもたってもいられないことです。
777,vocab1300_p143_004,143,meaning_context,,致命的,ちめいてき,最後の計算ミスは、試合の結果を変える致命的なミスでした。,,致命的 の意味はどれ？,"[""つまらないこと"", ""命取りになるようなこと"", ""一人前であること"", ""ゆとりがあること""]",1,命取りになるようなこと,致命的は、命取りになるような、取り返しがつかないほど大きいことです。
778,vocab1300_p143_005,143,meaning_context,,老化,ろうか,道具も長く使うと、少しずつ老化して使いにくくなります。,,老化 の意味はどれ？,"[""面白くないこと"", ""一人前になること"", ""年を取って、体や物の働きが衰えること"", ""いてもたってもいられないこと""]",2,年を取って、体や物の働きが衰えること,老化は、年を取って、体や物の働きが衰えることです。
779,vocab1300_p143_006,143,meaning_context,,味気ない,あじけない,音楽のない発表会は、少し味気なく感じました。,,味気ない の意味はどれ？,"[""ゆとりがないこと"", ""老いること"", ""一人前であること"", ""面白くない、つまらないこと""]",3,面白くない、つまらないこと,味気ないは、面白くない、つまらないという意味です。
780,vocab1300_p144_001,144,meaning_context,,度胸,どきょう,大勢の前で発表するには、少し度胸がいります。,,度胸 の意味はどれ？,"[""こわがらずにやり通す強い心"", ""気分が軽いようす"", ""泣きながら息を切らすこと"", ""また仲良くなること""]",0,こわがらずにやり通す強い心,度胸は、こわがらずに物事をやり通す強い心です。
781,vocab1300_p144_002,144,meaning_context,,軽やか,かろやか,妹は音楽に合わせて、軽やかにステップをふみました。,,軽やか の意味はどれ？,"[""心配りが行き届くこと"", ""動きや気分が軽く、さわやかなようす"", ""物事の仕組み"", ""強い心""]",1,動きや気分が軽く、さわやかなようす,軽やかは、動きや気分が軽く、さわやかなようすです。
782,vocab1300_p144_003,144,meaning_context,,からくり,からくり,この箱が開くからくりを、みんなで考えました。,,からくり の意味はどれ？,"[""仲良くなること"", ""泣きながら息を切らすこと"", ""物事の仕組みや、巧妙なしかけ"", ""こわがらない心""]",2,物事の仕組みや、巧妙なしかけ,からくりは、物事の仕組みや、巧妙なしかけのことです。
783,vocab1300_p144_004,144,meaning_context,,しゃくりあげる,しゃくりあげる,弟はくやしくて、しゃくりあげながら泣いていました。,,しゃくりあげる の意味はどれ？,"[""気分が軽いようす"", ""心配りがよいこと"", ""また仲良くなること"", ""泣くときに、声や息を短く切らせること""]",3,泣くときに、声や息を短く切らせること,しゃくりあげるは、泣くときに声や息を短く切らせるようにすることです。
784,vocab1300_p144_005,144,meaning_context,,いたれりつくせり,いたれりつくせり,旅行先のホテルは、案内も食事もいたれりつくせりでした。,,いたれりつくせり の意味はどれ？,"[""物事の仕組み"", ""心配りがよく行き届いていること"", ""こわがらないこと"", ""泣きながら息を切らすこと""]",1,心配りがよく行き届いていること,いたれりつくせりは、心配りがよく行き届いていることです。
785,vocab1300_p144_006,144,meaning_context,,仲直り,なかなおり,友だちとけんかをしたけれど、次の日に仲直りしました。,,仲直り の意味はどれ？,"[""動きが軽いこと"", ""強い心"", ""けんかをした人どうしが、また仲良くなること"", ""しかけのこと""]",2,けんかをした人どうしが、また仲良くなること,仲直りは、けんかをした人どうしが、また仲良くなることです。
786,vocab1300_p145_001,145,meaning_context,,自給自足,じきゅうじそく,畑で野菜を育て、卵も家でとる自給自足の生活です。,,自給自足 の意味はどれ？,"[""二人で力を合わせること"", ""生活に必要なものを自分でまかなうこと"", ""あちらこちらへ動き回ること"", ""全部当たること""]",1,生活に必要なものを自分でまかなうこと,自給自足は、生活に必要なものを自分で作り、自分でまかなうことです。
787,vocab1300_p145_002,145,meaning_context,,弱肉強食,じゃくにくきょうしょく,自然界では、弱肉強食のしくみが見られることがあります。,,弱肉強食 の意味はどれ？,"[""ねらったものが全部当たること"", ""何かに夢中になること"", ""強い者が弱い者を支配して栄えること"", ""自分でまかなうこと""]",2,強い者が弱い者を支配して栄えること,弱肉強食は、強い者が弱い者を支配して栄えることです。
788,vocab1300_p145_003,145,meaning_context,,二人三脚,ににんさんきゃく,友だちと二人三脚で、自由研究を完成させました。,,二人三脚 の意味はどれ？,"[""二人で力を合わせ、共同で作業すること"", ""全部当たること"", ""どうしたらよいか分からないこと"", ""自分で作ること""]",0,二人で力を合わせ、共同で作業すること,二人三脚は、二人で力を合わせ、共同で作業することです。
789,vocab1300_p145_004,145,meaning_context,,右往左往,うおうさおう,持ち物を忘れて、朝から右往左往してしまいました。,,右往左往 の意味はどれ？,"[""夢中になること"", ""強い者が勝つこと"", ""自分でまかなうこと"", ""どうしたらよいか分からず、あちらこちらへ動き回ること""]",3,どうしたらよいか分からず、あちらこちらへ動き回ること,右往左往は、どうしたらよいか分からず、あちらこちらへ動き回ることです。
790,vocab1300_p145_005,145,meaning_context,,無我夢中,むがむちゅう,青ちゃんは新しい本を無我夢中で読みました。,,無我夢中 の意味はどれ？,"[""二人で作業すること"", ""何かに心を奪われ、我を忘れること"", ""ねらったものが当たること"", ""強い者が栄えること""]",1,何かに心を奪われ、我を忘れること,無我夢中は、何かに心を奪われ、我を忘れることです。
791,vocab1300_p145_006,145,meaning_context,,百発百中,ひゃっぱつひゃくちゅう,その子の予想は、まるで百発百中でした。,,百発百中 の意味はどれ？,"[""自分でまかなうこと"", ""強い者が勝つこと"", ""ねらったものが、すべて当たること"", ""あちらこちらへ動くこと""]",2,ねらったものが、すべて当たること,百発百中は、ねらったものが、すべて当たることです。
792,vocab1300_p147_001,147,meaning_context,,私服,しふく,遠足の日は、制服ではなく私服で来てよいことになりました。,,私服 の意味はどれ？,"[""自分の衣服"", ""予定を遅らせること"", ""二つのことを成り立たせること"", ""もう一度確かめること""]",0,自分の衣服,私服は、制服ではない、自分の衣服のことです。
793,vocab1300_p147_002,147,meaning_context,,受け売り,うけうり,友だちから聞いた話を、受け売りでみんなに話しました。,,受け売り の意味はどれ？,"[""物の価値が分かること"", ""他の人から聞いたことを、自分の意見のように言うこと"", ""予定を遅らせること"", ""制服ではない服""]",1,他の人から聞いたことを、自分の意見のように言うこと,受け売りは、他の人から聞いたことを、自分の意見のように言うことです。
794,vocab1300_p147_003,147,meaning_context,,駄目押し,だめおし,忘れ物がないか、家を出る前に駄目押しで確認しました。,,駄目押し の意味はどれ？,"[""二つを両方成り立たせること"", ""自分の服"", ""もう一度念を押して、確かめること"", ""他人の話を自分の意見のように言うこと""]",2,もう一度念を押して、確かめること,駄目押しは、もう一度念を押して、確かめることです。
795,vocab1300_p147_004,147,meaning_context,,目が利く,めがきく,母は野菜に目が利くので、おいしいものを選べます。,,目が利く の意味はどれ？,"[""予定を遅らせること"", ""物の価値や善し悪しを判断する力があること"", ""もう一度確かめること"", ""自分の服を着ること""]",1,物の価値や善し悪しを判断する力があること,目が利くは、物の価値や善し悪しを判断する力があることです。
796,vocab1300_p147_005,147,meaning_context,,両立,りょうりつ,勉強とピアノを両立できるように、時間を決めました。,,両立 の意味はどれ？,"[""他の人の話をまねて言うこと"", ""物の価値を見分けること"", ""二つのことを、どちらも成り立たせること"", ""予定を遅らせること""]",2,二つのことを、どちらも成り立たせること,両立は、二つのことを、どちらも成り立たせることです。
797,vocab1300_p147_006,147,meaning_context,,繰り下げる,くりさげる,雨が強いので、開始時間を少し繰り下げました。,,繰り下げる の意味はどれ？,"[""制服ではない服を着ること"", ""もう一度確認すること"", ""二つを成り立たせること"", ""予定より遅らせること""]",3,予定より遅らせること,繰り下げるは、予定より遅らせることです。
798,vocab1300_p148_001,148,meaning_context,,およそ,およそ,およそどんな計画でも、少しは予定と変わるものです。,,およそ の意味はどれ？,"[""注意して聞くこと"", ""途中で終わること"", ""だいたい、ふつう、多くの場合"", ""食べ物が傷みやすいこと""]",2,だいたい、ふつう、多くの場合,およそは、だいたいのところ、ふつう、多くの場合、という意味です。
799,vocab1300_p148_002,148,meaning_context,,まれ,まれ,その子は、まれに見る歌の才能を持っています。,,まれ の意味はどれ？,"[""とても珍しく、なかなか見られないこと"", ""何かを止めること"", ""だいたいのこと"", ""途中で終わること""]",0,とても珍しく、なかなか見られないこと,まれは、とても珍しく、なかなか見られないことです。
800,vocab1300_p148_003,148,meaning_context,,足が早い,あしがはやい,お刺身は足が早いので、買った日に食べました。,,足が早い の意味はどれ？,"[""走るのが速いこと"", ""注意して聞くこと"", ""食べ物が傷みやすく、腐りやすいこと"", ""とても珍しいこと""]",2,食べ物が傷みやすく、腐りやすいこと,足が早いは、食べ物が傷みやすく、腐りやすいことです。走る速さの話ではありません。
801,vocab1300_p148_004,148,meaning_context,,耳をそばだてる,みみをそばだてる,遠くから聞こえる笛の音に、耳をそばだてました。,,耳をそばだてる の意味はどれ？,"[""途中で終わりにすること"", ""注意して、話し声や物音を聞き取ろうとすること"", ""何かを止めること"", ""だいたいのこと""]",1,注意して、話し声や物音を聞き取ろうとすること,耳をそばだてるは、注意して、話し声や物音を聞き取ろうとすることです。
802,vocab1300_p148_005,148,meaning_context,,切り上げる,きりあげる,雨が強くなったので、外遊びを切り上げました。,,切り上げる の意味はどれ？,"[""珍しいこと"", ""耳をすますこと"", ""途中で終わりにすること"", ""食べ物が傷むこと""]",2,途中で終わりにすること,切り上げるは、途中で終わりにすることです。
803,vocab1300_p148_006,148,meaning_context,,制する,せいする,先生は、走り出そうとする子を制しました。,,制する の意味はどれ？,"[""だいたい考えること"", ""食べ物が腐ること"", ""途中でやめること"", ""何かしようとするのを押しとどめること""]",3,何かしようとするのを押しとどめること,制するは、何かしようとするのを押しとどめることです。
804,vocab1300_p149_001,149,meaning_context,,耳にたこができる,みみにたこができる,早く寝なさいと何度も言われ、耳にたこができました。,,耳にたこができる の意味はどれ？,"[""知らないふりをすること"", ""本物そっくりであること"", ""何度も同じことを聞いて、あきあきしていること"", ""明らかに目立つこと""]",2,何度も同じことを聞いて、あきあきしていること,耳にたこができるは、何度も同じことを聞いて、あきあきしていることです。
805,vocab1300_p149_002,149,meaning_context,,しらを切る,しらをきる,お菓子を食べたのに、弟はしらを切りました。,,しらを切る の意味はどれ？,"[""前もって注意すること"", ""本当は知っているのに、知らないふりをすること"", ""もう今となっては"", ""本物そっくりであること""]",1,本当は知っているのに、知らないふりをすること,しらを切るは、本当は知っているのに、知らないふりをすることです。
806,vocab1300_p149_003,149,meaning_context,,リアル,リアル,その恐竜の人形はリアルで、今にも動き出しそうでした。,,リアル の意味はどれ？,"[""明らかに目立つこと"", ""何度も聞くこと"", ""本物そっくりであるようす"", ""もう今となっては""]",2,本物そっくりであるようす,リアルは、本物そっくりであるようすです。
807,vocab1300_p149_004,149,meaning_context,,戒め,いましめ,この失敗を戒めにして、次はよく確認します。,,戒め の意味はどれ？,"[""間違いのないように、前もって与える注意"", ""知らないふりをすること"", ""本物に似ていること"", ""目立っていること""]",0,間違いのないように、前もって与える注意,戒めは、間違いのないように、前もって与える注意のことです。
808,vocab1300_p149_005,149,meaning_context,,もはや,もはや,ここまで雨が強いと、もはや外で遊ぶことはできません。,,もはや の意味はどれ？,"[""本物そっくり"", ""もう今となっては"", ""前もって注意すること"", ""何度も聞くこと""]",1,もう今となっては,もはやは、もう今となっては、という意味です。
809,vocab1300_p149_006,149,meaning_context,,著しい,いちじるしい,毎日練習したので、計算力の伸びが著しいです。,,著しい の意味はどれ？,"[""知らないふりをすること"", ""もう今となっては"", ""明らかに目立っているようす"", ""本物そっくりなこと""]",2,明らかに目立っているようす,著しいは、明らかに目立っているようすです。
810,vocab1300_p150_001,150,meaning_context,,たじろぐ,たじろぐ,相手の強い言葉に、弟は思わずたじろぎました。,,たじろぐ の意味はどれ？,"[""価値が確かなこと"", ""何かを作ること"", ""驚きやショックで、その場から動けないようす"", ""もう少しで大変になること""]",2,驚きやショックで、その場から動けないようす,たじろぐは、驚きやショックで、その場から動けないようすです。
811,vocab1300_p150_002,150,meaning_context,,あわや,あわや,ボールが道路に転がり、あわや事故になるところでした。,,あわや の意味はどれ？,"[""あることに集中すること"", ""もう少しで大変なことになりそうなところで"", ""価値が確かなこと"", ""立ったまま動けないこと""]",1,もう少しで大変なことになりそうなところで,あわやは、もう少しで大変なことになりそうなところで、という意味です。
812,vocab1300_p150_003,150,meaning_context,,かまける,かまける,遊びにかまけて、宿題を少し忘れていました。,,かまける の意味はどれ？,"[""何かを作ること"", ""驚いて動けないこと"", ""あることに集中して、他のことがおろそかになること"", ""もう少しで事故になること""]",2,あることに集中して、他のことがおろそかになること,かまけるは、あることに集中して、他のことがおろそかになることです。
813,vocab1300_p150_004,150,meaning_context,,構成,こうせい,五人のメンバーで、ダンスチームを構成しました。,,構成 の意味はどれ？,"[""いくつかの要素で、一つのものを作ること"", ""価値が確かなこと"", ""立ったまま動けないこと"", ""他のことを忘れること""]",0,いくつかの要素で、一つのものを作ること,構成は、いくつかの要素で、何か一つのものを作ることです。
814,vocab1300_p150_005,150,meaning_context,,立ちつくす,たちつくす,チケットが売り切れと聞いて、妹は目の前で立ちつくしました。,,立ちつくす の意味はどれ？,"[""もう少しで大変なこと"", ""何かを構成すること"", ""驚きや悲しみで、立ったまま動けなくなること"", ""価値が確かなこと""]",2,驚きや悲しみで、立ったまま動けなくなること,立ちつくすは、驚きや悲しみで、立ったまま動けなくなることです。
815,vocab1300_p150_006,150,meaning_context,,折り紙つき,おりがみつき,この店の味は折り紙つきで、いつも行列ができます。,,折り紙つき の意味はどれ？,"[""他のことがおろそかになること"", ""驚いて動けないこと"", ""一つのものを作ること"", ""価値が確かなこと、定評があること""]",3,価値が確かなこと、定評があること,折り紙つきは、価値が確かなこと、定評があることです。
816,vocab1300_p151_001,151,meaning_context,,募金,ぼきん,災害で困っている人を助けるため、学校で募金をしました。,,募金 の意味はどれ？,"[""子どもの成長"", ""寄付金を集めること"", ""表情がかたくなること"", ""言い訳がうまいこと""]",1,寄付金を集めること,募金は、寄付金を集めることです。
817,vocab1300_p151_002,151,meaning_context,,顔がこわばる,かおがこわばる,発表の順番が近づくと、緊張で顔がこわばりました。,,顔がこわばる の意味はどれ？,"[""好きで使うこと"", ""子どものころの成長"", ""緊張や恐怖で、表情がかたくなること"", ""プログラムを作ること""]",2,緊張や恐怖で、表情がかたくなること,顔がこわばるは、緊張や恐怖で表情がかたくなることです。
818,vocab1300_p151_003,151,meaning_context,,口が減らない,くちがへらない,注意しても弟は口が減らず、また言い返してきました。,,口が減らない の意味はどれ？,"[""言い訳や屁理屈がうまく、言い返すこと"", ""寄付金を集めること"", ""表情がかたくなること"", ""いつも好んで使うこと""]",0,言い訳や屁理屈がうまく、言い返すこと,口が減らないは、言い訳や屁理屈がうまく、言い返してくることです。
819,vocab1300_p151_004,151,meaning_context,,生い立ち,おいたち,祖父から、父の子どものころの生い立ちを聞きました。,,生い立ち の意味はどれ？,"[""好きで使うこと"", ""子どものころから成長してきた様子"", ""言い訳がうまいこと"", ""寄付金を集めること""]",1,子どものころから成長してきた様子,生い立ちは、子どものころから成長してきた様子です。
820,vocab1300_p151_005,151,meaning_context,,愛用,あいよう,青ちゃんは、愛用のえんぴつで毎朝の計算をしています。,,愛用 の意味はどれ？,"[""表情がかたくなること"", ""いつも好んで使うこと"", ""プログラムを作ること"", ""子どもの成長""]",1,いつも好んで使うこと,愛用は、いつも好んで使うことです。
821,vocab1300_p151_006,151,meaning_context,,プログラマー,プログラマー,将来、ゲームを作るプログラマーになりたいと思いました。,,プログラマー の意味はどれ？,"[""寄付金を集める人"", ""いつも使う道具"", ""コンピューターのプログラムを作る人"", ""言い訳がうまい人""]",2,コンピューターのプログラムを作る人,プログラマーは、コンピューターのプログラムを作る人です。
822,vocab1300_p152_001,152,meaning_context,,トラブル,トラブル,登校中にトラブルがあり、少し遅れて教室に入りました。,,トラブル の意味はどれ？,"[""事件や問題"", ""気分転換"", ""自尊心"", ""少しずつ出すこと""]",0,事件や問題,トラブルは、事件や問題のことです。
823,vocab1300_p152_002,152,meaning_context,,リフレッシュ,リフレッシュ,勉強の合間に散歩をして、気持ちをリフレッシュしました。,,リフレッシュ の意味はどれ？,"[""表情が暗いこと"", ""体を動かしたり休んだりして、気分転換をすること"", ""事件や問題"", ""チャンスを逃すこと""]",1,体を動かしたり休んだりして、気分転換をすること,リフレッシュは、体を動かしたり休んだりして気分転換をすることです。
824,vocab1300_p152_003,152,meaning_context,,プライド,プライド,自分の仕事にはプライドを持って、最後までやり通します。,,プライド の意味はどれ？,"[""少しずつ出すこと"", ""心配で表情が暗いこと"", ""自尊心、誇り"", ""うっかり逃すこと""]",2,自尊心、誇り,プライドは、自尊心や誇りのことです。
825,vocab1300_p152_004,152,meaning_context,,浮かない顔,うかないかお,テストの結果が心配で、友だちは浮かない顔をしていました。,,浮かない顔 の意味はどれ？,"[""事件が起きること"", ""気分転換すること"", ""少しずつ出すこと"", ""心配や不安があって、表情が暗いこと""]",3,心配や不安があって、表情が暗いこと,浮かない顔は、心配や不安があって、表情が暗いことです。
826,vocab1300_p152_005,152,meaning_context,,小出し,こだし,先生は、ヒントを小出しにしてくれました。,,小出し の意味はどれ？,"[""自尊心"", ""たくさんの中から、少しずつ出すこと"", ""事件や問題"", ""表情が暗いこと""]",1,たくさんの中から、少しずつ出すこと,小出しは、たくさんの中から、少しずつ出すことです。
827,vocab1300_p152_006,152,meaning_context,,そびれる,そびれる,忙しくしていたら、友だちに電話をかけそびれました。,,そびれる の意味はどれ？,"[""気分転換すること"", ""心配すること"", ""ついうっかり、何かをするチャンスを逃すこと"", ""誇りを持つこと""]",2,ついうっかり、何かをするチャンスを逃すこと,そびれるは、ついうっかり何かをするチャンスを逃してしまうことです。
828,vocab1300_p153_001,153,meaning_context,,矢つぎ早,やつぎばや,先生は、矢つぎ早に質問を出しました。,,矢つぎ早 の意味はどれ？,"[""広くすべて"", ""照れくさそうに"", ""次から次に、続けて何かを行う様子"", ""本当らしく見せる様子""]",2,次から次に、続けて何かを行う様子,矢つぎ早は、次から次に、続けて何かを行う様子です。
829,vocab1300_p153_002,153,meaning_context,,はにかみながら,はにかみながら,妹は、はにかみながら自己紹介をしました。,,はにかみながら の意味はどれ？,"[""何かが起こりそうに"", ""照れくさそうにしながら"", ""広くすべて"", ""集中していない様子で""]",1,照れくさそうにしながら,はにかみながらは、照れくさそうにしながら、という意味です。
830,vocab1300_p153_003,153,meaning_context,,上の空,うわのそら,授業中、弟は上の空で先生の話を聞いていませんでした。,,上の空 の意味はどれ？,"[""いかにも本当らしく"", ""次から次に"", ""何か他のことに気が散って、集中していない様子"", ""ふだんと違う様子""]",2,何か他のことに気が散って、集中していない様子,上の空は、何か他のことに気が散って、集中していない様子です。
831,vocab1300_p153_004,153,meaning_context,,あまねく,あまねく,その知らせは、学校中にあまねく伝わりました。,,あまねく の意味はどれ？,"[""広くすべて"", ""照れくさそうに"", ""集中せずに"", ""本当らしく""]",0,広くすべて,あまねくは、広くすべて、という意味です。
832,vocab1300_p153_005,153,meaning_context,,ただならぬ,ただならぬ,先生の顔つきから、ただならぬ気配を感じました。,,ただならぬ の意味はどれ？,"[""照れくさい様子"", ""ふだんと違って、何かが起こりそうな様子"", ""広くすべて"", ""次から次に行う様子""]",1,ふだんと違って、何かが起こりそうな様子,ただならぬは、ふだんと違って、何かが起こりそうな様子です。
833,vocab1300_p153_006,153,meaning_context,,まことしやか,まことしやか,友だちは、まことしやかに不思議な話を語りました。,,まことしやか の意味はどれ？,"[""集中していない様子"", ""何かが起こりそうな様子"", ""本当らしく見せる様子"", ""広くすべて""]",2,本当らしく見せる様子,まことしやかは、いかにも本当らしく見せる様子です。
834,vocab1300_p154_001,154,meaning_context,,挽回,ばんかい,前半は負けていたけれど、後半で点を取り返して挽回しました。,,挽回 の意味はどれ？,"[""巻き返すこと"", ""まだ知らないこと"", ""良いものを感じとる力"", ""周りの状況""]",0,巻き返すこと,挽回は、巻き返すこと、失ったものを取り戻すことです。
835,vocab1300_p154_002,154,meaning_context,,未知,みち,宇宙には、まだ未知のことがたくさんあります。,,未知 の意味はどれ？,"[""状況を悪くすること"", ""まだ知らないこと"", ""重点"", ""巻き返すこと""]",1,まだ知らないこと,未知は、まだ知らないことです。
836,vocab1300_p154_003,154,meaning_context,,環境,かんきょう,静かな環境だと、読書に集中しやすいです。,,環境 の意味はどれ？,"[""まだ知らないこと"", ""良いものを感じとる力"", ""周りの状況"", ""かえって悪くすること""]",2,周りの状況,環境は、周りの状況のことです。
837,vocab1300_p154_004,154,meaning_context,,ウエート,ウエート,今日の練習では、基礎にウエートを置きました。,,ウエート の意味はどれ？,"[""もっとも大切なところ、重点"", ""周りの状況"", ""まだ知らないこと"", ""良いものを感じる力""]",0,もっとも大切なところ、重点,ウエートは、もっとも大切なところ、重点という意味です。
838,vocab1300_p154_005,154,meaning_context,,センス,センス,姉は服を選ぶセンスがよく、色の組み合わせが上手です。,,センス の意味はどれ？,"[""巻き返すこと"", ""良いものを感じとる感覚や能力"", ""重点"", ""状況を悪くすること""]",1,良いものを感じとる感覚や能力,センスは、良いものを感じとる感覚や能力のことです。
839,vocab1300_p154_006,154,meaning_context,,助長,じょちょう,甘やかしすぎると、わがままを助長してしまうことがあります。,,助長 の意味はどれ？,"[""まだ知らないこと"", ""周りの状況"", ""余計な力を貸して、かえって状況を悪くすること"", ""良いものを感じる力""]",2,余計な力を貸して、かえって状況を悪くすること,助長は、余計な力を貸して、かえって状況を悪くすることです。
840,vocab1300_p155_001,155,meaning_context,,うつろな目,うつろなめ,びっくりすることがあり、弟はうつろな目をしていました。,,うつろな目 の意味はどれ？,"[""思いやりがなく冷たい目"", ""いきいきとしていない、ぼんやりした目"", ""思いがけず出会うこと"", ""大きさが同じくらいなこと""]",1,いきいきとしていない、ぼんやりした目,うつろな目は、いきいきとしていない、ぼんやりした目のことです。
841,vocab1300_p155_002,155,meaning_context,,出ばなをくじく,でばなをくじく,やる気になったところで悪い点を言われ、出ばなをくじかれました。,,出ばなをくじく の意味はどれ？,"[""思い違いをすること"", ""意気込んで何かをしようとした矢先に、やる気を失わせること"", ""冷たい態度をとること"", ""同じくらい強いこと""]",1,意気込んで何かをしようとした矢先に、やる気を失わせること,出ばなをくじくは、何かをしようとした矢先に、やる気を失わせることです。
842,vocab1300_p155_003,155,meaning_context,,匹敵する,ひってきする,この選手の速さは、上級生にも匹敵します。,,匹敵する の意味はどれ？,"[""思いやりがないこと"", ""思いがけず出会うこと"", ""大きさや強さが同じくらいであること"", ""ぼんやりしていること""]",2,大きさや強さが同じくらいであること,匹敵するは、大きさや強さが同じくらいであることです。
843,vocab1300_p155_004,155,meaning_context,,鉢合わせ,はちあわせ,店を出たところで、昔の友だちと鉢合わせしました。,,鉢合わせ の意味はどれ？,"[""思いがけず、誰かに出会うこと"", ""見間違いをすること"", ""やる気を失わせること"", ""冷たい感じ""]",0,思いがけず、誰かに出会うこと,鉢合わせは、思いがけず誰かに出会うことです。
844,vocab1300_p155_005,155,meaning_context,,錯覚,さっかく,暗い道で、石を動物だと錯覚しました。,,錯覚 の意味はどれ？,"[""大きさが同じくらいなこと"", ""思い違いや見間違い"", ""やる気を失わせること"", ""思いやりがないこと""]",1,思い違いや見間違い,錯覚は、思い違いや見間違いのことです。
845,vocab1300_p155_006,155,meaning_context,,そっけない,そっけない,質問したのに、友だちはそっけない返事をしました。,,そっけない の意味はどれ？,"[""ぼんやりしていること"", ""思いがけず会うこと"", ""思いやりがなく、冷たい感じ"", ""同じくらい強いこと""]",2,思いやりがなく、冷たい感じ,そっけないは、思いやりがなく、冷たい感じのことです。
846,vocab1300_p156_001,156,meaning_context,,ふてくされる,ふてくされる,ゲームを止められて、弟はふてくされてしまいました。,,ふてくされる の意味はどれ？,"[""相手に遠慮すること"", ""計画を立てること"", ""機嫌が悪くなり、投げやりな態度になること"", ""上手でないこと""]",2,機嫌が悪くなり、投げやりな態度になること,ふてくされるは、機嫌が悪くなり、表情や態度が投げやりになることです。
847,vocab1300_p156_002,156,meaning_context,,気晴らし,きばらし,宿題のあと、気晴らしに犬と散歩へ行きました。,,気晴らし の意味はどれ？,"[""気分転換"", ""皮肉を言うこと"", ""上手でないこと"", ""計画を立てること""]",0,気分転換,気晴らしは、気分転換のことです。
848,vocab1300_p156_003,156,meaning_context,,気兼ね,きがね,気兼ねしないで、好きなだけお茶を飲んでください。,,気兼ね の意味はどれ？,"[""機嫌が悪いこと"", ""相手に遠慮すること"", ""皮肉があること"", ""気分を変えること""]",1,相手に遠慮すること,気兼ねは、相手に遠慮することです。
849,vocab1300_p156_004,156,meaning_context,,企てる,くわだてる,兄は、みんなを驚かせる作戦を企てました。,,企てる の意味はどれ？,"[""計画を立てること"", ""上手でないこと"", ""遠慮すること"", ""気分転換すること""]",0,計画を立てること,企てるは、計画を立てることです。
850,vocab1300_p156_005,156,meaning_context,,とげのある,とげのある,友だちのとげのある言い方に、少しむかっとしました。,,とげのある の意味はどれ？,"[""気分を変える"", ""皮肉や悪意がこもっている様子"", ""こなれていない様子"", ""投げやりな態度""]",1,皮肉や悪意がこもっている様子,とげのあるは、言葉や態度に皮肉や悪意がこもっている様子です。
851,vocab1300_p156_006,156,meaning_context,,つたない,つたない,つたない字だけれど、心をこめて手紙を書きました。,,つたない の意味はどれ？,"[""計画を立てること"", ""遠慮すること"", ""こなれていない、上手でないこと"", ""皮肉があること""]",2,こなれていない、上手でないこと,つたないは、こなれていない、上手でないことです。
852,vocab1300_p157_001,157,meaning_context,,一攫千金,いっかくせんきん,宝くじで一攫千金をねらう人もいます。,,一攫千金 の意味はどれ？,"[""正しく立派な様子"", ""簡単な方法で、大金を一度に得ること"", ""とても面白いこと"", ""人それぞれ違うこと""]",1,簡単な方法で、大金を一度に得ること,一攫千金は、簡単な方法で大金を一度に得ることです。
853,vocab1300_p157_002,157,meaning_context,,一進一退,いっしんいったい,病気の具合は、一進一退をくり返しました。,,一進一退 の意味はどれ？,"[""良くなったり悪くなったりすること"", ""思い通りに進むこと"", ""大金を得ること"", ""考え方が違うこと""]",0,良くなったり悪くなったりすること,一進一退は、良くなったり悪くなったりすることです。
854,vocab1300_p157_003,157,meaning_context,,順風満帆,じゅんぷうまんぱん,準備をしっかりしたので、発表は順風満帆に進みました。,,順風満帆 の意味はどれ？,"[""人それぞれ違うこと"", ""お腹を抱えて笑うこと"", ""順調に、思い通りに物事が進むこと"", ""正しい態度""]",2,順調に、思い通りに物事が進むこと,順風満帆は、順調に、自分の思い通りに物事が進むことです。
855,vocab1300_p157_004,157,meaning_context,,抱腹絶倒,ほうふくぜっとう,新しいコメディー映画は、抱腹絶倒の面白さでした。,,抱腹絶倒 の意味はどれ？,"[""大金を一度に得ること"", ""良くなったり悪くなったりすること"", ""正しく立派なこと"", ""お腹を抱えて笑うほど面白いこと""]",3,お腹を抱えて笑うほど面白いこと,抱腹絶倒は、お腹を抱えて笑うほど面白いことです。
856,vocab1300_p157_005,157,meaning_context,,正々堂々,せいせいどうどう,相手の悪口を言わず、正々堂々と試合をしました。,,正々堂々 の意味はどれ？,"[""態度や行いが正しく、立派な様子"", ""人それぞれ違うこと"", ""順調に進むこと"", ""とても笑えること""]",0,態度や行いが正しく、立派な様子,正々堂々は、態度や行いが正しく、立派な様子です。
857,vocab1300_p157_006,157,meaning_context,,十人十色,じゅうにんといろ,好きな本は人によって違います。まさに十人十色です。,,十人十色 の意味はどれ？,"[""大金を得ること"", ""良くなったり悪くなったりすること"", ""人それぞれ考え方や好みが違うこと"", ""正しく立派なこと""]",2,人それぞれ考え方や好みが違うこと,十人十色は、人それぞれ考え方や好みが違うことです。
858,vocab1300_p159_001,159,meaning_context,,ためしがない,ためしがない,姉は目覚まし時計なしで起きたためしがありません。,,ためしがない の意味はどれ？,"[""強引にさせること"", ""手ぬかりがないこと"", ""〜したことがない、前例がない"", ""控えめな態度""]",2,〜したことがない、前例がない,ためしがないは、〜したことがない、そういう前例がない、という意味です。
859,vocab1300_p159_002,159,meaning_context,,万全,ばんぜん,忘れ物がないよう、万全の準備で出発しました。,,万全 の意味はどれ？,"[""手ぬかりがなく、準備不足がないこと"", ""ぼんやりしている様子"", ""奥の手"", ""強引にさせること""]",0,手ぬかりがなく、準備不足がないこと,万全は、手ぬかりがなく、準備不足がないことです。
860,vocab1300_p159_003,159,meaning_context,,呆然,ぼうぜん,家の焼け跡を見て、その人は呆然と立ちつくしました。,,呆然 の意味はどれ？,"[""控えめな態度"", ""前例がないこと"", ""あっけにとられて、ぼんやりとしている様子"", ""いちばん強い手段""]",2,あっけにとられて、ぼんやりとしている様子,呆然は、あっけにとられて、ぼんやりとしている様子です。
861,vocab1300_p159_004,159,meaning_context,,切り札,きりふだ,最後の切り札として、いちばん速い選手を出しました。,,切り札 の意味はどれ？,"[""手ぬかりがないこと"", ""いちばん強力な手段、奥の手"", ""ぼんやりすること"", ""強引にさせること""]",1,いちばん強力な手段、奥の手,切り札は、いちばん強力な手段、奥の手のことです。
862,vocab1300_p159_005,159,meaning_context,,謙遜,けんそん,ほめられても、兄は『まだまだです』と謙遜しました。,,謙遜 の意味はどれ？,"[""ぼんやりしている様子"", ""いばらない、控えめな態度"", ""準備不足がないこと"", ""前例がないこと""]",1,いばらない、控えめな態度,謙遜は、いばらない、控えめな態度のことです。
863,vocab1300_p159_006,159,meaning_context,,むりじい,むりじい,嫌いな食べ物をむりじいするのはよくありません。,,むりじい の意味はどれ？,"[""控えめにすること"", ""奥の手を使うこと"", ""嫌がる相手に、強引に何かをさせること"", ""準備を整えること""]",2,嫌がる相手に、強引に何かをさせること,むりじいは、嫌がる相手に、強引に何かをさせることです。
864,vocab1300_p160_001,160,meaning_context,,目と鼻の先,めとはなのさき,私の家は学校の目と鼻の先にあります。,,目と鼻の先 の意味はどれ？,"[""途中でやめること"", ""すぐ近くであること"", ""強くこばむこと"", ""その季節らしい物事""]",1,すぐ近くであること,目と鼻の先は、すぐ近くであること、あまり離れていないことです。
865,vocab1300_p160_002,160,meaning_context,,風物詩,ふうぶつし,やきいも屋さんの声は、冬の風物詩です。,,風物詩 の意味はどれ？,"[""その季節の雰囲気をよく表した物事"", ""度胸があること"", ""ぴったり合うこと"", ""強くこばむこと""]",0,その季節の雰囲気をよく表した物事,風物詩は、その季節の雰囲気をよく表した物事です。
866,vocab1300_p160_003,160,meaning_context,,拒絶,きょぜつ,頼んでみたけれど、きっぱり拒絶されてしまいました。,,拒絶 の意味はどれ？,"[""近くにあること"", ""途中でやめること"", ""強くこばむこと"", ""季節らしい物事""]",2,強くこばむこと,拒絶は、強くこばむことです。
867,vocab1300_p160_004,160,meaning_context,,大胆,だいたん,決勝戦で、青ちゃんは大胆なプレーを見せました。,,大胆 の意味はどれ？,"[""ぴったり合うこと"", ""度胸があり、思い切りよくやること"", ""強くこばむこと"", ""すぐ近くであること""]",1,度胸があり、思い切りよくやること,大胆は、度胸があり、思い切りよくやることです。
868,vocab1300_p160_005,160,meaning_context,,中断,ちゅうだん,悪天候のため、試合を中断しました。,,中断 の意味はどれ？,"[""途中でやめること"", ""季節を表すこと"", ""ぴったり合うこと"", ""強くこばむこと""]",0,途中でやめること,中断は、途中でやめることです。
869,vocab1300_p160_006,160,meaning_context,,こそふさわしい,こそふさわしい,その役は、やさしい彼女にこそふさわしいと思います。,,こそふさわしい の意味はどれ？,"[""度胸があること"", ""すぐ近くにあること"", ""その季節らしいこと"", ""ぴったり合っていること""]",3,ぴったり合っていること,こそふさわしいは、ぴったり合っているという意味です。
870,vocab1300_p161_001,161,meaning_context,,肥える,こえる,冬の間に、犬が少し肥えてきました。,,肥える の意味はどれ？,"[""予定を早めること"", ""太ること、肉がつくこと"", ""物事を判断する力"", ""夢中になること""]",1,太ること、肉がつくこと,肥えるは、太ること、肉がつくことです。
871,vocab1300_p161_002,161,meaning_context,,よりによって,よりによって,よりによって、大事な日に雨が降りました。,,よりによって の意味はどれ？,"[""他のものと違って目立つこと"", ""脇目もふらず夢中になること"", ""他にもよい選択があるのに、あえてそれを選ぶようす"", ""太って肉がつくこと""]",2,他にもよい選択があるのに、あえてそれを選ぶようす,よりによっては、他にも選べるものがあるのに、なぜそれを選ぶのかと思うときに使います。
872,vocab1300_p161_003,161,meaning_context,,異色,いしょく,その本は、シリーズの中でも異色の作品でした。,,異色 の意味はどれ？,"[""他のものと違って、目立っていること"", ""予定を早めること"", ""物事を考える力"", ""太ること""]",0,他のものと違って、目立っていること,異色は、他のものと違って、目立っていることです。
873,vocab1300_p161_004,161,meaning_context,,知性,ちせい,その人の話し方には、知性が感じられました。,,知性 の意味はどれ？,"[""夢中になること"", ""他と違って目立つこと"", ""予定を早めること"", ""物事を考えて判断する力""]",3,物事を考えて判断する力,知性は、物事を考えて判断する力のことです。
874,vocab1300_p161_005,161,meaning_context,,繰り上げる,くりあげる,雨が降りそうなので、出発時間を繰り上げました。,,繰り上げる の意味はどれ？,"[""予定を早めること"", ""太ること"", ""夢中になること"", ""他と違っていること""]",0,予定を早めること,繰り上げるは、予定を早めることです。
875,vocab1300_p161_006,161,meaning_context,,没頭,ぼっとう,青ちゃんは、新しい本に没頭していました。,,没頭 の意味はどれ？,"[""物事を判断する力"", ""予定を早めること"", ""脇目もふらず、何かに夢中になること"", ""太ること""]",2,脇目もふらず、何かに夢中になること,没頭は、脇目もふらず、何かに夢中になることです。
876,vocab1300_p162_001,162,meaning_context,,我が物顔,わがものがお,弟はソファに我が物顔で座っていました。,,我が物顔 の意味はどれ？,"[""隠していたことを話すこと"", ""いばって、自分中心のようにふるまう様子"", ""おだやかな様子"", ""生まれつきの性質""]",1,いばって、自分中心のようにふるまう様子,我が物顔は、あたかも自分が中心であるかのように、いばっている様子です。
877,vocab1300_p162_002,162,meaning_context,,ずさん,ずさん,ずさんな確認だったので、忘れ物に気づきませんでした。,,ずさん の意味はどれ？,"[""いい加減で、ミスや間違いが多いこと"", ""おだやかなこと"", ""隠さず見せること"", ""打ち明けること""]",0,いい加減で、ミスや間違いが多いこと,ずさんは、いい加減で、ミスや間違いが多いことです。
878,vocab1300_p162_003,162,meaning_context,,天性,てんせい,その子には、天性の明るさがあります。,,天性 の意味はどれ？,"[""隠していたこと"", ""いい加減なこと"", ""生まれつき持っている性格や性質"", ""おだやかな雰囲気""]",2,生まれつき持っている性格や性質,天性は、生まれつき持っている性格や性質のことです。
879,vocab1300_p162_004,162,meaning_context,,和やか,なごやか,話し合いは、和やかな雰囲気で進みました。,,和やか の意味はどれ？,"[""いばっている様子"", ""隠さず見せること"", ""いい加減なこと"", ""おだやかで、雰囲気がやわらいでいる様子""]",3,おだやかで、雰囲気がやわらいでいる様子,和やかは、おだやかで、雰囲気がやわらいでいる様子です。
880,vocab1300_p162_005,162,meaning_context,,あらわにする,あらわにする,調査で、問題の原因があらわになりました。,,あらわにする の意味はどれ？,"[""隠さないで、はっきり見えるようにすること"", ""生まれつき持っていること"", ""おだやかにすること"", ""いばってふるまうこと""]",0,隠さないで、はっきり見えるようにすること,あらわにするは、隠れていたことをはっきり見えるようにすることです。
881,vocab1300_p162_006,162,meaning_context,,口を割る,くちをわる,何度も聞かれて、弟はとうとう口を割りました。,,口を割る の意味はどれ？,"[""いい加減にすること"", ""おだやかになること"", ""隠していたことを打ち明けること"", ""自分中心にふるまうこと""]",2,隠していたことを打ち明けること,口を割るは、隠していたことを打ち明けることです。
882,vocab1300_p163_001,163,meaning_context,,強情,ごうじょう,弟は強情で、まちがいをなかなか認めません。,,強情 の意味はどれ？,"[""紙に書かずに約束すること"", ""考えても答えが出ないこと"", ""かたくなで、意地っ張りな態度"", ""苦しくて声を出すこと""]",2,かたくなで、意地っ張りな態度,強情は、かたくなで、意地っ張りな態度のことです。
883,vocab1300_p163_002,163,meaning_context,,口約束,くちやくそく,口約束だけでは忘れることもあるので、メモをしました。,,口約束 の意味はどれ？,"[""紙に書かないで、口だけで約束すること"", ""顔色が青ざめること"", ""考えが足りないこと"", ""うなり声を出すこと""]",0,紙に書かないで、口だけで約束すること,口約束は、紙に書かないで、口だけで約束することです。
884,vocab1300_p163_003,163,meaning_context,,考えあぐねる,かんがえあぐねる,自由研究のテーマを決められず、考えあぐねました。,,考えあぐねる の意味はどれ？,"[""顔色が悪くなること"", ""考えてもよい結論が出ず、困ること"", ""口だけで約束すること"", ""かたくなになること""]",1,考えてもよい結論が出ず、困ること,考えあぐねるは、考えてもよい結論が出ず、困ることです。
885,vocab1300_p163_004,163,meaning_context,,血の気が引く,ちのけがひく,大事なノートをなくしたと思い、血の気が引きました。,,血の気が引く の意味はどれ？,"[""軽率で考えが足りないこと"", ""苦しくて声を出すこと"", ""恐怖などのために、顔色が青ざめること"", ""口だけで約束すること""]",2,恐怖などのために、顔色が青ざめること,血の気が引くは、恐怖や驚きなどで、顔色が青ざめることです。
886,vocab1300_p163_005,163,meaning_context,,うめく,うめく,転んでひざを打ち、友だちは小さくうめきました。,,うめく の意味はどれ？,"[""考えて困ること"", ""苦しくて、うなり声を出すこと"", ""顔色が青ざめること"", ""意地を張ること""]",1,苦しくて、うなり声を出すこと,うめくは、苦しくて、うなり声を出すことです。
887,vocab1300_p163_006,163,meaning_context,,あさはか,あさはか,名前を書かずに出したのは、あさはかな考えでした。,,あさはか の意味はどれ？,"[""口だけで約束すること"", ""顔色が悪くなること"", ""軽率で、考えが足りない様子"", ""苦しくて声を出すこと""]",2,軽率で、考えが足りない様子,あさはかは、軽率で、考えが足りない様子です。
888,vocab1300_p164_001,164,meaning_context,,はぐらかす,はぐらかす,理由を聞いたのに、弟は話をはぐらかしました。,,はぐらかす の意味はどれ？,"[""少しの間眠ること"", ""話をそらして、まともに答えないようにすること"", ""正反対であること"", ""こまごました仕事""]",1,話をそらして、まともに答えないようにすること,はぐらかすは、話をそらして、まともに答えないようにすることです。
889,vocab1300_p164_002,164,meaning_context,,さっそう,さっそう,姉は新しい服で、さっそうと歩いていました。,,さっそう の意味はどれ？,"[""さわやかで、気持ちのよい様子"", ""こまごました仕事"", ""個人的な事柄"", ""話をそらすこと""]",0,さわやかで、気持ちのよい様子,さっそうは、さわやかで、気持ちのよい様子です。
890,vocab1300_p164_003,164,meaning_context,,プライバシー,プライバシー,人の手紙を勝手に読むのは、プライバシーを大切にしていません。,,プライバシー の意味はどれ？,"[""少し眠ること"", ""正反対であること"", ""私生活など、見せるつもりのない個人的な事柄"", ""さわやかな様子""]",2,私生活など、見せるつもりのない個人的な事柄,プライバシーは、私生活など、一般の人に見せるつもりのない個人的な事柄です。
891,vocab1300_p164_004,164,meaning_context,,雑用,ざつよう,先生の机を運ぶなど、いくつかの雑用を手伝いました。,,雑用 の意味はどれ？,"[""こまごました仕事"", ""個人的な事柄"", ""話をそらすこと"", ""正反対であること""]",0,こまごました仕事,雑用は、重要ではない、こまごました仕事のことです。
892,vocab1300_p164_005,164,meaning_context,,まどろむ,まどろむ,音楽を聞いているうちに、少しまどろんでしまいました。,,まどろむ の意味はどれ？,"[""話をそらすこと"", ""少しの間、眠ること"", ""さわやかな様子"", ""こまごました仕事""]",1,少しの間、眠ること,まどろむは、少しの間、眠ることです。
893,vocab1300_p164_006,164,meaning_context,,裏腹,うらはら,試合に勝ちたい気持ちとは裏腹に、体が動きませんでした。,,裏腹 の意味はどれ？,"[""個人的なこと"", ""少し眠ること"", ""正反対であること"", ""重要でない仕事""]",2,正反対であること,裏腹は、正反対であることです。
894,vocab1300_p165_001,165,meaning_context,,風の吹き回し,かぜのふきまわし,弟が急に部屋を片づけるなんて、どういう風の吹き回しでしょう。,,風の吹き回し の意味はどれ？,"[""罪や過ちを埋め合わせること"", ""その時の気分やなりゆき"", ""事実を打ち明けること"", ""だんだん激しくなること""]",1,その時の気分やなりゆき,風の吹き回しは、その時の気分やなりゆきのことです。いつもと違う行動を不思議に思うときにも使います。
895,vocab1300_p165_002,165,meaning_context,,エスカレート,エスカレート,言い合いがエスカレートして、けんかになってしまいました。,,エスカレート の意味はどれ？,"[""何となく恥ずかしいこと"", ""何かが盛り上がること"", ""だんだんと激しさを増していくこと"", ""事実を打ち明けること""]",2,だんだんと激しさを増していくこと,エスカレートは、だんだんと激しさを増していくことです。
896,vocab1300_p165_003,165,meaning_context,,白状,はくじょう,お菓子を食べたことを、弟は白状しました。,,白状 の意味はどれ？,"[""包み隠さず事実を打ち明けること"", ""気分やなりゆき"", ""罪を埋め合わせること"", ""恥ずかしいこと""]",0,包み隠さず事実を打ち明けること,白状は、包み隠さず事実を打ち明けることです。
897,vocab1300_p165_004,165,meaning_context,,償う,つぐなう,友だちの物をこわしたので、手伝いをして償いました。,,償う の意味はどれ？,"[""だんだん激しくなること"", ""何となく恥ずかしいこと"", ""罪や過ちを埋め合わせること"", ""盛り上がること""]",2,罪や過ちを埋め合わせること,償うは、罪や過ちを埋め合わせることです。
898,vocab1300_p165_005,165,meaning_context,,たけなわ,たけなわ,お祭りがたけなわのころ、太鼓の音が大きくなりました。,,たけなわ の意味はどれ？,"[""その時のなりゆき"", ""何かがいちばん盛り上がっているとき"", ""事実を打ち明けること"", ""罪を埋め合わせること""]",1,何かがいちばん盛り上がっているとき,たけなわは、何かがいちばん盛り上がっているときのことです。
899,vocab1300_p165_006,165,meaning_context,,きまりが悪い,きまりがわるい,名前をまちがえて呼ばれ、少しきまりが悪くなりました。,,きまりが悪い の意味はどれ？,"[""何となく恥ずかしいこと"", ""盛り上がっていること"", ""事実を話すこと"", ""だんだん激しくなること""]",0,何となく恥ずかしいこと,きまりが悪いは、何となく恥ずかしいという意味です。
900,vocab1300_p166_001,166,meaning_context,,委ねる,ゆだねる,どちらを選ぶかは、先生の判断に委ねました。,,委ねる の意味はどれ？,"[""毎日すると決めること"", ""判断や決定を人に任せること"", ""人を強引に押すこと"", ""本当に心から""]",1,判断や決定を人に任せること,委ねるは、判断や決定を人に任せることです。
901,vocab1300_p166_002,166,meaning_context,,押しのける,おしのける,満員電車で、前の人を押しのけて進むのは危ないです。,,押しのける の意味はどれ？,"[""恩を受けること"", ""本当に思い当たること"", ""人を強引に押しやること"", ""毎日すること""]",2,人を強引に押しやること,押しのけるは、人を強引に押しやることです。
902,vocab1300_p166_003,166,meaning_context,,心当たり,こころあたり,なくした本の場所に、心当たりはありませんか。,,心当たり の意味はどれ？,"[""判断を任せること"", ""毎日すると決めること"", ""本当に心から"", ""思い当たること""]",3,思い当たること,心当たりは、何か思い当たることです。
903,vocab1300_p166_004,166,meaning_context,,心底,しんそこ,友だちの成功を、心底うれしいと思いました。,,心底 の意味はどれ？,"[""本当に心から"", ""人を押しやること"", ""恩を受けること"", ""判断を任せること""]",0,本当に心から,心底は、本当に心から、という意味です。
904,vocab1300_p166_005,166,meaning_context,,日課,にっか,朝起きてストレッチをするのが、私の日課です。,,日課 の意味はどれ？,"[""思い当たること"", ""毎日すると決めていること"", ""人に任せること"", ""本当に心から""]",1,毎日すると決めていること,日課は、毎日すると決めていることです。
905,vocab1300_p166_006,166,meaning_context,,恩恵,おんけい,インターネットの恩恵で、遠くの人とも話せます。,,恩恵 の意味はどれ？,"[""判断を任せること"", ""毎日すること"", ""恩を受けること。ありがたみを受けること。"", ""人を押しやること""]",2,恩を受けること。ありがたみを受けること。,恩恵は、恩を受けること、ありがたみを受けることです。
906,vocab1300_p167_001,167,meaning_context,,使わざるを得ない,つかわざるをえない,電車が止まったので、タクシーを使わざるを得ませんでした。,,使わざるを得ない の意味はどれ？,"[""色が薄いこと"", ""〜しないわけにはいかないこと"", ""安心できること"", ""特徴・特色""]",1,〜しないわけにはいかないこと,使わざるを得ないは、使わないわけにはいかない、という意味です。
907,vocab1300_p167_002,167,meaning_context,,危なげない,あぶなげない,その子は、危なげない演奏をしました。,,危なげない の意味はどれ？,"[""言い聞かせること"", ""色が薄いこと"", ""危なっかしくなくて、安心できる様子"", ""階段の間の場所""]",2,危なっかしくなくて、安心できる様子,危なげないは、危なっかしくなくて、安心できる様子です。
908,vocab1300_p167_003,167,meaning_context,,説得,せっとく,母を説得して、バレエを習い始めました。,,説得 の意味はどれ？,"[""言い聞かせて納得させること"", ""特徴であること"", ""使わないわけにいかないこと"", ""安心できること""]",0,言い聞かせて納得させること,説得は、言い聞かせて納得させることです。
909,vocab1300_p167_004,167,meaning_context,,淡い,あわい,桜の花は、淡いピンク色でした。,,淡い の意味はどれ？,"[""階段の間の場所"", ""色が薄いこと"", ""納得させること"", ""安心できること""]",1,色が薄いこと,淡いは、色が薄いことです。
910,vocab1300_p167_005,167,meaning_context,,みそ,みそ,このゲームは、友だちと協力するところがみそです。,,みそ の意味はどれ？,"[""売りとなるところ、特徴"", ""色が薄いこと"", ""安心できること"", ""使わないわけにいかないこと""]",0,売りとなるところ、特徴,みそは、売りとなるところ、特徴や特色のことです。食べるみその意味ではありません。
911,vocab1300_p167_006,167,meaning_context,,踊り場,おどりば,階段の踊り場で、友だちと少し話しました。,,踊り場 の意味はどれ？,"[""色の薄い場所"", ""納得させること"", ""階段と階段の間にある、広く平らなスペース"", ""特徴になること""]",2,階段と階段の間にある、広く平らなスペース,踊り場は、階段と階段の間にある、広く平らなスペースです。
912,vocab1300_p168_001,168,meaning_context,,きざ,きざ,その人は、きざなせりふを言ってみんなを笑わせました。,,きざ の意味はどれ？,"[""きどっている様子"", ""くわしく調べること"", ""儀式や式典"", ""説明を理解すること""]",0,きどっている様子,きざは、きどっている様子です。
913,vocab1300_p168_002,168,meaning_context,,つぶさに,つぶさに,植物の葉の形を、つぶさに観察しました。,,つぶさに の意味はどれ？,"[""心地よく"", ""今後の可能性"", ""くわしく、詳細に"", ""式典として""]",2,くわしく、詳細に,つぶさには、くわしく、詳細に、という意味です。
914,vocab1300_p168_003,168,meaning_context,,快適,かいてき,風がよく通って、この部屋はとても快適です。,,快適 の意味はどれ？,"[""きどっていること"", ""心地よいこと"", ""今後の可能性"", ""理解すること""]",1,心地よいこと,快適は、心地よいことです。
915,vocab1300_p168_004,168,meaning_context,,見込み,みこみ,毎日練習すれば、上手になる見込みがあります。,,見込み の意味はどれ？,"[""くわしいこと"", ""心地よいこと"", ""今後の可能性"", ""式典のこと""]",2,今後の可能性,見込みは、今後の可能性のことです。
916,vocab1300_p168_005,168,meaning_context,,セレモニー,セレモニー,学校の開校記念セレモニーが行われました。,,セレモニー の意味はどれ？,"[""今後の可能性"", ""儀式・式典・祭典"", ""心地よいこと"", ""きどった様子""]",1,儀式・式典・祭典,セレモニーは、儀式・式典・祭典のことです。
917,vocab1300_p168_006,168,meaning_context,,了解,りょうかい,先生の指示を了解して、すぐに準備を始めました。,,了解 の意味はどれ？,"[""くわしく見ること"", ""式典を行うこと"", ""きどること"", ""事情を納得すること、説明を理解すること""]",3,事情を納得すること、説明を理解すること,了解は、事情を納得することや、説明などを理解することです。
918,vocab1300_p169_001,169,meaning_context,,矛盾,むじゅん,昨日と今日で言っていることが違い、話が矛盾しています。,,矛盾 の意味はどれ？,"[""味方がいないこと"", ""食い違って、つじつまが合わないこと"", ""努力した結果"", ""悪いうわさが広まること""]",1,食い違って、つじつまが合わないこと,矛盾は、食い違って、つじつまが合わないことです。
919,vocab1300_p169_002,169,meaning_context,,杞憂,きゆう,いろいろ心配したけれど、すべて杞憂に終わりました。,,杞憂 の意味はどれ？,"[""心配しなくてよいことを、あれこれ気に病むこと"", ""周囲が敵ばかりなこと"", ""つじつまが合わないこと"", ""一所懸命努力すること""]",0,心配しなくてよいことを、あれこれ気に病むこと,杞憂は、心配しなくてよいことを、あれこれ気に病むことです。
920,vocab1300_p169_003,169,meaning_context,,蛍雪の功,けいせつのこう,毎日こつこつ勉強した蛍雪の功で、合格できました。,,蛍雪の功 の意味はどれ？,"[""味方がいないこと"", ""悪いうわさが広まること"", ""苦労して勉強に励んだ結果"", ""心配しすぎること""]",2,苦労して勉強に励んだ結果,蛍雪の功は、苦労して勉強に励んだ結果のことです。
921,vocab1300_p169_004,169,meaning_context,,四面楚歌,しめんそか,みんなに反対されて、兄は四面楚歌の状態でした。,,四面楚歌 の意味はどれ？,"[""つじつまが合わないこと"", ""周囲が敵ばかりで、味方がいないこと"", ""努力した結果"", ""悪いうわさが広がること""]",1,周囲が敵ばかりで、味方がいないこと,四面楚歌は、周囲が敵ばかりで、味方がいないことです。
922,vocab1300_p169_005,169,meaning_context,,臥薪嘗胆,がしんしょうたん,次こそ勝つために、チームは臥薪嘗胆の日々を送りました。,,臥薪嘗胆 の意味はどれ？,"[""心配しすぎること"", ""目的のために、一所懸命努力すること"", ""味方がいないこと"", ""悪いうわさが広がること""]",1,目的のために、一所懸命努力すること,臥薪嘗胆は、目的のために一所懸命がんばったり努力したりすることです。
923,vocab1300_p169_006,169,meaning_context,,悪事千里を走る,あくじせんりをはしる,悪い評判はすぐに広まります。悪事千里を走るですね。,,悪事千里を走る の意味はどれ？,"[""つじつまが合わないこと"", ""努力した結果"", ""悪いうわさは、すぐに広まるというたとえ"", ""周囲が敵ばかりなこと""]",2,悪いうわさは、すぐに広まるというたとえ,悪事千里を走るは、悪いうわさはすぐに広まるというたとえです。
924,vocab1300_p171_001,171,meaning_context,,ねたむ,ねたむ,友だちが賞を取ったのを、少しねたんでしまいました。,,ねたむ の意味はどれ？,"[""期待でどきどきすること"", ""うらやましさのあまり、にくらしく思うこと"", ""力を出し切ること"", ""偉そうに歩くこと""]",1,うらやましさのあまり、にくらしく思うこと,ねたむは、うらやましさから、相手をにくらしく思うことです。
925,vocab1300_p171_002,171,meaning_context,,胸がときめく,むねがときめく,新しい本を開く前、胸がときめきました。,,胸がときめく の意味はどれ？,"[""隠しごとを明らかにすること"", ""言葉の微妙な違い"", ""嬉しさや期待で、胸がどきどきすること"", ""うらやましく思うこと""]",2,嬉しさや期待で、胸がどきどきすること,胸がときめくは、嬉しさや期待で、胸がどきどきわくわくすることです。
926,vocab1300_p171_003,171,meaning_context,,ニュアンス,ニュアンス,同じ『すごい』でも、言い方でニュアンスが変わります。,,ニュアンス の意味はどれ？,"[""音や言葉などの、微妙な違いや感じ方"", ""ここぞというときの力"", ""偉そうに歩くこと"", ""隠しごとを探ること""]",0,音や言葉などの、微妙な違いや感じ方,ニュアンスは、音・言葉・色などの、微妙な違いやその感じ方です。
927,vocab1300_p171_004,171,meaning_context,,あばく,あばく,新聞記者は、事件の真相をあばきました。,,あばく の意味はどれ？,"[""どきどきすること"", ""偉そうに歩くこと"", ""うらやましく思うこと"", ""隠していたことを探り出して明らかにすること""]",3,隠していたことを探り出して明らかにすること,あばくは、隠していたことを探り出して明らかにすることです。
928,vocab1300_p171_005,171,meaning_context,,肩で風を切って,かたでかぜをきって,勝ったチームの子が、肩で風を切って歩いていました。,,肩で風を切って の意味はどれ？,"[""肩を高く上げて、偉そうに歩く様子"", ""胸がわくわくする様子"", ""隠しごとを明らかにする様子"", ""ここぞというときに出る力""]",0,肩を高く上げて、偉そうに歩く様子,肩で風を切っては、偉そうに歩く様子を表します。
929,vocab1300_p171_006,171,meaning_context,,底力,そこぢから,最後の一点で、チームの底力が出ました。,,底力 の意味はどれ？,"[""言葉の細かな違い"", ""うらやましく思うこと"", ""ここぞというときに出る力"", ""偉そうに歩くこと""]",2,ここぞというときに出る力,底力は、ここぞという大事なときに出る力です。
930,vocab1300_p172_001,172,meaning_context,,信頼,しんらい,大事な係を任されて、先生から信頼されていると感じました。,,信頼 の意味はどれ？,"[""誰かを信じる気持ち"", ""手順や進め方"", ""適度な湿り気"", ""付け加えること""]",0,誰かを信じる気持ち,信頼は、誰かを信じる気持ちです。
931,vocab1300_p172_002,172,meaning_context,,添える,そえる,プレゼントに、短い手紙を添えました。,,添える の意味はどれ？,"[""信じること"", ""付け加えること"", ""扱いに困ること"", ""湿り気があること""]",1,付け加えること,添えるは、何かに付け加えることです。
932,vocab1300_p172_003,172,meaning_context,,あいにく,あいにく,あいにく、楽しみにしていた店は休みでした。,,あいにく の意味はどれ？,"[""手順よく"", ""信じて"", ""都合の悪いことに"", ""しっとりして""]",2,都合の悪いことに,あいにくは、都合の悪いことに、という意味です。
933,vocab1300_p172_004,172,meaning_context,,潤い,うるおい,クリームをぬると、手に潤いが戻りました。,,潤い の意味はどれ？,"[""付け加えること"", ""扱いに困ること"", ""信じる気持ち"", ""適度な湿り気""]",3,適度な湿り気,潤いは、適度な湿り気のことです。
934,vocab1300_p172_005,172,meaning_context,,段取り,だんどり,発表会の段取りを、先生と確認しました。,,段取り の意味はどれ？,"[""都合の悪いこと"", ""手順や進め方"", ""誰かを信じる気持ち"", ""適度な湿り気""]",1,手順や進め方,段取りは、物事の手順や進め方です。
935,vocab1300_p172_006,172,meaning_context,,もてあます,もてあます,大きすぎるぬいぐるみを、置き場所に困ってもてあましました。,,もてあます の意味はどれ？,"[""信じること"", ""付け加えること"", ""どう扱ってよいか分からず、困ること"", ""都合が悪いこと""]",2,どう扱ってよいか分からず、困ること,もてあますは、どう扱ってよいか分からず、困ることです。
936,vocab1300_p173_001,173,meaning_context,,意気込む,いきごむ,青ちゃんは、漢字テストで満点を取るぞと意気込みました。,,意気込む の意味はどれ？,"[""何かをしようと奮い立つこと"", ""必死に探すこと"", ""ひどく驚かせること"", ""まじめで細かいこと""]",0,何かをしようと奮い立つこと,意気込むは、何かをしようと気持ちをふるい立たせることです。
937,vocab1300_p173_002,173,meaning_context,,背水の陣,はいすいのじん,これに勝たないと終わりなので、背水の陣で試合に出ました。,,背水の陣 の意味はどれ？,"[""頭を左右にふること"", ""逃げ場がなく、失敗したら後がない状況"", ""細かくきちんとすること"", ""人を驚かせること""]",1,逃げ場がなく、失敗したら後がない状況,背水の陣は、逃げ場がなく、失敗したら後がない状況です。
938,vocab1300_p173_003,173,meaning_context,,血眼になる,ちまなこになる,なくした鍵を、家族みんなで血眼になって探しました。,,血眼になる の意味はどれ？,"[""逃げ場がないこと"", ""まじめで細かいこと"", ""必死になって何かをすること"", ""否定して頭をふること""]",2,必死になって何かをすること,血眼になるは、必死になって何かをすることです。
939,vocab1300_p173_004,173,meaning_context,,かぶりをふる,かぶりをふる,弟は『ちがうよ』と言いながら、かぶりをふりました。,,かぶりをふる の意味はどれ？,"[""必死になること"", ""驚かせること"", ""奮い立つこと"", ""否定の意思を示して、頭を左右にふること""]",3,否定の意思を示して、頭を左右にふること,かぶりをふるは、否定の意思を示して、頭を左右にふることです。
940,vocab1300_p173_005,173,meaning_context,,度肝を抜く,どぎもをぬく,マジックのすごい技は、見ている人の度肝を抜きました。,,度肝を抜く の意味はどれ？,"[""逃げ場がないこと"", ""ひどく驚かせること"", ""まじめで細かいこと"", ""必死に探すこと""]",1,ひどく驚かせること,度肝を抜くは、相手をひどく驚かせることです。
941,vocab1300_p173_006,173,meaning_context,,几帳面,きちょうめん,兄は几帳面で、ノートをいつもまっすぐに書きます。,,几帳面 の意味はどれ？,"[""頭を左右にふること"", ""必死に何かをすること"", ""まじめで細かい性格"", ""強く意気込むこと""]",2,まじめで細かい性格,几帳面は、まじめで細かい性格のことです。
942,vocab1300_p174_001,174,meaning_context,,あっぱれ,あっぱれ,最後まで走りきった姿は、あっぱれでした。,,あっぱれ の意味はどれ？,"[""驚くほど見事な様子"", ""同じ量に分けること"", ""先を見抜く力"", ""きっぱりした態度""]",0,驚くほど見事な様子,あっぱれは、驚くほど見事な様子です。
943,vocab1300_p174_002,174,meaning_context,,等分,とうぶん,ケーキを四人で等分しました。,,等分 の意味はどれ？,"[""二つ以上あること"", ""同じ大きさや分量に分けること"", ""同じ話を繰り返すこと"", ""将来を見抜くこと""]",1,同じ大きさや分量に分けること,等分は、同じ大きさや分量に分けることです。
944,vocab1300_p174_003,174,meaning_context,,堂々巡り,どうどうめぐり,話し合いは堂々巡りで、なかなか決まりませんでした。,,堂々巡り の意味はどれ？,"[""驚くほど見事なこと"", ""きっぱり反対すること"", ""同じことを繰り返して、先へ進まないこと"", ""二つ以上あること""]",2,同じことを繰り返して、先へ進まないこと,堂々巡りは、同じことを繰り返して、先へ進まないことです。
945,vocab1300_p174_004,174,meaning_context,,先見の明,せんけんのめい,早めに準備した母には、先見の明がありました。,,先見の明 の意味はどれ？,"[""同じ量に分けること"", ""二つ以上の数"", ""同じことを繰り返すこと"", ""これから起こることや将来を見抜く力""]",3,これから起こることや将来を見抜く力,先見の明は、これから起こることや将来を見抜く力です。
946,vocab1300_p174_005,174,meaning_context,,複数,ふくすう,この問題には、複数の答えがあります。,,複数 の意味はどれ？,"[""同じ話を繰り返すこと"", ""二つ以上の数"", ""見事な様子"", ""きっぱりした態度""]",1,二つ以上の数,複数は、二つ以上の数のことです。
947,vocab1300_p174_006,174,meaning_context,,断固,だんこ,危ない遊びには、断固として反対しました。,,断固 の意味はどれ？,"[""将来を見抜くこと"", ""同じ量に分けること"", ""きっぱりとした態度や様子"", ""二つ以上あること""]",2,きっぱりとした態度や様子,断固は、きっぱりとした態度や様子です。
948,vocab1300_p175_001,175,meaning_context,,あぶれる,あぶれる,人数が多すぎて、ペアに入れず一人あぶれました。,,あぶれる の意味はどれ？,"[""決められた人数の中に入れないこと"", ""空が晴れておだやかなこと"", ""自立すること"", ""大切に育てること""]",0,決められた人数の中に入れないこと,あぶれるは、決められた人数の中に入れないことです。
949,vocab1300_p175_002,175,meaning_context,,気が置けない,きがおけない,幼なじみは、何でも話せる気が置けない友だちです。,,気が置けない の意味はどれ？,"[""自立していること"", ""気を遣わずに、楽につき合えること"", ""個人に関わること"", ""人数に入れないこと""]",1,気を遣わずに、楽につき合えること,気が置けないは、遠慮しなくてよいという意味です。「油断できない」という意味ではありません。
950,vocab1300_p175_003,175,meaning_context,,プライベート,プライベート,先生のプライベートな話は、あまり聞きすぎないようにしました。,,プライベート の意味はどれ？,"[""おだやかな様子"", ""大切に育てること"", ""個人に関わる物事、私的なこと"", ""仲良くつき合うこと""]",2,個人に関わる物事、私的なこと,プライベートは、個人に関わる物事や、私的なことです。
951,vocab1300_p175_004,175,meaning_context,,独立,どくりつ,兄は大学を出たら、家を出て独立する予定です。,,独立 の意味はどれ？,"[""気を遣わないこと"", ""人数から外れること"", ""空が晴れること"", ""自立すること""]",3,自立すること,独立は、人に頼らず自立することです。
952,vocab1300_p175_005,175,meaning_context,,うららか,うららか,うららかな春の日に、公園を散歩しました。,,うららか の意味はどれ？,"[""空が晴れて、明るくおだやかな様子"", ""個人に関わること"", ""自立すること"", ""仲良くつき合えること""]",0,空が晴れて、明るくおだやかな様子,うららかは、空が晴れて、明るくおだやかな様子です。
953,vocab1300_p175_006,175,meaning_context,,育む,はぐくむ,毎日の読書で、言葉の力を育みます。,,育む の意味はどれ？,"[""人数から外れること"", ""私的なこと"", ""大切に養い、育てること"", ""空が晴れること""]",2,大切に養い、育てること,育むは、大切に養い、育てることです。
954,vocab1300_p176_001,176,meaning_context,,おぼつかない,おぼつかない,昔のことすぎて、記憶がおぼつかないです。,,おぼつかない の意味はどれ？,"[""確かでない、はっきりしない"", ""たまにしかない"", ""誰かに話す"", ""足がだるくなる""]",0,確かでない、はっきりしない,おぼつかないは、確かでない、はっきりしないという意味です。
955,vocab1300_p176_002,176,meaning_context,,言わば,いわば,このノートは、言わば私だけの小さな辞書です。,,言わば の意味はどれ？,"[""確かでない"", ""たとえて言えば"", ""気楽に言えば"", ""誰かに話せば""]",1,たとえて言えば,言わばは、たとえて言えば、という意味です。
956,vocab1300_p176_003,176,meaning_context,,身につまされる,みにつまされる,迷子になった子の話を聞いて、身につまされました。,,身につまされる の意味はどれ？,"[""たまにしかないこと"", ""長く歩いて疲れること"", ""他人の不幸が自分のことのように思えてつらくなること"", ""確かでないこと""]",2,他人の不幸が自分のことのように思えてつらくなること,身につまされるは、他人の不幸や災難が、自分のことのように思えてつらくなることです。
957,vocab1300_p176_004,176,meaning_context,,まれ,まれ,この町で雪が降るのはまれです。,,まれ の意味はどれ？,"[""誰かに話すこと"", ""たとえて言えば"", ""確かでないこと"", ""たまにしかないこと""]",3,たまにしかないこと,まれは、たまにしかないことです。
958,vocab1300_p176_005,176,meaning_context,,口外,こうがい,この話は秘密なので、口外しないでください。,,口外 の意味はどれ？,"[""足が疲れること"", ""誰かに話すこと"", ""たまにしかないこと"", ""自分のことのようにつらいこと""]",1,誰かに話すこと,口外は、秘密などを誰かに話すことです。
959,vocab1300_p176_006,176,meaning_context,,足が棒になる,あしがぼうになる,遠足で一日中歩いて、足が棒になりました。,,足が棒になる の意味はどれ？,"[""確かでないこと"", ""たとえて言うこと"", ""長時間歩いて、足がこわばりだるくなること"", ""誰かに話すこと""]",2,長時間歩いて、足がこわばりだるくなること,足が棒になるは、長時間歩いて、足がこわばりだるくなることです。
960,vocab1300_p177_001,177,meaning_context,,手間取る,てまどる,鍵を開けるのに手間取り、集合に少し遅れました。,,手間取る の意味はどれ？,"[""手こずって、時間がかかること"", ""ぴったり合うこと"", ""はっきりしないこと"", ""絶対にすること""]",0,手こずって、時間がかかること,手間取るは、手こずって、時間がかかることです。
961,vocab1300_p177_002,177,meaning_context,,合間,あいま,授業の合間に、職員室へ行きました。,,合間 の意味はどれ？,"[""何が何でも"", ""何かと何かの間"", ""同じことを言い張ること"", ""時間がかかること""]",1,何かと何かの間,合間は、何かと何かの間のことです。
962,vocab1300_p177_003,177,meaning_context,,断じて,だんじて,人の悪口を言うのは、断じてよくありません。,,断じて の意味はどれ？,"[""ぴったり"", ""はっきりせず"", ""何が何でも絶対に"", ""時間がかかって""]",2,何が何でも絶対に,断じては、何が何でも絶対に、という意味です。
963,vocab1300_p177_004,177,meaning_context,,漠然,ばくぜん,将来について、まだ漠然としか考えていません。,,漠然 の意味はどれ？,"[""絶対に"", ""同じことを言い張って"", ""何かの間"", ""はっきりしない様子""]",3,はっきりしない様子,漠然は、はっきりしない様子です。
964,vocab1300_p177_005,177,meaning_context,,うってつけ,うってつけ,この広い公園は、鬼ごっこにうってつけです。,,うってつけ の意味はどれ？,"[""何かと何かの間"", ""ぴったり合っていること"", ""手こずること"", ""はっきりしないこと""]",1,ぴったり合っていること,うってつけは、ぴったり合っていることです。
965,vocab1300_p177_006,177,meaning_context,,一点張り,いってんばり,弟は『行かない』の一点張りで、考えを変えませんでした。,,一点張り の意味はどれ？,"[""時間がかかること"", ""はっきりしないこと"", ""一つのことを貫き通すこと"", ""ぴったり合うこと""]",2,一つのことを貫き通すこと,一点張りは、一つのことを貫き通すことや、同じことを言い張ることです。
966,vocab1300_p178_001,178,meaning_context,,感化,かんか,友だちに感化されて、私も読書を始めました。,,感化 の意味はどれ？,"[""人に影響を与えて、考え方や行動を変えること"", ""不安でひるむこと"", ""話のもとになるテーマ"", ""難しいこと""]",0,人に影響を与えて、考え方や行動を変えること,感化は、人に影響を与えて、考え方や行動を変化させることです。
967,vocab1300_p178_002,178,meaning_context,,腰が引ける,こしがひける,高い台から飛ぶ前に、少し腰が引けました。,,腰が引ける の意味はどれ？,"[""誇らしく思うこと"", ""不安や恐怖で、ひるむ様子"", ""人に影響すること"", ""作品のテーマ""]",1,不安や恐怖で、ひるむ様子,腰が引けるは、不安や恐怖で、ひるむ様子です。
968,vocab1300_p178_003,178,meaning_context,,苦虫をかみつぶしたような,にがむしをかみつぶしたような,苦手な薬を見て、弟は苦虫をかみつぶしたような顔をしました。,,苦虫をかみつぶしたような の意味はどれ？,"[""不安でひるむ様子"", ""誇らしく得意な様子"", ""不愉快で、苦々しい顔つきの様子"", ""難しいこと""]",2,不愉快で、苦々しい顔つきの様子,苦虫をかみつぶしたようなは、不愉快で、苦々しい顔つきをする様子です。
969,vocab1300_p178_004,178,meaning_context,,鼻が高い,はながたかい,妹が表彰されて、家族は鼻が高い思いでした。,,鼻が高い の意味はどれ？,"[""人に影響を受けること"", ""作品のもとになるもの"", ""難しいこと"", ""誇らしく、得意げである様子""]",3,誇らしく、得意げである様子,鼻が高いは、誇らしく、得意げである様子です。
970,vocab1300_p178_005,178,meaning_context,,題材,だいざい,作文の題材に、おばあちゃんの話を選びました。,,題材 の意味はどれ？,"[""作品や話のもとになるテーマ"", ""不安でひるむこと"", ""誇らしく思うこと"", ""不愉快な顔をすること""]",0,作品や話のもとになるテーマ,題材は、作品や話のもとになるテーマです。
971,vocab1300_p178_006,178,meaning_context,,困難,こんなん,一人で大きな机を運ぶのは困難です。,,困難 の意味はどれ？,"[""人に影響すること"", ""ひるむこと"", ""やり遂げるのが難しいこと"", ""テーマになること""]",2,やり遂げるのが難しいこと,困難は、やり遂げるのが難しいことです。
972,vocab1300_p179_001,179,meaning_context,,札付き,ふだつき,その人は、町では札付きの悪い人として知られていました。,,札付き の意味はどれ？,"[""その道を最初に切り開いた人"", ""ふりむくと同時に"", ""悪い評判が世間に定着していること"", ""ありのままで隠さないこと""]",2,悪い評判が世間に定着していること,札付きは、悪い評判が世間に定着していることです。
973,vocab1300_p179_002,179,meaning_context,,ふりむきざま,ふりむきざま,青ちゃんは、ふりむきざまに名前を呼ばれました。,,ふりむきざま の意味はどれ？,"[""軽くあしらうこと"", ""ふりむくと同時に"", ""言いそびれること"", ""隠さずに表すこと""]",1,ふりむくと同時に,ふりむきざまは、ふりむくと同時に、という意味です。
974,vocab1300_p179_003,179,meaning_context,,いなす,いなす,しつこい質問を、先生はやさしくいなしました。,,いなす の意味はどれ？,"[""悪い評判があること"", ""最初に道を開くこと"", ""相手の攻撃や要求を軽くあしらうこと"", ""ふりむくこと""]",2,相手の攻撃や要求を軽くあしらうこと,いなすは、相手の攻撃や要求を軽くあしらうことです。
975,vocab1300_p179_004,179,meaning_context,,あからさま,あからさま,その子は、あからさまに嫌な顔をしました。,,あからさま の意味はどれ？,"[""ありのままで、隠さない様子"", ""言いそびれること"", ""軽くあしらうこと"", ""悪い評判があること""]",0,ありのままで、隠さない様子,あからさまは、ありのままで、隠さない様子です。
976,vocab1300_p179_005,179,meaning_context,,先駆者,せんくしゃ,その科学者は、新しい研究の先駆者です。,,先駆者 の意味はどれ？,"[""ふりむくと同時に"", ""ある分野で、その道を最初に切り開いた人"", ""隠さない様子"", ""言いそびれること""]",1,ある分野で、その道を最初に切り開いた人,先駆者は、ある分野で、その道を最初に切り開いた人です。
977,vocab1300_p179_006,179,meaning_context,,言い損なう,いいそこなう,帰り際に、お礼を言い損なってしまいました。,,言い損なう の意味はどれ？,"[""悪い評判があること"", ""軽くあしらうこと"", ""言い間違うこと、言いそびれること"", ""最初に道を開くこと""]",2,言い間違うこと、言いそびれること,言い損なうは、言い間違ったり、言いそびれたりすることです。
978,vocab1300_p180_001,180,meaning_context,,滞在,たいざい,夏休みに、祖父母の家に一週間滞在しました。,,滞在 の意味はどれ？,"[""気楽に話すこと"", ""家を離れて、他の土地にとどまること"", ""息が激しくなること"", ""きっぱり言うこと""]",1,家を離れて、他の土地にとどまること,滞在は、家を離れて、他の土地にしばらくとどまることです。
979,vocab1300_p180_002,180,meaning_context,,手を焼く,てをやく,先生は、おしゃべりが止まらない生徒に手を焼いていました。,,手を焼く の意味はどれ？,"[""うまく処理できず、手こずること"", ""顔を下にして寝ること"", ""気楽に話すこと"", ""他の土地にいること""]",0,うまく処理できず、手こずること,手を焼くは、うまく処理できず、手こずることです。
980,vocab1300_p180_003,180,meaning_context,,息をはずませる,いきをはずませる,走ってきた弟は、息をはずませて話し始めました。,,息をはずませる の意味はどれ？,"[""きっぱりと言うこと"", ""気楽に話すこと"", ""運動や気持ちの高ぶりで、息が激しくなること"", ""別の土地にとどまること""]",2,運動や気持ちの高ぶりで、息が激しくなること,息をはずませるは、運動したり気持ちが高ぶったりして、息が激しくなることです。
981,vocab1300_p180_004,180,meaning_context,,うつぶせ,うつぶせ,妹は本を読みながら、うつぶせに寝ていました。,,うつぶせ の意味はどれ？,"[""手こずること"", ""きっぱり言うこと"", ""気楽に話すこと"", ""顔を下にして横たわっている様子""]",3,顔を下にして横たわっている様子,うつぶせは、顔を下にして横たわっている様子です。
982,vocab1300_p180_005,180,meaning_context,,断言,だんげん,私は『まちがいない』と断言しました。,,断言 の意味はどれ？,"[""きっぱりと言うこと"", ""息が激しくなること"", ""顔を下にして寝ること"", ""手こずること""]",0,きっぱりと言うこと,断言は、きっぱりと言うことです。
983,vocab1300_p180_006,180,meaning_context,,気安く,きやすく,その友だちとは、気安く何でも話せます。,,気安く の意味はどれ？,"[""別の土地で"", ""きっぱりと"", ""気楽に、何でも話せるように"", ""手こずって""]",2,気楽に、何でも話せるように,気安くは、気楽に、何でも話せるように、という意味です。
984,vocab1300_p181_001,181,meaning_context,,一難去ってまた一難,いちなんさってまたいちなん,熱が下がったと思ったら、今度はのどが痛くなりました。一難去ってまた一難です。,,一難去ってまた一難 の意味はどれ？,"[""何度失敗してもがんばること"", ""一つの災難のあと、また次の災難が来ること"", ""死にそうなところから助かること"", ""同じことが繰り返されること""]",1,一つの災難のあと、また次の災難が来ること,一難去ってまた一難は、一つの困ったことが終わったと思ったら、また次の困ったことが起こることです。
985,vocab1300_p181_002,181,meaning_context,,三度目の正直,さんどめのしょうじき,二回失敗したけれど、三度目の正直で成功しました。,,三度目の正直 の意味はどれ？,"[""うわさは時間が経てば忘れられること"", ""同じことは繰り返されること"", ""三回目こそ、うまくいくということ"", ""危険な状態から助かること""]",2,三回目こそ、うまくいくということ,三度目の正直は、一度目、二度目はだめでも、三度目はうまくいくという意味です。
986,vocab1300_p181_003,181,meaning_context,,七転び八起き,ななころびやおき,テストで失敗しても、七転び八起きの気持ちで勉強を続けました。,,七転び八起き の意味はどれ？,"[""何度失敗しても、へこたれずにがんばること"", ""一つの災難のあと、また災難が来ること"", ""うわさが消えること"", ""三回目に成功すること""]",0,何度失敗しても、へこたれずにがんばること,七転び八起きは、何度失敗しても、あきらめずに立ち上がることです。
987,vocab1300_p181_004,181,meaning_context,,二度あることは三度ある,にどあることはさんどある,同じ忘れ物を二回したので、二度あることは三度あると思って確認しました。,,二度あることは三度ある の意味はどれ？,"[""三回目は成功すること"", ""危ないところから助かること"", ""何度でもがんばること"", ""同じことは繰り返されるということ""]",3,同じことは繰り返されるということ,二度あることは三度あるは、同じようなことはまた起こりやすいという意味です。
988,vocab1300_p181_005,181,meaning_context,,人のうわさも七十五日,ひとのうわさもしちじゅうごにち,少しからかわれたけれど、人のうわさも七十五日だと思うことにしました。,,人のうわさも七十五日 の意味はどれ？,"[""失敗しても立ち上がること"", ""うわさされても、時間が経てば忘れられること"", ""同じことがまた起こること"", ""三回目にうまくいくこと""]",1,うわさされても、時間が経てば忘れられること,人のうわさも七十五日は、うわさされても、時間が経てば忘れられるという意味です。
989,vocab1300_p181_006,181,meaning_context,,九死に一生を得る,きゅうしにいっしょうをえる,大きな事故にあったけれど助かり、九死に一生を得ました。,,九死に一生を得る の意味はどれ？,"[""同じことが繰り返されること"", ""うわさが忘れられること"", ""死にそうな危険から、何とか助かること"", ""何度失敗してもがんばること""]",2,死にそうな危険から、何とか助かること,九死に一生を得るは、とても危ない状態から、何とか助かることです。
990,vocab1300_p183_001,183,meaning_context,,緻密,ちみつ,その人の計画は緻密で、時間まで細かく決められていました。,,緻密 の意味はどれ？,"[""全部使い切ること"", ""細かいところまで注意して、不備がないこと"", ""尊敬すること"", ""顔色を変えること""]",1,細かいところまで注意して、不備がないこと,緻密は、細かいところまでよく考えられていて、不備がないことです。
991,vocab1300_p183_002,183,meaning_context,,いざなう,いざなう,先生は、私たちを本の世界へいざなってくれました。,,いざなう の意味はどれ？,"[""事前に知らせること"", ""誘う、連れていくこと"", ""尊敬すること"", ""使い切ること""]",1,誘う、連れていくこと,いざなうは、誘ったり、どこかへ連れていったりすることです。
992,vocab1300_p183_003,183,meaning_context,,抜き打ち,ぬきうち,今日は抜き打ちで、漢字の小テストがありました。,,抜き打ち の意味はどれ？,"[""細かく注意すること"", ""顔色を変えること"", ""事前に知らせず、いきなり行うこと"", ""誘って連れていくこと""]",2,事前に知らせず、いきなり行うこと,抜き打ちは、前もって知らせずに、いきなり調査やテストをすることです。
993,vocab1300_p183_004,183,meaning_context,,使い果たす,つかいはたす,工作で色紙を全部使い果たしてしまいました。,,使い果たす の意味はどれ？,"[""誘うこと"", ""尊敬すること"", ""顔色を変えること"", ""全部使い切ってしまうこと""]",3,全部使い切ってしまうこと,使い果たすは、残らないように全部使い切ることです。
994,vocab1300_p183_005,183,meaning_context,,敬う,うやまう,私は、昔から町を守ってきた人たちを敬っています。,,敬う の意味はどれ？,"[""細かく調べること"", ""尊敬すること"", ""いきなりテストすること"", ""全部使うこと""]",1,尊敬すること,敬うは、相手を大切に思い、尊敬することです。
995,vocab1300_p183_006,183,meaning_context,,血相を変える,けっそうをかえる,弟がけがをしたと聞いて、母は血相を変えて走ってきました。,,血相を変える の意味はどれ？,"[""事前に知らせず行うこと"", ""誘って連れていくこと"", ""大変驚いたり怒ったりして、顔色を変えること"", ""尊敬すること""]",2,大変驚いたり怒ったりして、顔色を変えること,血相を変えるは、とても驚いたり怒ったりして、顔色が変わるような様子です。
996,vocab1300_p184_001,184,meaning_context,,気休め,きやすめ,気休めかもしれないけれど、『大丈夫』と言ってもらって少し安心しました。,,気休め の意味はどれ？,"[""その場限りの慰め"", ""新しい計画"", ""恥をかかせること"", ""早くするよう促すこと""]",0,その場限りの慰め,気休めは、その場だけでも心を落ち着かせるような慰めです。
997,vocab1300_p184_002,184,meaning_context,,慎む,つつしむ,相手を傷つけないように、言葉を慎みました。,,慎む の意味はどれ？,"[""取るに足りないこと"", ""度が過ぎないように控えること"", ""計画を立てること"", ""恥をかかせること""]",1,度が過ぎないように控えること,慎むは、やりすぎたり言いすぎたりしないように控えることです。
998,vocab1300_p184_003,184,meaning_context,,たわいない,たわいない,帰り道、たわいない話をしながら歩きました。,,たわいない の意味はどれ？,"[""その場だけの慰め"", ""早くするように促すこと"", ""取るに足りないこと"", ""面目を傷つけること""]",2,取るに足りないこと,たわいないは、深刻ではなく、取るに足りないという意味です。
999,vocab1300_p184_004,184,meaning_context,,企画,きかく,クラスで新しい読書イベントを企画しました。,,企画 の意味はどれ？,"[""控えること"", ""恥をかかせること"", ""取るに足りないこと"", ""新しい物事を考え、計画を立てること""]",3,新しい物事を考え、計画を立てること,企画は、新しい物事を考え、実現するための計画を立てることです。
1000,vocab1300_p184_005,184,meaning_context,,せきたてる,せきたてる,出発時間が近いので、母にせきたてられました。,,せきたてる の意味はどれ？,"[""その場だけ慰めること"", ""何かを早くするように促すこと"", ""計画を立てること"", ""度をこさないようにすること""]",1,何かを早くするように促すこと,せきたてるは、早くするように強く促すことです。
1001,vocab1300_p184_006,184,meaning_context,,顔に泥をぬる,かおにどろをぬる,みんなの前でひどい失敗をして、チームの顔に泥をぬってしまいました。,,顔に泥をぬる の意味はどれ？,"[""新しい計画を立てること"", ""急がせること"", ""相手に恥をかかせ、面目を傷つけること"", ""取るに足りないこと""]",2,相手に恥をかかせ、面目を傷つけること,顔に泥をぬるは、相手に恥をかかせたり、面目を傷つけたりすることです。
1002,vocab1300_p185_001,185,meaning_context,,見せしめ,みせしめ,先生は見せしめのために、一人だけ大声で叱ることはしませんでした。,,見せしめ の意味はどれ？,"[""見た目がよいこと"", ""罰を受ける人を周囲に見せて戒めにすること"", ""時間を無駄に使うこと"", ""早くするように仕向けること""]",1,罰を受ける人を周囲に見せて戒めにすること,見せしめは、罰を受ける人を周囲に見せて、他の人への戒めにすることです。
1003,vocab1300_p185_002,185,meaning_context,,誇らしい,ほこらしい,妹が賞をもらい、家族みんなが誇らしい気持ちになりました。,,誇らしい の意味はどれ？,"[""ぶつかったときの力"", ""見た目がよいこと"", ""鼻が高く、得意で自慢したい気分であること"", ""無駄に使うこと""]",2,鼻が高く、得意で自慢したい気分であること,誇らしいは、鼻が高く、得意で自慢したいような気持ちです。
1004,vocab1300_p185_003,185,meaning_context,,促す,うながす,先生は、早く帰るように生徒を促しました。,,促す の意味はどれ？,"[""早く何かをするように仕向けること"", ""罰を見せること"", ""人目を引くこと"", ""お金を無駄にすること""]",0,早く何かをするように仕向けること,促すは、相手が早く何かをするように仕向けることです。
1005,vocab1300_p185_004,185,meaning_context,,衝撃,しょうげき,転んだときの衝撃で、ひざを打ちました。,,衝撃 の意味はどれ？,"[""得意な気分"", ""ぶつかったときに加えられる力"", ""見た目がよいこと"", ""早くさせること""]",1,ぶつかったときに加えられる力,衝撃は、何かがぶつかったときに加えられる力のことです。
1006,vocab1300_p185_005,185,meaning_context,,見ばえ,みばえ,色をそろえると、ノートの見ばえがよくなりました。,,見ばえ の意味はどれ？,"[""罰を見せること"", ""時間を無駄にすること"", ""見た目がよく、人目を引くこと"", ""ぶつかったときの力""]",2,見た目がよく、人目を引くこと,見ばえは、見た目がよく、人目を引くことです。
1007,vocab1300_p185_006,185,meaning_context,,浪費,ろうひ,使わない物ばかり買うのは、お金の浪費です。,,浪費 の意味はどれ？,"[""無駄にお金や時間などを使うこと"", ""人目を引くこと"", ""早くするように促すこと"", ""得意な気分になること""]",0,無駄にお金や時間などを使うこと,浪費は、お金や時間などを無駄に使うことです。
1008,vocab1300_p186_001,186,meaning_context,,まれではない,まれではない,この公園で野生の鳥を見るのは、まれではありません。,,まれではない の意味はどれ？,"[""落ち着いて考えること"", ""偏っている様子"", ""めずらしくない様子"", ""一度使った物を使うこと""]",2,めずらしくない様子,まれではないは、めずらしくないという意味です。
1009,vocab1300_p186_002,186,meaning_context,,鼻をあかす,はなをあかす,強い相手に勝って、みんなの鼻をあかしました。,,鼻をあかす の意味はどれ？,"[""おかしく見えること"", ""相手の意表をついて、あっと驚かせること"", ""めずらしくないこと"", ""じっくり考えること""]",1,相手の意表をついて、あっと驚かせること,鼻をあかすは、相手が思っていなかったことで、あっと驚かせることです。
1010,vocab1300_p186_003,186,meaning_context,,再利用,さいりよう,牛乳パックを再利用して、工作をしました。,,再利用 の意味はどれ？,"[""相手を驚かせること"", ""落ち着いて考えること"", ""一度使ったものを、もう一度使うこと"", ""偏っていること""]",2,一度使ったものを、もう一度使うこと,再利用は、一度使ったものを、もう一度使うことです。
1011,vocab1300_p186_004,186,meaning_context,,こっけい,こっけい,友だちの変な動きがこっけいで、笑ってしまいました。,,こっけい の意味はどれ？,"[""おかしい、面白い"", ""めずらしくない"", ""偏っている"", ""もう一度使う""]",0,おかしい、面白い,こっけいは、おかしくて面白い様子です。
1012,vocab1300_p186_005,186,meaning_context,,胸に手を当てて,むねにてをあてて,自分のしたことを、胸に手を当てて考えてみました。,,胸に手を当てて の意味はどれ？,"[""一度使った物を使って"", ""落ち着いて、じっくり考えて"", ""相手を驚かせて"", ""おかしくて""]",1,落ち着いて、じっくり考えて,胸に手を当てては、落ち着いて自分の心に聞くように考えることです。
1013,vocab1300_p186_006,186,meaning_context,,一方的,いっぽうてき,相手の話を聞かずに、一方的な意見を言ってしまいました。,,一方的 の意味はどれ？,"[""めずらしくない様子"", ""面白い様子"", ""偏っている様子"", ""じっくり考えること""]",2,偏っている様子,一方的は、片方だけに偏っている様子です。
1014,vocab1300_p187_001,187,meaning_context,,足が出る,あしがでる,おみやげを買いすぎて、予定より足が出ました。,,足が出る の意味はどれ？,"[""予定した以上にお金が出ていくこと"", ""快く承知すること"", ""人の話を信じこむこと"", ""自分の意思を決めること""]",0,予定した以上にお金が出ていくこと,足が出るは、予定していたより多くお金が出ていくことです。
1015,vocab1300_p187_002,187,meaning_context,,二つ返事,ふたつへんじ,手伝ってと頼むと、友だちは二つ返事で引き受けてくれました。,,二つ返事 の意味はどれ？,"[""自分より優秀な人をねたむこと"", ""快く承知すること"", ""語彙が増えること"", ""予算を使いすぎること""]",1,快く承知すること,二つ返事は、いやがらずに快く引き受けることです。
1016,vocab1300_p187_003,187,meaning_context,,ボキャブラリー,ボキャブラリー,読書を続けると、ボキャブラリーが増えていきます。,,ボキャブラリー の意味はどれ？,"[""快く引き受けること"", ""自分の意思を決めること"", ""自分が使いこなせる言葉・語彙"", ""人をねたむこと""]",2,自分が使いこなせる言葉・語彙,ボキャブラリーは、自分が知っていて使える言葉、つまり語彙のことです。
1017,vocab1300_p187_004,187,meaning_context,,うのみにする,うのみにする,うわさをうのみにせず、自分で確かめました。,,うのみにする の意味はどれ？,"[""お金が予定より出ること"", ""快く承知すること"", ""言葉を増やすこと"", ""自分で考えずに、人の話を信じこんでしまうこと""]",3,自分で考えずに、人の話を信じこんでしまうこと,うのみにするは、自分でよく考えずに、人の話をそのまま信じることです。
1018,vocab1300_p187_005,187,meaning_context,,決断,けつだん,どちらの係に入るか、青ちゃんは自分で決断しました。,,決断 の意味はどれ？,"[""人の話を信じこむこと"", ""自分の意思を決定すること"", ""お金が出ていくこと"", ""人をねたむこと""]",1,自分の意思を決定すること,決断は、自分の意思でどうするかを決めることです。
1019,vocab1300_p187_006,187,meaning_context,,嫉妬,しっと,友だちがほめられて、少し嫉妬してしまいました。,,嫉妬 の意味はどれ？,"[""快く承知すること"", ""言葉をたくさん知ること"", ""自分より優秀な人をねたむこと"", ""意思を決めること""]",2,自分より優秀な人をねたむこと,嫉妬は、自分よりすぐれた人をうらやみ、ねたむ気持ちです。
1020,vocab1300_p188_001,188,meaning_context,,言い分,いいぶん,先生は、二人の言い分をそれぞれ聞きました。,,言い分 の意味はどれ？,"[""すぐに行うこと"", ""水がたれ落ちること"", ""主張したいこと、言いたいこと"", ""そっけない話し方""]",2,主張したいこと、言いたいこと,言い分は、自分が主張したいことや、言いたいことです。
1021,vocab1300_p188_002,188,meaning_context,,したたる,したたる,走って帰ると、額から汗がしたたりました。,,したたる の意味はどれ？,"[""全体に散らすこと"", ""水・血・汗などが、たれ落ちること"", ""敏感に感じ取ること"", ""言いたいこと""]",1,水・血・汗などが、たれ落ちること,したたるは、水や汗などが、ぽたぽたとたれ落ちることです。
1022,vocab1300_p188_003,188,meaning_context,,ただちに,ただちに,火事を見つけたら、ただちに大人へ知らせましょう。,,ただちに の意味はどれ？,"[""そっけなく"", ""主張して"", ""すぐに"", ""敏感に""]",2,すぐに,ただちには、すぐに、という意味です。
1023,vocab1300_p188_004,188,meaning_context,,ちりばめる,ちりばめる,カードに小さな星のシールをちりばめました。,,ちりばめる の意味はどれ？,"[""水が落ちること"", ""すぐに行うこと"", ""話し方がそっけないこと"", ""全体に散らすようにはめこむこと""]",3,全体に散らすようにはめこむこと,ちりばめるは、小さなものを全体に散らすように入れることです。
1024,vocab1300_p188_005,188,meaning_context,,感受性,かんじゅせい,その子は感受性が豊かで、音楽を聞くとすぐ涙ぐみます。,,感受性 の意味はどれ？,"[""外からの刺激や印象を敏感に感じ取る能力"", ""主張したいこと"", ""水がたれること"", ""すぐにすること""]",0,外からの刺激や印象を敏感に感じ取る能力,感受性は、外から受けた刺激や印象を、敏感に感じ取る能力です。
1025,vocab1300_p188_006,188,meaning_context,,ぶっきらぼう,ぶっきらぼう,店員さんは、ぶっきらぼうな返事をしました。,,ぶっきらぼう の意味はどれ？,"[""すぐに"", ""態度や話し方がそっけないこと"", ""全体に散らすこと"", ""敏感に感じること""]",1,態度や話し方がそっけないこと,ぶっきらぼうは、態度や話し方がそっけないことです。
1026,vocab1300_p189_001,189,meaning_context,,相次ぐ,あいつぐ,雨のせいか、山の事故が相次ぎました。,,相次ぐ の意味はどれ？,"[""強く意見を言うこと"", ""遠回しでややこしいこと"", ""次から次に起こること"", ""情けない様子""]",2,次から次に起こること,相次ぐは、同じようなことが次から次に起こることです。
1027,vocab1300_p189_002,189,meaning_context,,主張,しゅちょう,話し合いで、自分の意見をはっきり主張しました。,,主張 の意味はどれ？,"[""強く自分の意見を言うこと"", ""次から次に起こること"", ""程度が同じくらいなこと"", ""意気地がないこと""]",0,強く自分の意見を言うこと,主張は、自分の意見を強く言うことです。
1028,vocab1300_p189_003,189,meaning_context,,相当,そうとう,英検二級相当の英語力をつけるため、毎日練習しました。,,相当 の意味はどれ？,"[""我慢しきれないこと"", ""遠回しなこと"", ""程度や内容が、同じくらいであること"", ""強く意見を言うこと""]",2,程度や内容が、同じくらいであること,相当は、程度や内容が同じくらいであることです。
1029,vocab1300_p189_004,189,meaning_context,,苦し紛れ,くるしまぎれ,宿題を忘れて、苦し紛れに変な言い訳をしてしまいました。,,苦し紛れ の意味はどれ？,"[""次から次に起こること"", ""どうにもならず、我慢しきれず何かをすること"", ""程度が同じくらいなこと"", ""情けない様子""]",1,どうにもならず、我慢しきれず何かをすること,苦し紛れは、困ってどうにもならず、思わず何かをしてしまうことです。
1030,vocab1300_p189_005,189,meaning_context,,回りくどい,まわりくどい,回りくどい説明で、何を言いたいのか分かりにくかったです。,,回りくどい の意味はどれ？,"[""遠回しでややこしいこと"", ""強く意見を言うこと"", ""次々に起こること"", ""我慢できないこと""]",0,遠回しでややこしいこと,回りくどいは、遠回しでややこしく、分かりにくいことです。
1031,vocab1300_p189_006,189,meaning_context,,ふがいない,ふがいない,一回戦で負けて、ふがいない気持ちになりました。,,ふがいない の意味はどれ？,"[""程度が同じこと"", ""遠回しなこと"", ""情けない様子、意気地がない様子"", ""強く主張すること""]",2,情けない様子、意気地がない様子,ふがいないは、情けない、しっかりしていないという意味です。
1032,vocab1300_p190_001,190,meaning_context,,玄人,くろうと,屋根の修理は、玄人に頼んだ方が安心です。,,玄人 の意味はどれ？,"[""もともと"", ""一人"", ""何かを専門にしている人"", ""向こう見ずな行動""]",2,何かを専門にしている人,玄人は、あることを専門にしている人です。
1033,vocab1300_p190_002,190,meaning_context,,省く,はぶく,説明を分かりやすくするため、いらない部分を省きました。,,省く の意味はどれ？,"[""弱り切ること"", ""必要ない部分を取りのぞくこと"", ""専門にしていること"", ""一人で行うこと""]",1,必要ない部分を取りのぞくこと,省くは、必要ない部分を取りのぞいたり、削ったりすることです。
1034,vocab1300_p190_003,190,meaning_context,,単独,たんどく,その山には、単独で登らないように言われました。,,単独 の意味はどれ？,"[""必要ない部分"", ""向こう見ず"", ""一人"", ""もともと""]",2,一人,単独は、一人という意味です。
1035,vocab1300_p190_004,190,meaning_context,,虫の息,むしのいき,けがをした鳥は、虫の息でした。,,虫の息 の意味はどれ？,"[""専門にしていること"", ""一人でいること"", ""もともとの目的"", ""弱り切って、今にも息絶えそうな状態""]",3,弱り切って、今にも息絶えそうな状態,虫の息は、とても弱っていて、今にも息が絶えそうな状態です。
1036,vocab1300_p190_005,190,meaning_context,,無鉄砲,むてっぽう,準備をしないで山に登るなんて、無鉄砲です。,,無鉄砲 の意味はどれ？,"[""向こう見ずな行動"", ""必要ない部分を削ること"", ""専門にしている人"", ""一人でいること""]",0,向こう見ずな行動,無鉄砲は、よく考えずに危ないことをする、向こう見ずな行動のことです。
1037,vocab1300_p190_006,190,meaning_context,,本来,ほんらい,この道具の本来の目的は、紙をまっすぐ切ることです。,,本来 の意味はどれ？,"[""一人"", ""専門の人"", ""もともと"", ""弱っていること""]",2,もともと,本来は、もともと、という意味です。
1038,vocab1300_p191_001,191,meaning_context,,はたして,はたして,空が暗くなってきました。はたして、少しすると雨が降り出しました。,,はたして の意味はどれ？,"[""いずれ、そのうちに"", ""ゆったりと静かに"", ""やはり思った通り、案の定"", ""がっかりして元気がない様子""]",2,やはり思った通り、案の定,はたしては、予想した通りに何かが起こったときに使います。
1039,vocab1300_p191_002,191,meaning_context,,おもむろに,おもむろに,先生はおもむろに本を開き、静かに読み始めました。,,おもむろに の意味はどれ？,"[""怒りでかっとなって"", ""ゆったりと、静かに"", ""短い話として"", ""すぐに元気なく""]",1,ゆったりと、静かに,おもむろには、急がず、ゆったりと静かにする様子です。
1040,vocab1300_p191_003,191,meaning_context,,エピソード,エピソード,祖母は、子どものころの面白いエピソードを話してくれました。,,エピソード の意味はどれ？,"[""予想通りになること"", ""いずれ分かること"", ""怒りでかっとなること"", ""ある人や物事についての、興味深い短い話""]",3,ある人や物事についての、興味深い短い話,エピソードは、人や出来事についての短くて印象に残る話です。
1041,vocab1300_p191_004,191,meaning_context,,頭に血がのぼる,あたまにちがのぼる,大切なノートを勝手に使われて、頭に血がのぼりました。,,頭に血がのぼる の意味はどれ？,"[""怒りでかっとなること"", ""短い話をすること"", ""いずれそのうちに"", ""予想通りになること""]",0,怒りでかっとなること,頭に血がのぼるは、怒りでかっとなることです。
1042,vocab1300_p191_005,191,meaning_context,,遅かれ早かれ,おそかれはやかれ,練習を続ければ、遅かれ早かれ結果は出るでしょう。,,遅かれ早かれ の意味はどれ？,"[""がっかりして"", ""いずれ、そのうちに"", ""ゆったりと"", ""怒りで""]",1,いずれ、そのうちに,遅かれ早かれは、早いか遅いかは別として、いずれそうなるという意味です。
1043,vocab1300_p191_006,191,meaning_context,,気落ち,きおち,楽しみにしていた行事が中止になり、妹は気落ちしていました。,,気落ち の意味はどれ？,"[""予想通りであること"", ""急がず静かなこと"", ""がっかりして、元気がなくなった様子"", ""短い話のこと""]",2,がっかりして、元気がなくなった様子,気落ちは、がっかりして元気がなくなっている様子です。
1044,vocab1300_p192_001,192,meaning_context,,ぶざま,ぶざま,転んだあと、ぶざまな姿を見られて少し恥ずかしくなりました。,,ぶざま の意味はどれ？,"[""格好が悪く、見苦しいこと"", ""本当の気持ち"", ""後悔すること"", ""勝手にすること""]",0,格好が悪く、見苦しいこと,ぶざまは、格好が悪かったり、見苦しかったりする様子です。
1045,vocab1300_p192_002,192,meaning_context,,必ずしも,かならずしも,たくさん練習した人が、必ずしも勝てるとは限りません。,,必ずしも の意味はどれ？,"[""必ずそうなること"", ""必ず〜とは限らない"", ""かなり気に入ること"", ""許可をもらうこと""]",1,必ず〜とは限らない,必ずしもは、『絶対にそうだ』とは言えないときに使います。
1046,vocab1300_p192_003,192,meaning_context,,まんざらでもない,まんざらでもない,ほめられた弟は、まんざらでもない顔をしていました。,,まんざらでもない の意味はどれ？,"[""格好が悪いこと"", ""無断ですること"", ""かなり気に入っている様子"", ""後悔している様子""]",2,かなり気に入っている様子,まんざらでもないは、いやではなく、むしろ少し気に入っているような様子です。
1047,vocab1300_p192_004,192,meaning_context,,無断で,むだんで,友だちの消しゴムを無断で使ってはいけません。,,無断で の意味はどれ？,"[""後悔して"", ""かなり気に入って"", ""本当の気持ちで"", ""許可をもらわずに、勝手に""]",3,許可をもらわずに、勝手に,無断では、相手に許可をもらわず、勝手にすることです。
1048,vocab1300_p192_005,192,meaning_context,,悔やむ,くやむ,早く謝ればよかったと、あとから悔やみました。,,悔やむ の意味はどれ？,"[""勝手に使うこと"", ""後悔すること"", ""格好が悪いこと"", ""本音を言うこと""]",1,後悔すること,悔やむは、あとから『こうすればよかった』と後悔することです。
1049,vocab1300_p192_006,192,meaning_context,,本音,ほんね,友だちは笑っていたけれど、本音では少し悲しかったようです。,,本音 の意味はどれ？,"[""必ずとは限らないこと"", ""見苦しいこと"", ""言葉にした本当の気持ち"", ""勝手に使うこと""]",2,言葉にした本当の気持ち,本音は、うわべではなく、本当の気持ちのことです。
1050,vocab1300_p193_001,193,meaning_context,,顔が青くなる,かおがあおくなる,大事なノートをなくしたと思い、顔が青くなりました。,,顔が青くなる の意味はどれ？,"[""経験が浅いこと"", ""冷たい目で見ること"", ""心配や恐怖で、顔色が悪くなること"", ""人から影響を受けること""]",2,心配や恐怖で、顔色が悪くなること,顔が青くなるは、心配や恐怖で顔色が悪くなることです。
1051,vocab1300_p193_002,193,meaning_context,,目を白黒させる,めをしろくろさせる,急に名前を呼ばれて、弟は目を白黒させました。,,目を白黒させる の意味はどれ？,"[""驚いたり、苦しんだりする様子"", ""急に大事件が起こること"", ""未熟であること"", ""冷たく見ること""]",0,驚いたり、苦しんだりする様子,目を白黒させるは、驚いたり苦しんだりして、あわてる様子です。
1052,vocab1300_p193_003,193,meaning_context,,朱に交われば赤くなる,しゅにまじわればあかくなる,読書好きの友だちといるうちに、私も本を読むようになりました。朱に交われば赤くなるですね。,,朱に交われば赤くなる の意味はどれ？,"[""顔色が悪くなること"", ""人は付き合う人によって影響を受けること"", ""突然大変なことが起きること"", ""経験が浅いこと""]",1,人は付き合う人によって影響を受けること,朱に交われば赤くなるは、人は周りの人から影響を受けるという意味です。
1053,vocab1300_p193_004,193,meaning_context,,白い目で見る,しろいめでみる,約束を破った人を、みんなは白い目で見ました。,,白い目で見る の意味はどれ？,"[""驚いてあわてること"", ""人に影響されること"", ""冷たく、突き放した目で人を見ること"", ""未熟なこと""]",2,冷たく、突き放した目で人を見ること,白い目で見るは、相手を冷たく、突き放すように見ることです。
1054,vocab1300_p193_005,193,meaning_context,,尻が青い,しりがあおい,まだ始めたばかりなので、先輩に尻が青いと言われました。,,尻が青い の意味はどれ？,"[""急に衝撃的なことが起こること"", ""経験が浅く、未熟であること"", ""冷たい目で見ること"", ""恐怖で顔色が悪くなること""]",1,経験が浅く、未熟であること,尻が青いは、経験が少なく、まだ未熟であるという意味です。
1055,vocab1300_p193_006,193,meaning_context,,青天の霹靂,せいてんのへきれき,急に引っ越しが決まり、家族にとって青天の霹靂でした。,,青天の霹靂 の意味はどれ？,"[""人から影響を受けること"", ""驚いたり苦しんだりすること"", ""経験が浅いこと"", ""急に衝撃的なことが起こること""]",3,急に衝撃的なことが起こること,青天の霹靂は、思いがけず、急に衝撃的なことが起こることです。
1056,vocab1300_p195_001,195,meaning_context,,指折り,ゆびおり,その学校は、都内でも指折りの進学校です。,,指折り の意味はどれ？,"[""その場だけ何とかすること"", ""たくさんの中で、非常に優れていること"", ""急いで対応すべきこと"", ""やっとのことで""]",1,たくさんの中で、非常に優れていること,指折りは、たくさんある中でも特に優れていることです。
1057,vocab1300_p195_002,195,meaning_context,,その場逃れ,そのばのがれ,その場逃れの言い訳をしても、あとで困るだけです。,,その場逃れ の意味はどれ？,"[""釣り合わないこと"", ""心の支え"", ""その場だけ何とかすること"", ""とても優れていること""]",2,その場だけ何とかすること,その場逃れは、先のことを考えず、その場だけ何とかしようとすることです。
1058,vocab1300_p195_003,195,meaning_context,,そぐわない,そぐわない,運動会に、そぐわない靴をはいてきてしまいました。,,そぐわない の意味はどれ？,"[""やっとできること"", ""急いで必要なこと"", ""心の支えになること"", ""釣り合わない、ふさわしくないこと""]",3,釣り合わない、ふさわしくないこと,そぐわないは、その場や目的に合わない、ふさわしくないという意味です。
1059,vocab1300_p195_004,195,meaning_context,,緊急,きんきゅう,緊急の連絡が入り、すぐに家へ帰りました。,,緊急 の意味はどれ？,"[""とても重要で、急いで対応すべきこと"", ""たくさんの中で優れること"", ""その場だけ何とかすること"", ""ふさわしくないこと""]",0,とても重要で、急いで対応すべきこと,緊急は、とても重要で、急いで対応しなければならないことです。
1060,vocab1300_p195_005,195,meaning_context,,かろうじて,かろうじて,走って駅へ向かい、かろうじて電車に間に合いました。,,かろうじて の意味はどれ？,"[""心の支えとして"", ""やっとのことで"", ""急いで"", ""その場だけ""]",1,やっとのことで,かろうじては、ぎりぎりで何とかできたときに使います。
1061,vocab1300_p195_006,195,meaning_context,,心のよりどころ,こころのよりどころ,つらいとき、家族の言葉が心のよりどころになります。,,心のよりどころ の意味はどれ？,"[""非常に優れているもの"", ""ふさわしくないもの"", ""心の支えや、頼りとするもの"", ""急いで対応するもの""]",2,心の支えや、頼りとするもの,心のよりどころは、心の支えや、頼りにできるものです。
1062,vocab1300_p196_001,196,meaning_context,,骨折り損,ほねおりぞん,一生懸命準備したのに使われず、骨折り損でした。,,骨折り損 の意味はどれ？,"[""強く願うこと"", ""せっかくやったことが無駄になること"", ""その場に合わないこと"", ""少しずつ譲り合うこと""]",1,せっかくやったことが無駄になること,骨折り損は、がんばったことが無駄になってしまうことです。
1063,vocab1300_p196_002,196,meaning_context,,場違い,ばちがい,静かな式に、大きな声で話すのは場違いです。,,場違い の意味はどれ？,"[""その場の雰囲気に合っていないこと"", ""やりたがらないこと"", ""権力を借りていばること"", ""強く願うこと""]",0,その場の雰囲気に合っていないこと,場違いは、その場所や雰囲気に合っていないことです。
1064,vocab1300_p196_003,196,meaning_context,,歩み寄り,あゆみより,二人は少しずつ歩み寄り、けんかを終わらせました。,,歩み寄り の意味はどれ？,"[""何かをしぶること"", ""骨折り損になること"", ""違う意見の者が、譲り合って合意に近づくこと"", ""強く願うこと""]",2,違う意見の者が、譲り合って合意に近づくこと,歩み寄りは、違う考えの人たちが少しずつ譲り合うことです。
1065,vocab1300_p196_004,196,meaning_context,,かさに着ていばる,かさにきていばる,強い友だちをかさに着ていばるのはよくありません。,,かさに着ていばる の意味はどれ？,"[""その場に合わないこと"", ""少しずつ譲り合うこと"", ""やりたがらないこと"", ""力のある人の力を借りて、いばること""]",3,力のある人の力を借りて、いばること,かさに着ていばるは、強い人や権力のある人を頼って、偉そうにすることです。
1066,vocab1300_p196_005,196,meaning_context,,願望,がんぼう,世界中を旅したいという願望があります。,,願望 の意味はどれ？,"[""強く願うこと"", ""無駄になること"", ""その場に合わないこと"", ""いばること""]",0,強く願うこと,願望は、強く願うことです。
1067,vocab1300_p196_006,196,meaning_context,,しぶる,しぶる,弟は漢字の練習をしぶって、なかなか始めません。,,しぶる の意味はどれ？,"[""強く願うこと"", ""合意に近づくこと"", ""何かをやりたがらない様子"", ""無駄になること""]",2,何かをやりたがらない様子,しぶるは、何かをするのをいやがって、なかなか進まない様子です。
1068,vocab1300_p197_001,197,meaning_context,,しのぐ,しのぐ,少ない水で、暑い一日を何とかしのぎました。,,しのぐ の意味はどれ？,"[""話を大きくすること"", ""何とかやりすごすこと"", ""文章を直すこと"", ""人を笑わせること""]",1,何とかやりすごすこと,しのぐは、大変なことを何とかやりすごす、我慢するという意味です。
1069,vocab1300_p197_002,197,meaning_context,,尾ひれをつける,おひれをつける,小さな失敗に尾ひれをつけて話すのはやめましょう。,,尾ひれをつける の意味はどれ？,"[""話を大きくすること"", ""考え方に違いがあること"", ""途中で口を出すこと"", ""文章を練り直すこと""]",0,話を大きくすること,尾ひれをつけるは、本当の話に余計なことを足して、話を大きくすることです。
1070,vocab1300_p197_003,197,meaning_context,,口をはさむ,くちをはさむ,友だちが話している途中で、つい口をはさんでしまいました。,,口をはさむ の意味はどれ？,"[""人を笑わせること"", ""違いがあること"", ""人が話しているところに割り込んで話すこと"", ""我慢すること""]",2,人が話しているところに割り込んで話すこと,口をはさむは、人の話の途中に割り込んで話すことです。
1071,vocab1300_p197_004,197,meaning_context,,ユーモア,ユーモア,その先生の話にはユーモアがあり、みんな笑っていました。,,ユーモア の意味はどれ？,"[""文章を練り直すこと"", ""人を笑わせる面白さ"", ""話を大きくすること"", ""考え方の違い""]",1,人を笑わせる面白さ,ユーモアは、人を笑わせる面白さのことです。
1072,vocab1300_p197_005,197,meaning_context,,隔たり,へだたり,二人の考えには、大きな隔たりがありました。,,隔たり の意味はどれ？,"[""何とか我慢すること"", ""話を大きくすること"", ""違い、距離や考え方の開き"", ""人を笑わせること""]",2,違い、距離や考え方の開き,隔たりは、距離や考え方の間にある開きや違いのことです。
1073,vocab1300_p197_006,197,meaning_context,,推敲,すいこう,作文を何度も推敲して、読みやすくしました。,,推敲 の意味はどれ？,"[""人の話に割り込むこと"", ""面白く話すこと"", ""我慢してやりすごすこと"", ""文章をよくしようと練り直すこと""]",3,文章をよくしようと練り直すこと,推敲は、文章をよりよくするために、何度も直すことです。
1074,vocab1300_p198_001,198,meaning_context,,善し悪し,よしあし,その方法の善し悪しを、みんなで話し合いました。,,善し悪し の意味はどれ？,"[""良いことと悪いこと"", ""力を弱めること"", ""相手を脅すこと"", ""見当をつけること""]",0,良いことと悪いこと,善し悪しは、良いところと悪いところのことです。
1075,vocab1300_p198_002,198,meaning_context,,つつましい,つつましい,その子はつつましい態度で、静かにお礼を言いました。,,つつましい の意味はどれ？,"[""ちょっとしたこと"", ""物静かで遠慮深く、控えめな様子"", ""脅すように言うこと"", ""良いことと悪いこと""]",1,物静かで遠慮深く、控えめな様子,つつましいは、物静かで遠慮深く、控えめな様子です。
1076,vocab1300_p198_003,198,meaning_context,,手加減,てかげん,小さい子と遊ぶときは、少し手加減します。,,手加減 の意味はどれ？,"[""見当をつけること"", ""相手を脅すこと"", ""相手に合わせて、力の出し方を変えること"", ""控えめにすること""]",2,相手に合わせて、力の出し方を変えること,手加減は、相手に合わせて、力の強さを調整することです。
1077,vocab1300_p198_004,198,meaning_context,,すごむ,すごむ,相手を怖がらせるようにすごむのはよくありません。,,すごむ の意味はどれ？,"[""小さなこと"", ""良し悪しを考えること"", ""控えめにすること"", ""相手を脅すようなことを言うこと""]",3,相手を脅すようなことを言うこと,すごむは、相手を怖がらせるような強い言い方をすることです。
1078,vocab1300_p198_005,198,meaning_context,,ささい,ささい,ささいなことでけんかをせず、すぐに仲直りしました。,,ささい の意味はどれ？,"[""相手を脅すこと"", ""とるにたりない、ちょっとしたこと"", ""力を加減すること"", ""推理すること""]",1,とるにたりない、ちょっとしたこと,ささいは、大したことではない、ちょっとしたことという意味です。
1079,vocab1300_p198_006,198,meaning_context,,推理,すいり,足跡を見て、どちらへ行ったのか推理しました。,,推理 の意味はどれ？,"[""良いことと悪いこと"", ""控えめな様子"", ""ある事実をもとに、見当をつけること"", ""相手に合わせること""]",2,ある事実をもとに、見当をつけること,推理は、分かっていることをもとに、そうではないかと考えることです。
1080,vocab1300_p199_001,199,meaning_context,,指図,さしず,妹は、兄からあれこれ指図されるのが好きではありません。,,指図 の意味はどれ？,"[""思い切りすること"", ""上を向いて寝ること"", ""あれこれ人に命令すること"", ""また問題にすること""]",2,あれこれ人に命令すること,指図は、あれこれ人に命令することです。
1081,vocab1300_p199_002,199,meaning_context,,いたいけ,いたいけ,涙をこらえる子どものいたいけな姿を見て、胸が痛みました。,,いたいけ の意味はどれ？,"[""守ってあげたくなる様子"", ""命令すること"", ""じたばたすること"", ""横になること""]",0,守ってあげたくなる様子,いたいけは、いじらしくて、守ってあげたくなる様子です。
1082,vocab1300_p199_003,199,meaning_context,,あおむけ,あおむけ,ベッドにあおむけに寝て、天井を見ました。,,あおむけ の意味はどれ？,"[""好きなだけすること"", ""解決した話をまた出すこと"", ""上を向いて横になること"", ""あれこれ命令すること""]",2,上を向いて横になること,あおむけは、顔を上に向けて横になることです。
1083,vocab1300_p199_004,199,meaning_context,,悪あがき,わるあがき,負けを認めずに悪あがきしても、結果は変わりません。,,悪あがき の意味はどれ？,"[""じたばたすること"", ""横になって寝ること"", ""人に命令すること"", ""守りたくなること""]",0,じたばたすること,悪あがきは、どうにもならないのに、じたばたすることです。
1084,vocab1300_p199_005,199,meaning_context,,心おきなく,こころおきなく,宿題が終わったので、心おきなく遊べます。,,心おきなく の意味はどれ？,"[""また問題にして"", ""思う存分、好きなだけ"", ""守ってあげたく"", ""命令して""]",1,思う存分、好きなだけ,心おきなくは、気にすることなく、思う存分という意味です。
1085,vocab1300_p199_006,199,meaning_context,,蒸し返す,むしかえす,終わった話を蒸し返すと、またけんかになります。,,蒸し返す の意味はどれ？,"[""人に命令すること"", ""上を向いて寝ること"", ""解決したことを、また問題にすること"", ""思い切り遊ぶこと""]",2,解決したことを、また問題にすること,蒸し返すは、一度解決したことを、また問題にすることです。
1086,vocab1300_p200_001,200,meaning_context,,足がすくむ,あしがすくむ,高い橋の上から下を見ると、足がすくみました。,,足がすくむ の意味はどれ？,"[""心がゆったりすること"", ""災難が起こること"", ""恐怖や緊張で、足が動かなくなること"", ""途中で退場すること""]",2,恐怖や緊張で、足が動かなくなること,足がすくむは、怖さや緊張で足が動かなくなることです。
1087,vocab1300_p200_002,200,meaning_context,,例外,れいがい,おやつは一人一つですが、今日は妹だけ例外にしました。,,例外 の意味はどれ？,"[""最初に始めた人"", ""原則に当てはまらないこと"", ""災難のこと"", ""足が動かないこと""]",1,原則に当てはまらないこと,例外は、ふつうの決まりや原則に当てはまらないことです。
1088,vocab1300_p200_003,200,meaning_context,,おおらか,おおらか,私のおばさんはおおらかで、小さな失敗を笑ってくれます。,,おおらか の意味はどれ？,"[""災難であること"", ""原則に合わないこと"", ""心がゆったりとした様子"", ""途中でやめること""]",2,心がゆったりとした様子,おおらかは、細かいことを気にしすぎず、心がゆったりしている様子です。
1089,vocab1300_p200_004,200,meaning_context,,さきがけ,さきがけ,その人は、日本で新しいスポーツを広めたさきがけです。,,さきがけ の意味はどれ？,"[""最初に何かを始めたり、成し遂げたりした人"", ""心がゆったりした人"", ""原則から外れる人"", ""災難にあった人""]",0,最初に何かを始めたり、成し遂げたりした人,さきがけは、他の人より先に何かを始めたり、成し遂げたりした人です。
1090,vocab1300_p200_005,200,meaning_context,,リタイア,リタイア,足を痛めて、マラソンを途中でリタイアしました。,,リタイア の意味はどれ？,"[""足が動かなくなること"", ""途中で退場すること"", ""ゆったりすること"", ""最初に始めること""]",1,途中で退場すること,リタイアは、試合や競技などを途中でやめて退場することです。
1091,vocab1300_p200_006,200,meaning_context,,災い,わざわい,軽はずみな発言は、大きな災いを招くことがあります。,,災い の意味はどれ？,"[""原則に合わないこと"", ""ゆったりした様子"", ""災難"", ""途中でやめること""]",2,災難,災いは、よくない出来事や災難のことです。
1092,vocab1300_p201_001,201,meaning_context,,請け負う,うけおう,父は、会社から新しい仕事を請け負いました。,,請け負う の意味はどれ？,"[""仕事を引き受けること"", ""しみじみと感じること"", ""大事だと見ること"", ""自分から動かないこと""]",0,仕事を引き受けること,請け負うは、仕事などを引き受けることです。
1093,vocab1300_p201_002,201,meaning_context,,身に沁みる,みにしみる,友だちのやさしい言葉が、身に沁みました。,,身に沁みる の意味はどれ？,"[""仕事を受けること"", ""しみじみと感じること"", ""細かく考えること"", ""自分から動くこと""]",1,しみじみと感じること,身に沁みるは、心の中で深くしみじみと感じることです。
1094,vocab1300_p201_003,201,meaning_context,,納得,なっとく,先生の説明を聞いて、やっと納得しました。,,納得 の意味はどれ？,"[""重要なことと見ること"", ""自分から行動しないこと"", ""十分に理解して、承知すること"", ""物事をざっくり見ること""]",2,十分に理解して、承知すること,納得は、よく分かって『それでよい』と思うことです。
1095,vocab1300_p201_004,201,meaning_context,,重きを置く,おもきをおく,この学校では、読書に重きを置いています。,,重きを置く の意味はどれ？,"[""しみじみ感じること"", ""細かく計画すること"", ""仕事を受けること"", ""重要なことと見なすこと""]",3,重要なことと見なすこと,重きを置くは、それを大事なこととして扱うという意味です。
1096,vocab1300_p201_005,201,meaning_context,,引っ込み思案,ひっこみじあん,青ちゃんは少し引っ込み思案で、発表の前に緊張しました。,,引っ込み思案 の意味はどれ？,"[""消極的で、自分から進んで行動しないこと"", ""十分に理解すること"", ""重要なことと見ること"", ""仕事を引き受けること""]",0,消極的で、自分から進んで行動しないこと,引っ込み思案は、消極的で、自分から前に出にくい様子です。
1097,vocab1300_p201_006,201,meaning_context,,おおまか,おおまか,作文を書く前に、おおまかな話の流れを考えました。,,おおまか の意味はどれ？,"[""自分から動かないこと"", ""しみじみ感じること"", ""細かいことにこだわらず、物事をとらえること"", ""承知すること""]",2,細かいことにこだわらず、物事をとらえること,おおまかは、細かいところよりも全体をざっくり見ることです。
1098,vocab1300_p202_001,202,meaning_context,,ちなみに,ちなみに,姉はフランス語も話せます。ちなみに、英語も得意です。,,ちなみに の意味はどれ？,"[""ついでに関連したことを言うと"", ""良いところ"", ""人に文句を言うこと"", ""思いがけない嫌な出来事""]",0,ついでに関連したことを言うと,ちなみに は、話に関係することをついでに言うときに使います。
1099,vocab1300_p202_002,202,meaning_context,,まがりなりにも,まがりなりにも,まがりなりにも、一人で作品を完成させました。,,まがりなりにも の意味はどれ？,"[""とても上手に"", ""不完全でも、どうにかこうにか"", ""ついでに"", ""文句を言って""]",1,不完全でも、どうにかこうにか,まがりなりにも は、十分ではなくても、どうにかできたという意味です。
1100,vocab1300_p202_003,202,meaning_context,,巧み,たくみ,その人は、巧みな話し方でみんなを楽しませました。,,巧み の意味はどれ？,"[""良いところ"", ""嫌な出来事"", ""とても上手で、手ぎわが良いこと"", ""不完全なこと""]",2,とても上手で、手ぎわが良いこと,巧みは、とても上手で、やり方がうまいことです。
1101,vocab1300_p202_004,202,meaning_context,,小言,こごと,宿題を忘れて、母に小言を言われました。,,小言 の意味はどれ？,"[""ついでの話"", ""上手なこと"", ""良いところ"", ""人に注意や文句を言うこと""]",3,人に注意や文句を言うこと,小言は、人に注意したり、文句を言ったりすることです。
1102,vocab1300_p202_005,202,meaning_context,,取り柄,とりえ,妹の取り柄は、誰にでもやさしくできるところです。,,取り柄 の意味はどれ？,"[""思いがけない嫌な出来事"", ""良いところ、長所"", ""不完全なこと"", ""文句を言うこと""]",1,良いところ、長所,取り柄は、その人や物の良いところです。
1103,vocab1300_p202_006,202,meaning_context,,災難,さいなん,電車が止まって帰れず、今日は災難でした。,,災難 の意味はどれ？,"[""上手なこと"", ""ついでの話"", ""思いがけず起こる嫌な出来事"", ""良いところ""]",2,思いがけず起こる嫌な出来事,災難は、思いがけず身に起こる嫌な出来事です。
1104,vocab1300_p203_001,203,meaning_context,,コミュニケーション,コミュニケーション,友だちと仲良くするには、コミュニケーションが大切です。,,コミュニケーション の意味はどれ？,"[""心が晴れないこと"", ""人に知られず盗むこと"", ""気持ちや情報などを伝え合うこと"", ""他人の失敗を繰り返すこと""]",2,気持ちや情報などを伝え合うこと,コミュニケーションは、気持ちや考え、情報などを伝え合うことです。
1105,vocab1300_p203_002,203,meaning_context,,目をかける,めをかける,先生は、新しく入った子に目をかけていました。,,目をかける の意味はどれ？,"[""人に知られないようにすること"", ""ひいきにする、気にかけること"", ""とんでもないことをすること"", ""失敗を繰り返すこと""]",1,ひいきにする、気にかけること,目をかけるは、その人を特に気にかけて世話することです。
1106,vocab1300_p203_003,203,meaning_context,,くすねる,くすねる,人の物をこっそりくすねるのは、絶対にいけません。,,くすねる の意味はどれ？,"[""心配で気分が晴れないこと"", ""気持ちを伝えること"", ""人に知られないように盗むこと"", ""気にかけること""]",2,人に知られないように盗むこと,くすねるは、人に知られないように盗むことです。
1107,vocab1300_p203_004,203,meaning_context,,ゆううつ,ゆううつ,明日のテストを考えると、少しゆううつです。,,ゆううつ の意味はどれ？,"[""まったく非常識なこと"", ""失敗を繰り返すこと"", ""人に知られず盗むこと"", ""不安や心配で、心が晴れない様子""]",3,不安や心配で、心が晴れない様子,ゆううつは、不安や心配で、気持ちが晴れない様子です。
1108,vocab1300_p203_005,203,meaning_context,,二の舞,にのまい,同じ失敗をして、兄の二の舞にならないよう気をつけました。,,二の舞 の意味はどれ？,"[""他の人がした失敗を繰り返すこと"", ""情報を伝え合うこと"", ""気にかけること"", ""非常識なこと""]",0,他の人がした失敗を繰り返すこと,二の舞は、他の人がした失敗を、同じように繰り返すことです。
1109,vocab1300_p203_006,203,meaning_context,,大それた,だいそれた,一人で学校を作るなんて、大それた計画だと思いました。,,大それた の意味はどれ？,"[""気持ちを伝えること"", ""人に知られず盗むこと"", ""まったく非常識な、とんでもないこと"", ""気にかけること""]",2,まったく非常識な、とんでもないこと,大それたは、ふつうでは考えにくい、とんでもなく大きなことを表します。
1110,vocab1300_p204_001,204,meaning_context,,疑わしい,うたがわしい,彼が言っていることは、少し疑わしいと思いました。,,疑わしい の意味はどれ？,"[""本当かどうか信用できないこと"", ""まじりけがないこと"", ""目標や計画"", ""人気が上がること""]",0,本当かどうか信用できないこと,疑わしいは、本当かどうか、すぐには信じられないことです。
1111,vocab1300_p204_002,204,meaning_context,,純粋,じゅんすい,添加物の入っていない純粋なジュースを飲みました。,,純粋 の意味はどれ？,"[""とことん行うこと"", ""まじりけのない様子"", ""人気が上がること"", ""目標を立てること""]",1,まじりけのない様子,純粋は、まじりけがない様子です。
1112,vocab1300_p204_003,204,meaning_context,,抱負,ほうふ,新年の抱負は、毎日読書をすることです。,,抱負 の意味はどれ？,"[""信用できないこと"", ""物事が進むこと"", ""目標や計画"", ""まじりけがないこと""]",2,目標や計画,抱負は、これからの目標や計画のことです。
1113,vocab1300_p204_004,204,meaning_context,,円滑,えんかつ,発表会の準備は、みんなの協力で円滑に進みました。,,円滑 の意味はどれ？,"[""やり残しなく行うこと"", ""人気が上がること"", ""疑わしいこと"", ""物事がとどこおりなく進むこと""]",3,物事がとどこおりなく進むこと,円滑は、物事が止まらず、なめらかに進むことです。
1114,vocab1300_p204_005,204,meaning_context,,うなぎのぼり,うなぎのぼり,テレビで紹介されてから、その店の人気はうなぎのぼりです。,,うなぎのぼり の意味はどれ？,"[""物の値段や人気などが、一気に上がること"", ""目標を決めること"", ""まじりけがないこと"", ""信用できないこと""]",0,物の値段や人気などが、一気に上がること,うなぎのぼりは、人気や値段などがぐんぐん上がることです。
1115,vocab1300_p204_006,204,meaning_context,,徹底的,てっていてき,満点をとるために、英語のつづりを徹底的に覚えました。,,徹底的 の意味はどれ？,"[""人気が上がる様子"", ""物事が進む様子"", ""やり残しのないように、とことん何かをする様子"", ""目標を立てる様子""]",2,やり残しのないように、とことん何かをする様子,徹底的は、やり残しがないように、とことん行う様子です。
1116,vocab1300_p205_001,205,month_hint,month_word,弥生,やよい,,草木が芽を出し、ひな祭りのある月です。,弥生 は何月のこと？,"[""1月"", ""2月"", ""3月"", ""4月""]",2,3月,弥生は三月の異名です。草木が芽を出すころの月です。
1117,vocab1300_p205_002,205,month_hint,month_word,文月,ふみづき,,七夕があり、短冊に願いごとを書く月です。,文月 は何月のこと？,"[""5月"", ""6月"", ""7月"", ""8月""]",2,7月,文月は七月の異名です。七夕の行事と結びつけて覚えると分かりやすいです。
1118,vocab1300_p205_003,205,month_hint,month_word,霜月,しもつき,,朝に霜が降りるころの月です。,霜月 は何月のこと？,"[""9月"", ""10月"", ""11月"", ""12月""]",2,11月,霜月は十一月の異名です。霜が降りるころの月と覚えます。
1119,vocab1300_p205_004,205,month_hint,month_word,睦月,むつき,,お正月に、人々が集まって仲良く過ごす月です。,睦月 は何月のこと？,"[""1月"", ""2月"", ""3月"", ""4月""]",0,1月,睦月は一月の異名です。お正月の月です。
1120,vocab1300_p205_005,205,month_hint,month_word,師走,しわす,,一年の最後で、年末の準備に忙しい月です。,師走 は何月のこと？,"[""9月"", ""10月"", ""11月"", ""12月""]",3,12月,師走は十二月の異名です。一年の最後の月です。
1121,vocab1300_p205_006,205,month_hint,month_word,葉月,はづき,,夏休みのころで、終戦記念日のある月です。,葉月 は何月のこと？,"[""6月"", ""7月"", ""8月"", ""9月""]",2,8月,葉月は八月の異名です。
1122,vocab1300_p206_001,206,month_hint,month_word,如月,きさらぎ,,まだ寒く、節分やバレンタインデーのある月です。,如月 は何月のこと？,"[""1月"", ""2月"", ""3月"", ""4月""]",1,2月,如月は二月の異名です。
1123,vocab1300_p206_002,206,month_hint,month_word,卯月,うづき,,入学式のあるころで、卯の花が咲く月です。,卯月 は何月のこと？,"[""2月"", ""3月"", ""4月"", ""5月""]",2,4月,卯月は四月の異名です。卯の花が咲くころの月とされています。
1124,vocab1300_p206_003,206,month_hint,month_word,長月,ながつき,,二学期が始まり、夜がだんだん長くなるころの月です。,長月 は何月のこと？,"[""8月"", ""9月"", ""10月"", ""11月""]",1,9月,長月は九月の異名です。夜が長くなるころの月です。
1125,vocab1300_p206_004,206,month_hint,month_word,皐月,さつき,,こどもの日や憲法記念日のある月です。,皐月 は何月のこと？,"[""4月"", ""5月"", ""6月"", ""7月""]",1,5月,皐月は五月の異名です。
1126,vocab1300_p206_005,206,month_hint,month_word,神無月,かんなづき,,秋が深まり、神様にまつわる呼び名がある月です。,神無月 は何月のこと？,"[""8月"", ""9月"", ""10月"", ""11月""]",2,10月,神無月は十月の異名です。
1127,vocab1300_p206_006,206,month_hint,month_word,水無月,みなづき,,田植えの水を使うころで、梅雨のある月です。,水無月 は何月のこと？,"[""5月"", ""6月"", ""7月"", ""8月""]",1,6月,水無月は六月の異名です。
1128,vocab1300_p207_001,207,meaning_context,,いっさい,いっさい,おじいちゃんは、戦争体験をいっさい語りません。,,いっさい の意味はどれ？,"[""まったく、ぜんぜん"", ""悪い関係を断つこと"", ""つぐないをすること"", ""有名になること""]",0,まったく、ぜんぜん,いっさい は、まったく、ぜんぜんという意味で、打ち消しと一緒によく使います。
1129,vocab1300_p207_002,207,meaning_context,,一躍,いちやく,その歌がヒットして、あのグループは一躍有名になりました。,,一躍 の意味はどれ？,"[""感心させられること"", ""あっというまに有名になること"", ""悪い状態が続くこと"", ""関係を断つこと""]",1,あっというまに有名になること,一躍は、短い時間で急に有名になったり目立ったりすることです。
1130,vocab1300_p207_003,207,meaning_context,,罪滅ぼし,つみほろぼし,心配をかけた罪滅ぼしに、家の手伝いをしました。,,罪滅ぼし の意味はどれ？,"[""まったくしないこと"", ""人を感心させること"", ""悪いことをしたつぐないをすること"", ""有名になること""]",2,悪いことをしたつぐないをすること,罪滅ぼしは、自分の悪い行いをつぐなうことです。
1131,vocab1300_p207_004,207,meaning_context,,手を切る,てをきる,悪い友だちとは手を切ることにしました。,,手を切る の意味はどれ？,"[""感心すること"", ""つぐないをすること"", ""急に有名になること"", ""悪い関係を断つこと""]",3,悪い関係を断つこと,手を切るは、よくない関係を終わらせることです。
1132,vocab1300_p207_005,207,meaning_context,,悪循環,あくじゅんかん,夜ふかしして朝起きられず、また夜に眠れない悪循環です。,,悪循環 の意味はどれ？,"[""悪いことが影響し合って、その状態が続くこと"", ""まったくしないこと"", ""つぐないをすること"", ""有名になること""]",0,悪いことが影響し合って、その状態が続くこと,悪循環は、悪いことが次の悪いことにつながり、その状態が続くことです。
1133,vocab1300_p207_006,207,meaning_context,,頭が下がる,あたまがさがる,被災地で活動する人たちの努力には、頭が下がります。,,頭が下がる の意味はどれ？,"[""悪い関係を断つこと"", ""立派な行いに感心させられること"", ""まったくしないこと"", ""あっというまに有名になること""]",1,立派な行いに感心させられること,頭が下がるは、立派な人や行いに深く感心することです。
1134,vocab1300_p208_001,208,meaning_context,,腕に覚えがある,うでにおぼえがある,お菓子作りには、少し腕に覚えがあります。,,腕に覚えがある の意味はどれ？,"[""自分の腕前や能力に自信があること"", ""予想が当たること"", ""相手を受け入れること"", ""悪いものが広がること""]",0,自分の腕前や能力に自信があること,腕に覚えがあるは、自分の技術や能力に自信があることです。
1135,vocab1300_p208_002,208,meaning_context,,的中,てきちゅう,明日は雨だという予想が的中しました。,,的中 の意味はどれ？,"[""無駄なもの"", ""見事に予想が当たること"", ""良いところ"", ""心が大きいこと""]",1,見事に予想が当たること,的中は、予想やねらいがぴったり当たることです。
1136,vocab1300_p208_003,208,meaning_context,,包容力,ほうようりょく,相手の意見をじっくり聞く姉は、包容力のある人です。,,包容力 の意味はどれ？,"[""自信があること"", ""予想が当たること"", ""相手を受け入れる心の大きさ"", ""悪が広がること""]",2,相手を受け入れる心の大きさ,包容力は、相手のことを広い心で受け入れる力です。
1137,vocab1300_p208_004,208,meaning_context,,蛇足,だそく,最後の説明は、なくてもよい蛇足だと思いました。,,蛇足 の意味はどれ？,"[""予想が当たること"", ""良いところ"", ""心が大きいこと"", ""無駄なもの、いらないもの""]",3,無駄なもの、いらないもの,蛇足は、あっても役に立たない余計なものです。
1138,vocab1300_p208_005,208,meaning_context,,長所,ちょうしょ,兄の長所は、記憶力がよいところです。,,長所 の意味はどれ？,"[""悪いものが広がること"", ""良いところ、取り柄"", ""余計なもの"", ""予想が当たること""]",1,良いところ、取り柄,長所は、その人や物の良いところです。
1139,vocab1300_p208_006,208,meaning_context,,はびこる,はびこる,悪いことがはびこらないよう、みんなで注意しました。,,はびこる の意味はどれ？,"[""心が大きいこと"", ""余計なもの"", ""悪いものが勢いを持って広がること"", ""腕前に自信があること""]",2,悪いものが勢いを持って広がること,はびこるは、悪いものが広がって勢いを持つことです。
1140,vocab1300_p209_001,209,meaning_context,,肩を並べる,かたをならべる,日本のリレーチームは、強い国と肩を並べて戦いました。,,肩を並べる の意味はどれ？,"[""対等に張り合うこと"", ""一方だけを大事にすること"", ""数値が違うこと"", ""外見のこと""]",0,対等に張り合うこと,肩を並べるは、同じくらいの力で張り合うことです。
1141,vocab1300_p209_002,209,meaning_context,,つとめて,つとめて,歩数計をつけているので、つとめて歩くようにしています。,,つとめて の意味はどれ？,"[""感心するほど"", ""できる限り、心がけてするように"", ""対等に"", ""見た目だけ""]",1,できる限り、心がけてするように,つとめては、できるだけそうするよう心がけるという意味です。
1142,vocab1300_p209_003,209,meaning_context,,えこひいき,えこひいき,母は弟ばかりえこひいきする、と兄が言いました。,,えこひいき の意味はどれ？,"[""数の違い"", ""外見のこと"", ""一方だけを特別にかわいがること"", ""努力すること""]",2,一方だけを特別にかわいがること,えこひいきは、どちらか一方だけを特別にかわいがることです。
1143,vocab1300_p209_004,209,meaning_context,,涙ぐましい,なみだぐましい,彼の涙ぐましい努力が、みんなに伝わりました。,,涙ぐましい の意味はどれ？,"[""対等に張り合うこと"", ""一方だけをかわいがること"", ""見た目だけのこと"", ""涙が出るくらい、感心したり同情したりすること""]",3,涙が出るくらい、感心したり同情したりすること,涙ぐましいは、涙が出そうになるほど感心したり同情したりする様子です。
1144,vocab1300_p209_005,209,meaning_context,,誤差,ごさ,この時計には、ほとんど誤差がありません。,,誤差 の意味はどれ？,"[""本当の数や数値との違い、くるい"", ""できる限りすること"", ""一方だけを大事にすること"", ""外見のこと""]",0,本当の数や数値との違い、くるい,誤差は、本当の数や数値との少しの違いです。
1145,vocab1300_p209_006,209,meaning_context,,見てくれ,みてくれ,中身のない本は、見てくればかり良くても困ります。,,見てくれ の意味はどれ？,"[""感心すること"", ""努力すること"", ""見た目、外見"", ""数値の違い""]",2,見た目、外見,見てくれは、中身ではなく、見た目や外見のことです。
1146,vocab1300_p210_001,210,meaning_context,,待ちかねて,まちかねて,友だちの返事を待ちかねて、自分から連絡しました。,,待ちかねて の意味はどれ？,"[""長い時間、今か今かと待つこと"", ""本当は弱いのに強そうにすること"", ""ほんの少しの時間"", ""よく似ていること""]",0,長い時間、今か今かと待つこと,待ちかねては、待ちきれないほど長く待つことです。
1147,vocab1300_p210_002,210,meaning_context,,調和,ちょうわ,この服は色の調和がとれていて、センスのいい着こなしです。,,調和 の意味はどれ？,"[""長く待つこと"", ""バランスがとれていること"", ""弱そうに感じること"", ""少しの時間""]",1,バランスがとれていること,調和は、色や音、形などのバランスがよいことです。
1148,vocab1300_p210_003,210,meaning_context,,劣等感,れっとうかん,友だちと比べて、少し劣等感を持ってしまいました。,,劣等感 の意味はどれ？,"[""よく似ている様子"", ""バランスがよいこと"", ""他の人より自分が劣っていると感じる気持ち"", ""ほんのひととき""]",2,他の人より自分が劣っていると感じる気持ち,劣等感は、自分が他の人より劣っていると感じる気持ちです。
1149,vocab1300_p210_004,210,meaning_context,,からいばり,からいばり,小心者のくせに、後輩の前だとからいばりします。,,からいばり の意味はどれ？,"[""長く待つこと"", ""ほんの少しの時間"", ""よく似ていること"", ""本当は弱いのに、強そうなふりをすること""]",3,本当は弱いのに、強そうなふりをすること,からいばりは、本当は自信がないのに、強そうに見せることです。
1150,vocab1300_p210_005,210,meaning_context,,束の間,つかのま,彼がここにいたのは、ほんの束の間でした。,,束の間 の意味はどれ？,"[""ほんのひととき"", ""弱いふりをすること"", ""バランスがよいこと"", ""長く待つこと""]",0,ほんのひととき,束の間は、とても短い時間、ほんのひとときという意味です。
1151,vocab1300_p210_006,210,meaning_context,,さながら,さながら,色とりどりのチョコレートは、さながら宝石のようでした。,,さながら の意味はどれ？,"[""他人より劣ること"", ""まるで、大変よく似ているさま"", ""待ちきれないこと"", ""少しの時間""]",1,まるで、大変よく似ているさま,さながらは、まるで〜のようだ、という意味です。
1152,vocab1300_p211_001,211,meaning_context,,充実,じゅうじつ,この夏休みは、読書も工作もできて、とても充実していました。,,充実 の意味はどれ？,"[""内容がしっかりあって、申し分ないこと"", ""仲が悪くなること"", ""服の破れたところを直すこと"", ""何となく聞くこと""]",0,内容がしっかりあって、申し分ないこと,充実は、中身がしっかりしていて、満足できることです。
1153,vocab1300_p211_002,211,meaning_context,,仲たがい,なかたがい,小さなけんかがきっかけで、二人は仲たがいしてしまいました。,,仲たがい の意味はどれ？,"[""人との強い結びつき"", ""ひっくり返すこと"", ""仲が悪くなること"", ""内容がしっかりあること""]",2,仲が悪くなること,仲たがいは、仲がよかった人どうしの仲が悪くなることです。
1154,vocab1300_p211_003,211,meaning_context,,耳にする,みみにする,そのうわさを、帰り道で耳にしました。,,耳にする の意味はどれ？,"[""服を直すこと"", ""何となく耳に入ってくること"", ""仲が悪くなること"", ""結果を反対にすること""]",1,何となく耳に入ってくること,耳にするは、はっきり聞こうとしたわけではなく、自然に聞こえてくることです。
1155,vocab1300_p211_004,211,meaning_context,,覆す,くつがえす,弱いと思われていたチームが、みんなの予想を覆しました。,,覆す の意味はどれ？,"[""聞こえてくること"", ""仲を悪くすること"", ""人と人をつなぐこと"", ""これまでの考えや結果を反対にすること""]",3,これまでの考えや結果を反対にすること,覆すは、予想や結果などをひっくり返すことです。
1156,vocab1300_p211_005,211,meaning_context,,きずな,きずな,一緒に練習したことで、チームのきずなが深まりました。,,きずな の意味はどれ？,"[""人と人との強い結びつき"", ""服の破れを直すこと"", ""内容がしっかりあること"", ""予想を反対にすること""]",0,人と人との強い結びつき,きずなは、人と人を強くつなぐ気持ちや関係のことです。
1157,vocab1300_p211_006,211,meaning_context,,繕う,つくろう,母は、ほころびたズボンを繕ってくれました。,,繕う の意味はどれ？,"[""人と人をつなぐこと"", ""仲が悪くなること"", ""服の破れたところなどを直すこと"", ""何となく聞くこと""]",2,服の破れたところなどを直すこと,繕うは、服などの破れたところやほころびを直すことです。
1158,vocab1300_p212_001,212,meaning_context,,耳が痛い,みみがいたい,『忘れ物が多いね』と言われて、耳が痛くなりました。,,耳が痛い の意味はどれ？,"[""好きなだけできること"", ""弱点をつかれて、聞くのがつらいこと"", ""大事な点を教えること"", ""すきまなく並ぶこと""]",1,弱点をつかれて、聞くのがつらいこと,耳が痛いは、自分の弱点を言われて、聞くのがつらいことです。
1159,vocab1300_p212_002,212,meaning_context,,指摘,してき,先生は、作文の分かりにくいところを指摘しました。,,指摘 の意味はどれ？,"[""その人なりの理由"", ""好きなだけすること"", ""重要な点や欠点などを言って教えること"", ""ゆるぎないこと""]",2,重要な点や欠点などを言って教えること,指摘は、大事な点や直した方がよい点を言って教えることです。
1160,vocab1300_p212_003,212,meaning_context,,存分,ぞんぶん,休みの日に、好きな本を存分に読みました。,,存分 の意味はどれ？,"[""好きなだけ、思うままに"", ""人がすきまなく並ぶこと"", ""欠点を教えること"", ""聞くのがつらいこと""]",0,好きなだけ、思うままに,存分は、好きなだけ、思うままにという意味です。
1161,vocab1300_p212_004,212,meaning_context,,事情,じじょう,遅れた事情を、先生にきちんと説明しました。,,事情 の意味はどれ？,"[""ゆるぎない立場"", ""その人なりの理由や状況"", ""すきまなく並ぶこと"", ""好きなだけすること""]",1,その人なりの理由や状況,事情は、そうなった理由や、そのときの状況のことです。
1162,vocab1300_p212_005,212,meaning_context,,目白押し,めじろおし,今週は、楽しみな行事が目白押しです。,,目白押し の意味はどれ？,"[""大事な点を教えること"", ""弱点を言われてつらいこと"", ""たくさんの物事が、すきまなく並ぶこと"", ""その人なりの理由""]",2,たくさんの物事が、すきまなく並ぶこと,目白押しは、予定や人などがたくさん続いていることです。
1163,vocab1300_p212_006,212,meaning_context,,押しも押されもせぬ,おしもおされもせぬ,姉は、押しも押されもせぬ学校のリーダーです。,,押しも押されもせぬ の意味はどれ？,"[""好きなだけできること"", ""ゆるぎない、確かなこと"", ""聞くのがつらいこと"", ""物事が並ぶこと""]",1,ゆるぎない、確かなこと,押しも押されもせぬは、だれもが認めるほど確かなことを表します。
1164,vocab1300_p213_001,213,meaning_context,,ひしめく,ひしめく,人気の店の前には、人がひしめいていました。,,ひしめく の意味はどれ？,"[""立ち寄らずに通りすぎること"", ""どうしてよいか分からず困ること"", ""たくさんの人で混み合っている様子"", ""なかなか話さないこと""]",2,たくさんの人で混み合っている様子,ひしめくは、人や物がたくさん集まって、すきまなく混み合う様子です。
1165,vocab1300_p213_002,213,meaning_context,,素通り,すどおり,友だちの家の前を素通りして、駅へ向かいました。,,素通り の意味はどれ？,"[""どう扱うか困ること"", ""立ち寄らずに通りすぎること"", ""人が混み合うこと"", ""迷ってしまうこと""]",1,立ち寄らずに通りすぎること,素通りは、途中で立ち寄らず、そのまま通りすぎることです。
1166,vocab1300_p213_003,213,meaning_context,,てこずる,てこずる,妹は、難しいパズルにてこずっていました。,,てこずる の意味はどれ？,"[""なかなか話さないこと"", ""たくさんの人がいること"", ""どう扱ったらよいか分からず困ること"", ""立ち寄らずに行くこと""]",2,どう扱ったらよいか分からず困ること,てこずるは、思うように進まず、困ることです。
1167,vocab1300_p213_004,213,meaning_context,,惑う,まどう,どの道を行けばよいか分からず、駅で惑いました。,,惑う の意味はどれ？,"[""どうしたらよいか分からず迷うこと"", ""人がすきまなく集まること"", ""そのまま通りすぎること"", ""口数が少ないこと""]",0,どうしたらよいか分からず迷うこと,惑うは、どうしたらよいか分からず迷うことです。
1168,vocab1300_p213_005,213,meaning_context,,途方に暮れる,とほうにくれる,電車が止まってしまい、帰り方が分からず途方に暮れました。,,途方に暮れる の意味はどれ？,"[""混み合うこと"", ""どうしてよいか分からず困り果てること"", ""通りすぎること"", ""なかなかしゃべらないこと""]",1,どうしてよいか分からず困り果てること,途方に暮れるは、どうしてよいか分からず、困り果てることです。
1169,vocab1300_p213_006,213,meaning_context,,口が重い,くちがおもい,怒られた理由を聞いても、弟は口が重いままでした。,,口が重い の意味はどれ？,"[""どう扱うか困ること"", ""迷ってしまうこと"", ""なかなかしゃべらないこと"", ""そのまま通ること""]",2,なかなかしゃべらないこと,口が重いは、なかなか話さない様子です。
1170,vocab1300_p214_001,214,meaning_context,,種明かし,たねあかし,マジックのあとで、先生が少しだけ種明かしをしました。,,種明かし の意味はどれ？,"[""しかけやからくりを見せること"", ""大切なところ"", ""悪い結果になること"", ""元気に育つこと""]",0,しかけやからくりを見せること,種明かしは、秘密にしていたしかけやからくりを見せることです。
1171,vocab1300_p214_002,214,meaning_context,,やましい,やましい,うそをついたので、やましい気持ちになりました。,,やましい の意味はどれ？,"[""そうなるまでの事情"", ""自分に悪いところがあって、気が引けること"", ""しかけを見せること"", ""すくすく育つこと""]",1,自分に悪いところがあって、気が引けること,やましいは、自分に悪いところがあると感じて、落ち着かないことです。
1172,vocab1300_p214_003,214,meaning_context,,健やか,すこやか,家族は、赤ちゃんが健やかに育つことを願いました。,,健やか の意味はどれ？,"[""気が引けること"", ""大切なところ"", ""丈夫にすくすくと育つ様子"", ""悪い結果になること""]",2,丈夫にすくすくと育つ様子,健やかは、心や体が元気で、すくすく育つ様子です。
1173,vocab1300_p214_004,214,meaning_context,,裏目に出る,うらめにでる,早く終わらせようと急いだことが、裏目に出て失敗しました。,,裏目に出る の意味はどれ？,"[""しかけを見せること"", ""事情を説明すること"", ""大切な点をまとめること"", ""よいと思ってしたことが、悪い結果になること""]",3,よいと思ってしたことが、悪い結果になること,裏目に出るは、よかれと思ってしたことが、反対に悪い結果になることです。
1174,vocab1300_p214_005,214,meaning_context,,いきさつ,いきさつ,けんかになったいきさつを、二人から聞きました。,,いきさつ の意味はどれ？,"[""そうなるまでの事情や流れ"", ""健康に育つこと"", ""しかけを見せること"", ""悪いところがあること""]",0,そうなるまでの事情や流れ,いきさつは、物事がそうなるまでの流れや事情です。
1175,vocab1300_p214_006,214,meaning_context,,要点,ようてん,先生は、話の要点を黒板にまとめました。,,要点 の意味はどれ？,"[""気が引けること"", ""悪い結果になること"", ""大切なところ、ポイント"", ""健康に育つこと""]",2,大切なところ、ポイント,要点は、話や文章の中で特に大切なところです。
1176,vocab1300_p215_001,215,meaning_context,,手を抜く,てをぬく,掃除で手を抜いたので、部屋のすみにほこりが残っていました。,,手を抜く の意味はどれ？,"[""自信を持つこと"", ""仕事などをいい加減にすること"", ""じっと黙ること"", ""注意して用心すること""]",1,仕事などをいい加減にすること,手を抜くは、やるべきことをきちんとせず、いい加減にすることです。
1177,vocab1300_p215_002,215,meaning_context,,胸を張る,むねをはる,毎日練習したので、胸を張って発表できました。,,胸を張る の意味はどれ？,"[""自由に使いこなすこと"", ""いい加減にすること"", ""自信を持って、堂々とすること"", ""静かに黙ること""]",2,自信を持って、堂々とすること,胸を張るは、自信を持って堂々とすることです。
1178,vocab1300_p215_003,215,meaning_context,,貝のように黙る,かいのようにだまる,理由を聞かれても、弟は貝のように黙っていました。,,貝のように黙る の意味はどれ？,"[""十分に用心すること"", ""じっと黙る様子"", ""得意になること"", ""自由自在に使うこと""]",1,じっと黙る様子,貝のように黙るは、何も話さず、じっと黙っている様子です。
1179,vocab1300_p215_004,215,meaning_context,,うぬぼれる,うぬぼれる,一度よい点を取ったからといって、うぬぼれてはいけません。,,うぬぼれる の意味はどれ？,"[""自分はできる人間だと得意になること"", ""仕事をいい加減にすること"", ""十分に注意すること"", ""じっと黙ること""]",0,自分はできる人間だと得意になること,うぬぼれるは、自分はすごいと思いすぎて得意になることです。
1180,vocab1300_p215_005,215,meaning_context,,駆使,くし,姉は辞書とメモを駆使して、難しい文章を読みました。,,駆使 の意味はどれ？,"[""自信を持つこと"", ""得意になること"", ""自由自在に何かを使いこなすこと"", ""用心すること""]",2,自由自在に何かを使いこなすこと,駆使は、道具や力などを上手に使いこなすことです。
1181,vocab1300_p215_006,215,meaning_context,,警戒,けいかい,大雨のあとだったので、川の近くでは警戒しました。,,警戒 の意味はどれ？,"[""仕事をいい加減にすること"", ""じっと黙ること"", ""自信を持つこと"", ""十分に注意し、用心すること""]",3,十分に注意し、用心すること,警戒は、危ないことが起きないように注意し、用心することです。
1182,vocab1300_p216_001,216,meaning_context,,つけ入る,つけいる,相手の弱みにむやみにつけ入るのは、よくありません。,,つけ入る の意味はどれ？,"[""相手の弱点につけこむこと"", ""すばやく行うこと"", ""元気がなくなること"", ""ひどく扱うこと""]",0,相手の弱点につけこむこと,つけ入るは、相手の弱いところを利用することです。
1183,vocab1300_p216_002,216,meaning_context,,肩を落とす,かたをおとす,試合に負けて、チームのみんなは肩を落としました。,,肩を落とす の意味はどれ？,"[""みんなをまとめること"", ""しょんぼりして、元気がなくなること"", ""相手につけこむこと"", ""優れていること""]",1,しょんぼりして、元気がなくなること,肩を落とすは、がっかりして元気がなくなる様子です。
1184,vocab1300_p216_003,216,meaning_context,,きわめつき,きわめつき,この店のオムライスは、きわめつきのおいしさです。,,きわめつき の意味はどれ？,"[""ひどく扱うこと"", ""すぐに行うこと"", ""優れたものとして認められていること"", ""元気がなくなること""]",2,優れたものとして認められていること,きわめつきは、すぐれていると認められていることです。
1185,vocab1300_p216_004,216,meaning_context,,すかさず,すかさず,先生の質問に、青ちゃんはすかさず答えました。,,すかさず の意味はどれ？,"[""みんなをまとめて"", ""しょんぼりして"", ""弱点につけこんで"", ""すばやく、すぐに""]",3,すばやく、すぐに,すかさずは、間をあけずにすばやくする様子です。
1186,vocab1300_p216_005,216,meaning_context,,音頭をとる,おんどをとる,友だちの送別会で、姉が音頭をとりました。,,音頭をとる の意味はどれ？,"[""率先して、みんなをまとめること"", ""相手の弱点につけこむこと"", ""人をひどく扱うこと"", ""すぐに答えること""]",0,率先して、みんなをまとめること,音頭をとるは、みんなの先に立ってまとめたり、進めたりすることです。
1187,vocab1300_p216_006,216,meaning_context,,仕打ち,しうち,友だちにそんなひどい仕打ちをするのは、よくありません。,,仕打ち の意味はどれ？,"[""優れていること"", ""元気がなくなること"", ""人に対するひどい扱い"", ""みんなをまとめること""]",2,人に対するひどい扱い,仕打ちは、人に対してする扱いのことです。多くは、ひどい扱いを表します。
1188,vocab1300_p217_001,217,meaning_context,eto_word,午,うま,たてがみがあり、草原を走る動物を表します。,,午年 の動物はどれ？,"[""馬"", ""猿"", ""虎"", ""ねずみ""]",0,馬,午は『うま』と読み、干支では馬を表します。
1189,vocab1300_p217_002,217,meaning_context,eto_word,申,さる,木に登ったり、すばしっこく動いたりする動物です。,,申年 の動物はどれ？,"[""いのしし"", ""猿"", ""龍"", ""馬""]",1,猿,申は『さる』と読み、干支では猿を表します。
1190,vocab1300_p217_003,217,meaning_context,eto_word,亥,い,大きなきばを持つ、ぶたに似た野生の動物です。,,亥年 の動物はどれ？,"[""ねずみ"", ""虎"", ""いのしし"", ""猿""]",2,いのしし,亥は『い』と読み、干支ではいのししを表します。
1191,vocab1300_p217_004,217,meaning_context,eto_word,寅,とら,しま模様があり、大きな猫のような動物です。,,寅年 の動物はどれ？,"[""馬"", ""龍"", ""猿"", ""虎""]",3,虎,寅は『とら』と読み、干支では虎を表します。
1192,vocab1300_p217_005,217,meaning_context,eto_word,辰,たつ,空想上の動物で、長い体を持ち、空を飛べるとされています。,,辰年 の動物はどれ？,"[""いのしし"", ""龍"", ""ねずみ"", ""虎""]",1,龍,辰は『たつ』と読み、干支では龍を表します。
1193,vocab1300_p217_006,217,meaning_context,eto_word,子,ね,チューチューと鳴く、小さな動物です。,,子年 の動物はどれ？,"[""猿"", ""馬"", ""ねずみ"", ""龍""]",2,ねずみ,子は『ね』と読み、干支ではねずみを表します。
1194,vocab1300_p218_001,218,meaning_context,eto_word,丑,うし,牛乳を出す動物としても知られています。,,丑年 の動物はどれ？,"[""へび"", ""牛"", ""羊"", ""犬""]",1,牛,丑は『うし』と読み、干支では牛を表します。
1195,vocab1300_p218_002,218,meaning_context,eto_word,巳,み,長い体で、はいながら前へ進む動物です。,,巳年 の動物はどれ？,"[""鳥"", ""うさぎ"", ""へび"", ""牛""]",2,へび,巳は『み』と読み、干支ではへびを表します。
1196,vocab1300_p218_003,218,meaning_context,eto_word,卯,う,ぴょんぴょん飛びはねて、長い耳が特徴です。,,卯年 の動物はどれ？,"[""うさぎ"", ""犬"", ""羊"", ""鳥""]",0,うさぎ,卯は『う』と読み、干支ではうさぎを表します。
1197,vocab1300_p218_004,218,meaning_context,eto_word,未,ひつじ,毛から、あたたかいセーターを作ることがあります。,,未年 の動物はどれ？,"[""牛"", ""へび"", ""犬"", ""羊""]",3,羊,未は『ひつじ』と読み、干支では羊を表します。
1198,vocab1300_p218_005,218,meaning_context,eto_word,戌,いぬ,ワンワンとほえる、身近な動物です。,,戌年 の動物はどれ？,"[""鳥"", ""犬"", ""うさぎ"", ""へび""]",1,犬,戌は『いぬ』と読み、干支では犬を表します。
1199,vocab1300_p218_006,218,meaning_context,eto_word,酉,とり,ニワトリなど、人に時を知らせる動物です。,,酉年 の動物はどれ？,"[""羊"", ""牛"", ""鳥"", ""犬""]",2,鳥,酉は『とり』と読み、干支では鳥を表します。
1200,vocab1300_p219_001,219,meaning_context,old_country_name_word,大和,やまと,昔、都があった場所で、春日大社や大仏でも有名です。,,大和 は現在のどこ？,"[""奈良県"", ""北海道"", ""徳島県"", ""高知県""]",0,奈良県,大和は『やまと』と読み、現在の奈良県あたりを表す旧国名です。
1201,vocab1300_p219_002,219,meaning_context,old_country_name_word,蝦夷,えぞ,日本の北にある地域で、シカやリスにもこの名前がついています。,,蝦夷 は現在のどこ？,"[""沖縄県"", ""北海道"", ""高知県"", ""奈良県""]",1,北海道,蝦夷は『えぞ』と読み、現在の北海道に関係する古い呼び名です。
1202,vocab1300_p219_003,219,meaning_context,old_country_name_word,阿波,あわ,四国にあり、踊りやうず潮で有名なところです。,,阿波 は現在のどこ？,"[""奈良県"", ""高知県"", ""徳島県"", ""北海道""]",2,徳島県,阿波は『あわ』と読み、現在の徳島県あたりを表す旧国名です。
1203,vocab1300_p219_004,219,meaning_context,old_country_name_word,土佐,とさ,坂本龍馬が生まれ育ったことで有名なところです。,,土佐 は現在のどこ？,"[""北海道"", ""徳島県"", ""沖縄県"", ""高知県""]",3,高知県,土佐は『とさ』と読み、現在の高知県あたりを表す旧国名です。
1204,vocab1300_p219_005,219,meaning_context,old_country_name_word,琉球,りゅうきゅう,日本の南にあり、昔は王国として栄えたところです。,,琉球 は現在のどこ？,"[""徳島県"", ""奈良県"", ""沖縄県"", ""高知県""]",2,沖縄県,琉球は『りゅうきゅう』と読み、現在の沖縄県に関係する古い国名です。
