No.,ID,ページ,語句,読み,正解の意味,例文,解説
1,vocab1300_p003_001,3,心にくい,こころにくい,すぐれていて感心するようす,その子のスピーチは、言葉の選び方まで心にくいものでした。,心にくいは、にくらしいほどすぐれていて、感心してしまうようすです。
2,vocab1300_p003_002,3,熱を上げる,ねつをあげる,夢中になること,青ちゃんは、新しい本のシリーズに熱を上げています。,熱を上げるは、あることに夢中になるという意味です。
3,vocab1300_p003_003,3,見下す,みくだす,相手をばかにして下に見ること,できない友だちを見下すような言い方はよくありません。,見下すは、相手をばかにして、自分より下だと思うことです。
4,vocab1300_p003_004,3,反論,はんろん,相手の意見に反対して意見を言うこと,友だちの考えに納得できなかったので、理由をつけて反論しました。,反論は、相手の意見に対して、反対の意見を言うことです。
5,vocab1300_p003_005,3,均等,きんとう,同じくらいにそろっていること,おかしを三人で均等に分けました。,均等は、量や数が同じくらいにそろっていることです。
6,vocab1300_p003_006,3,ありきたり,ありきたり,よくある普通のことで新しさがないこと,作文の題名がありきたりだったので、もう少し工夫しました。,ありきたりは、よくある普通のことで、新しさがないという意味です。
7,vocab1300_p004_001,4,強制的,きょうせいてき,無理に何かをさせるようす,係を決めるとき、先生は強制的に決めず、みんなの希望を聞きました。,強制的は、相手の気持ちに関係なく、無理に何かをさせるようすです。
8,vocab1300_p004_002,4,頭ごなし,あたまごなし,話を聞かずに一方的に決めつけること,理由を聞かずに頭ごなしに叱ると、相手は悲しい気持ちになります。,頭ごなしは、相手の話を聞かずに、最初から一方的に決めつけることです。
9,vocab1300_p004_003,4,横行,おうこう,よくないことがあちこちで行われること,うそを書いたメールが横行して、みんなが困りました。,横行は、よくないことがあちこちで行われることです。
10,vocab1300_p004_004,4,手がつけられない,てがつけられない,ひどすぎてどうにもできないこと,部屋がちらかりすぎて、どこから片づければよいか手がつけられません。,手がつけられないは、ひどすぎて、どうにもできないという意味です。
11,vocab1300_p004_005,4,ありのまま,ありのまま,かざらず、そのままであること,作文には、見たことをありのままに書きました。,ありのままは、かざったり変えたりせず、そのままであることです。
12,vocab1300_p004_006,4,口実,こうじつ,言い訳や理由として使う言葉,宿題をしない口実を考えるより、少しずつ進めた方がよいです。,口実は、言い訳や、何かをするための理由として使う言葉です。
13,vocab1300_p005_001,5,妨げる,さまたげる,行うことのじゃまをすること,通路に荷物を置くと、人が歩くのを妨げてしまいます。,妨げるは、進むことや行うことのじゃまをするという意味です。
14,vocab1300_p005_002,5,仮に,かりに,本当かは別として一時的に考えること,仮に雨が降ったら、体育は体育館で行います。,仮には、本当かどうかは別として、一時的にそうだと考えるときに使います。
15,vocab1300_p005_003,5,なみなみ,なみなみ,あふれそうなくらいたっぷり入っているようす,コップに麦茶をなみなみと注ぎました。,なみなみは、液体があふれそうなくらいたっぷり入っているようすです。
16,vocab1300_p005_004,5,度重なる,たびかさなる,同じようなことが何度も続くこと,度重なる忘れ物で、先生に注意されました。,度重なるは、同じようなことが何度も続けて起こるという意味です。
17,vocab1300_p005_005,5,きつねにつままれたよう,きつねにつままれたよう,思いがけないことに驚いてぼんやりするようす,さっきまで机の上にあった消しゴムが急になくなり、きつねにつままれたような気分になりました。,きつねにつままれたようは、思いがけないことが起きて、ぼんやりするほど驚くようすです。
18,vocab1300_p005_006,5,険悪,けんあく,関係や雰囲気が悪くぴりぴりしているようす,けんかのあと、二人の間には険悪な空気が流れていました。,険悪は、関係や雰囲気が悪く、ぴりぴりしているようすです。
19,vocab1300_p006_001,6,願ったりかなったり,ねがったりかなったり,希望どおりで、とても都合がよいこと,読みたかった本を友だちが貸してくれるなんて、願ったりかなったりです。,願ったりかなったりは、自分の希望どおりになって、とても都合がよいという意味です。
20,vocab1300_p006_002,6,首をすくめる,くびをすくめる,こわさなどで首をちぢめること,大きな音がして、思わず首をすくめました。,首をすくめるは、こわさや寒さなどで、首をちぢめるようにすることです。
21,vocab1300_p006_003,6,行き当たりばったり,いきあたりばったり,きちんと計画せず、その場で行動すること,行き当たりばったりで準備をしたので、発表の日にあわてました。,行き当たりばったりは、きちんと計画せず、その場その場で行動することです。
22,vocab1300_p006_004,6,未熟,みじゅく,経験や力がまだ十分でないこと,まだ未熟ですが、ピアノの練習を毎日続けています。,未熟は、経験や力がまだ十分でないという意味です。
23,vocab1300_p006_005,6,目を輝かせる,めをかがやかせる,喜びや期待でわくわくしたようすになること,新しい図鑑を見つけて、青ちゃんは目を輝かせました。,目を輝かせるは、喜びや期待で、わくわくしたようすになることです。
24,vocab1300_p006_006,6,願ってもない,ねがってもない,思ってもいなかったほど都合がよくありがたいこと,急に休みができて、家族で出かけられるなんて願ってもない話です。,願ってもないは、思ってもいなかったほど都合がよく、ありがたいという意味です。
25,vocab1300_p007_001,7,キャリア,キャリア,仕事や技術などで積んできた経験,その先生は、長いキャリアを生かして、分かりやすく教えてくれました。,キャリアは、仕事や技術などで積んできた経験や経歴のことです。
26,vocab1300_p007_002,7,さえぎる,さえぎる,途中でじゃますること,大きな木が道をさえぎっていて、前に進めませんでした。,さえぎるは、進むものや見えるものなどを途中でじゃますることです。
27,vocab1300_p007_003,7,状況,じょうきょう,そのときの様子や状態,先生は、教室の状況を見てから、外で遊ぶか決めました。,状況は、そのときの様子や状態のことです。
28,vocab1300_p007_004,7,居心地,いごこち,その場所にいるときの気分,図書室は静かで、居心地がよい場所です。,居心地は、その場所にいるときの気分のことです。
29,vocab1300_p007_005,7,出し抜く,だしぬく,相手をだましたり先に動いたりして有利になること,友だちを出し抜くようなやり方では、あとで信じてもらえなくなります。,出し抜くは、相手をだましたり先に行動したりして、自分が有利になることです。
30,vocab1300_p007_006,7,手ぬかり,てぬかり,注意や準備が十分でないこと,発表の前に何度も確認したので、手ぬかりはありませんでした。,手ぬかりは、注意や準備が十分でないことです。
31,vocab1300_p008_001,8,うやうやしい,うやうやしい,ていねいで礼儀正しいようす,その子は、おじぎをして、うやうやしく先生にあいさつしました。,うやうやしいは、ていねいで、礼儀正しいようすです。
32,vocab1300_p008_002,8,つじつま,つじつま,話や物事の筋道,話のつじつまが合わないので、もう一度たしかめました。,つじつまは、話や物事の筋道のことです。つじつまが合うとは、話が自然につながることです。
33,vocab1300_p008_003,8,えんえん,えんえん,非常に長く続くようす,校長先生の話は、えんえんと続きました。,えんえんは、非常に長く続くようすです。
34,vocab1300_p008_004,8,仕向ける,しむける,人に働きかけて何かをさせること,先生は、みんなが自分で考えるように仕向けました。,仕向けるは、人に働きかけて、何かをさせることです。
35,vocab1300_p008_005,8,目が高い,めがたかい,物や人のよしあしを見分ける力があること,その絵のよさに気づくなんて、君は目が高いね。,目が高いは、物や人のよしあしを見分ける力があることです。
36,vocab1300_p008_006,8,こき使う,こきつかう,人を休ませず、ひどく働かせること,弟に片づけを全部させて、こき使うのはよくありません。,こき使うは、人を休ませず、ひどく働かせることです。
37,vocab1300_p009_001,9,よりほかない,よりほかない,それ以外に方法がないこと,電車が止まってしまったので、歩いて帰るよりほかありません。,よりほかないは、それ以外に方法がないという意味です。
38,vocab1300_p009_002,9,相性,あいしょう,相手と気持ちや調子が合うかどうか,その友だちとは相性がよく、すぐに仲よくなりました。,相性は、相手と気持ちや調子が合うかどうかということです。
39,vocab1300_p009_003,9,弱みにつけこむ,よわみにつけこむ,相手の弱いところを利用すること,相手の弱みにつけこむようなやり方は、正しいとは言えません。,弱みにつけこむは、相手の弱いところを利用して、自分に都合よくすることです。
40,vocab1300_p009_004,9,いぶかしい,いぶかしい,はっきりしなくて、あやしく思うようす,だれもいないはずの部屋から音がして、いぶかしく思いました。,いぶかしいは、はっきりしなくて、あやしく思うようすです。
41,vocab1300_p009_005,9,さすらう,さすらう,あてもなく、あちこち歩き回ること,物語の主人公は、知らない国をさすらいました。,さすらうは、あてもなく、あちこち歩き回ることです。
42,vocab1300_p009_006,9,率直,そっちょく,かざらず、ありのままに言うようす,先生に、作文の感想を率直に伝えました。,率直は、かざらず、ありのままに言うようすです。
43,vocab1300_p010_001,10,そりが合わない,そりがあわない,考え方や性格が合わないこと,その子とは遊び方の考えがちがって、少しそりが合いません。,そりが合わないは、考え方や性格が合わないという意味です。
44,vocab1300_p010_002,10,歯を食いしばる,はをくいしばる,苦しさやつらさにたえること,最後まで走るために、歯を食いしばってがんばりました。,歯を食いしばるは、苦しさやつらさにじっとたえることです。
45,vocab1300_p010_003,10,丹念,たんねん,心をこめて細かくていねいにするようす,ノートの図を、丹念に色分けしてまとめました。,丹念は、心をこめて、細かいところまでていねいにするようすです。
46,vocab1300_p010_004,10,信念,しんねん,自分が正しいと強く信じる気持ち,その選手は、必ずうまくなるという信念を持って練習しました。,信念は、自分が正しいと強く信じる気持ちです。
47,vocab1300_p010_005,10,妨害,ぼうがい,人の行動や物事の進みをじゃますること,話している人の前で大声を出すと、発表の妨害になります。,妨害は、人の行動や物事の進みをじゃますることです。
48,vocab1300_p010_006,10,得体の知れない,えたいのしれない,正体や本当の姿がよく分からないこと,森の奥から、得体の知れない音が聞こえてきました。,得体の知れないは、正体や本当の姿がよく分からないという意味です。
49,vocab1300_p011_001,11,眉をひそめる,まゆをひそめる,心配や不快なことで顔をしかめること,友だちが人の悪口を言っているのを聞いて、先生は眉をひそめました。,眉をひそめるは、心配や不快なことで、顔をしかめることです。
50,vocab1300_p011_002,11,つど,つど,そうするたびに,図書室へ行くつど、新しい本を一冊ずつ借りています。,つどは、そうするたびに、毎回という意味です。
51,vocab1300_p011_003,11,さほど,さほど,それほど、たいして,テスト前は心配でしたが、問題はさほど難しくありませんでした。,さほどは、それほど、たいして、という意味です。多くの場合、後ろに打ち消しの言葉が続きます。
52,vocab1300_p011_004,11,側面,そくめん,ものごとの一つの面や見方,その出来事には、楽しい側面だけでなく、反省するところもありました。,側面は、ものごとの一つの面や見方のことです。
53,vocab1300_p011_005,11,良心,りょうしん,正しいことをしようとする心,落とし物を見つけたので、良心にしたがって先生に届けました。,良心は、正しいことをしようとする心のことです。
54,vocab1300_p011_006,11,もたらす,もたらす,何かを起こしたり持ってきたりすること,毎日の練習は、少しずつよい結果をもたらしました。,もたらすは、何かを持ってきたり、よいこと・悪いことを起こしたりすることです。
55,vocab1300_p012_001,12,口下手,くちべた,話すことがあまり上手ではないこと,発表の内容は考えていたのに、みんなの前に出るとうまく話せませんでした。わたしは少し口下手です。,口下手は、話すことがあまり上手ではないことです。話したくない、という意味ではありません。
56,vocab1300_p012_002,12,客観的,きゃっかんてき,いろいろな見方から考えること,けんかの話を聞くときは、どちらか一人の気持ちだけで決めず、客観的に考えることが大切です。,客観的は、自分の気持ちだけでなく、広い見方で考えることです。
57,vocab1300_p012_003,12,居ても立ってもいられない,いてもたってもいられない,心配などでじっとしていられないこと,大切なぬいぐるみが見つからなくて、青ちゃんは居ても立ってもいられませんでした。,居ても立ってもいられないは、心配やうれしさなどで落ち着かず、じっとしていられないようすです。
58,vocab1300_p012_004,12,したたか,したたか,ねばり強く、簡単には負けないようす,相手チームに先に点を取られても、最後まであきらめず、したたかに試合を続けました。,したたかは、すぐに負けたりあきらめたりせず、ねばり強いようすです。悪い意味で使われることもありますが、ここでは強さを表しています。
59,vocab1300_p012_005,12,兼ねる,かねる,一つのものや人が、二つ以上の役目をすること,この箱は、おもちゃ入れといすの二つの役目を兼ねています。,兼ねるは、一つのものや人が、二つ以上の役目をすることです。
60,vocab1300_p012_006,12,陰口,かげぐち,本人がいないところで言う悪口,その人がいないところで悪く言うのは、陰口になるのでやめた方がよいです。,陰口は、本人がいないところで言う悪口です。本人に直接伝える注意や相談とはちがいます。
61,vocab1300_p013_001,13,不惑,ふわく,ふわく,四十歳のお祝いで、不惑という言葉を知りました。,不惑は『ふわく』と読みます。四十歳を表す言葉です。
62,vocab1300_p013_002,13,還暦,かんれき,かんれき,祖父の還暦のお祝いに、家族で赤い花を用意しました。,還暦は『かんれき』と読みます。六十歳を表す言葉です。
63,vocab1300_p013_003,13,白寿,はくじゅ,はくじゅ,ひいおばあちゃんの白寿を祝って、みんなで写真を撮りました。,白寿は『はくじゅ』と読みます。九十九歳を表す言葉です。『百』から『一』を取ると『白』になることからきています。
64,vocab1300_p013_004,13,喜寿,きじゅ,きじゅ,おばあちゃんの喜寿のお祝いに、みんなで手紙を書きました。,喜寿は『きじゅ』と読みます。七十七歳を表す言葉です。『喜』の字をくずすと七十七に見えることからきています。
65,vocab1300_p013_005,13,卒寿,そつじゅ,そつじゅ,九十歳になった祖母の卒寿を、家族でお祝いしました。,卒寿は『そつじゅ』と読みます。九十歳を表す言葉です。『卒』の字が九十に見える形からきています。
66,vocab1300_p015_001,15,半ば,なかば,ものごとの中ほど,マラソンの半ばで、少し足が重くなってきました。,半ばは、ものごとの中ほど、半分くらいのところという意味です。
67,vocab1300_p015_002,15,せきとめる,せきとめる,流れを止めること,大雨で流れてきた枝が、水の流れをせきとめました。,せきとめるは、水などの流れを止めることです。
68,vocab1300_p015_003,15,閉口する,へいこうする,どうしてよいか分からず困りはてること,同じ質問を何度もされて、先生は少し閉口していました。,閉口するは、どうしてよいか分からず、困りはてることです。
69,vocab1300_p015_004,15,形式,けいしき,何かをするときの決まった形ややり方,発表会は、去年と同じ形式で行われました。,形式は、何かをするときの決まった形ややり方のことです。
70,vocab1300_p015_005,15,発揮,はっき,持っている力を十分にあらわすこと,練習の成果を発揮して、試合でよいプレーができました。,発揮は、持っている力を十分にあらわすことです。
71,vocab1300_p015_006,15,頭が上がらない,あたまがあがらない,相手に引け目を感じ、対等にふるまえないこと,いつも助けてもらっているので、その友だちには頭が上がりません。,頭が上がらないは、相手に引け目や負い目があり、対等にふるまえないことです。
72,vocab1300_p016_001,16,過ぎない,すぎない,〜でしかないこと,これはまだ練習に過ぎないので、失敗しても大丈夫です。,過ぎないは、『〜でしかない』『〜以上のものではない』という意味です。
73,vocab1300_p016_002,16,こびを売る,こびをうる,相手の機嫌をとること,ほめてもらうためだけに、先生にこびを売るような態度はよくありません。,こびを売るは、相手に気に入られようとして、機嫌をとることです。
74,vocab1300_p016_003,16,ぬけぬけと,ぬけぬけと,悪いことをしても平気なようす,約束を忘れたのに、ぬけぬけと『知らない』と言いました。,ぬけぬけとは、悪いことをしても平気でいる、あつかましいようすです。
75,vocab1300_p016_004,16,あるがまま,あるがまま,かざらず、そのままであること,観察カードには、見たことをあるがままに書きました。,あるがままは、かざったり変えたりしない、そのままのようすです。
76,vocab1300_p016_005,16,行きかう,いきかう,行ったり来たりすること,駅前では、人や自転車が行きかっていました。,行きかうは、人や車などが行ったり来たりすることです。
77,vocab1300_p016_006,16,さしずめ,さしずめ,結局のところ、要するに,チームで一番足が速いその子は、さしずめリレーの切り札です。,さしずめは、結局のところ、要するに、という意味です。
78,vocab1300_p017_001,17,きびきび,きびきび,元気よく、はっきりしているようす,係の子は、きびきびと教室の準備を進めました。,きびきびは、動きや話し方が元気よく、はっきりしているようすです。
79,vocab1300_p017_002,17,濡れ衣,ぬれぎぬ,自分が悪くないのに罪をなすりつけられること,落書きをしたのは別の人なのに、わたしが疑われて濡れ衣を着せられました。,濡れ衣は、自分が悪くないのに、罪や失敗をなすりつけられることです。
80,vocab1300_p017_003,17,成熟,せいじゅく,十分に成長し、発達していること,そのリンゴは赤くなり、十分に成熟していました。,成熟は、十分に成長し、発達していることです。
81,vocab1300_p017_004,17,至急,しきゅう,とても急ぐこと,水とうを忘れたので、至急、教室へ取りに戻りました。,至急は、とても急ぐこと、大急ぎという意味です。
82,vocab1300_p017_005,17,とっぴ,とっぴ,普通と大きくちがっているようす,その子は、とっぴなアイデアを出して、みんなをおどろかせました。,とっぴは、普通と大きくちがっていて、思いがけないようすです。
83,vocab1300_p017_006,17,力む,りきむ,力を入れること,本番で力みすぎて、いつもより手がかたくなりました。,力むは、体や気持ちに力を入れることです。
84,vocab1300_p018_001,18,腕によりをかける,うでによりをかける,自分の力を十分に出そうとはりきること,お母さんの誕生日に、姉は腕によりをかけて料理を作りました。,腕によりをかけるは、自分の力を十分に出そうと、はりきることです。
85,vocab1300_p018_002,18,手頃,てごろ,ちょうどよく扱いやすいこと,この本はページ数が少なく、読書を始めるには手頃です。,手頃は、ちょうどよく、扱いやすいという意味です。
86,vocab1300_p018_003,18,あごを出す,あごをだす,疲れてへとへとになること,長い坂道を走って、ゴールのころにはあごを出していました。,あごを出すは、疲れてへとへとになることです。
87,vocab1300_p018_004,18,薄情,はくじょう,冷たくて思いやりがないこと,困っている人を見ても知らんぷりするのは、薄情な態度です。,薄情は、冷たくて思いやりがないことです。
88,vocab1300_p018_005,18,いたたまれない,いたたまれない,つらくてその場にじっとしていられないこと,友だちを傷つける言葉を聞いて、いたたまれない気持ちになりました。,いたたまれないは、つらくて、その場にじっとしていられない気持ちになることです。
89,vocab1300_p018_006,18,手当たり次第,てあたりしだい,手にふれたものや目についたものを次々と行うこと,なくした消しゴムを、机の中から手当たり次第に探しました。,手当たり次第は、順番を考えず、手にふれたものや目についたものを次々と行うことです。
90,vocab1300_p019_001,19,難なく,なんなく,何の問題もなく、かんたんに,練習していたので、その問題を難なく解くことができました。,難なくは、何の問題もなく、かんたんに、という意味です。
91,vocab1300_p019_002,19,頭をかかえる,あたまをかかえる,悩みや心配ごとのために困ること,宿題がたくさん残っていて、青ちゃんは頭をかかえました。,頭をかかえるは、悩みや心配ごとのために困ることです。
92,vocab1300_p019_003,19,まざまざと,まざまざと,はっきりと目に見えるように,旅行で見た海の色を、今でもまざまざと思い出せます。,まざまざとは、はっきりと目に見えるように感じることです。
93,vocab1300_p019_004,19,しどろもどろ,しどろもどろ,話し方がまとまらないようす,急に聞かれて、答えがしどろもどろになりました。,しどろもどろは、話し方がまとまらず、うまく説明できないようすです。
94,vocab1300_p019_005,19,ほおをふくらます,ほおをふくらます,不満や不機嫌な気持ちを顔に出すこと,ゲームを途中でやめることになり、弟はほおをふくらませました。,ほおをふくらますは、不満や不機嫌な気持ちを顔に出すことです。
95,vocab1300_p019_006,19,口頭,こうとう,文章ではなく、口で伝えること,予定の変更は、先生から口頭で伝えられました。,口頭は、文章ではなく、口で伝えることです。
96,vocab1300_p020_001,20,秩序,ちつじょ,決まりや整った状態,みんなが気持ちよく使えるように、図書室の秩序を守りましょう。,秩序は、みんなが気持ちよく過ごすための決まりや、整った状態のことです。
97,vocab1300_p020_002,20,真相,しんそう,物事の本当のこと,先生は、けんかの真相をみんなから聞きました。,真相は、物事の本当のことです。
98,vocab1300_p020_003,20,仰ぐ,あおぐ,上を見上げること,夜空を仰ぐと、星がたくさん見えました。,仰ぐは、上を見上げるという意味です。
99,vocab1300_p020_004,20,後味,あとあじ,物事のあとに残る感じや気分,友だちにきつく言いすぎて、後味の悪い気持ちになりました。,後味は、物事が終わったあとに残る感じや気分のことです。
100,vocab1300_p020_005,20,感服,かんぷく,立派な行動や態度に深く感心すること,最後まであきらめない友だちの姿に、みんな感服しました。,感服は、立派な行動や態度に深く感心することです。
101,vocab1300_p020_006,20,正常,せいじょう,変わったところがなく正しい状態,こわれたと思った時計は、今は正常に動いています。,正常は、変わったところがなく、正しい状態であることです。
102,vocab1300_p021_001,21,挑発,ちょうはつ,相手の気持ちを乱して何かをさせようとすること,相手にわざといやなことを言われても、挑発に乗らないようにしました。,挑発は、相手の気持ちを乱して、何かをさせようとすることです。
103,vocab1300_p021_002,21,公算,こうさん,あることが起こる見込みや可能性,練習の様子を見ると、試合に勝つ公算は高そうです。,公算は、あることが起こる見込みや可能性のことです。
104,vocab1300_p021_003,21,概念,がいねん,物事のおおよその意味や考え,先生は、『公平』という概念を、身近な例で説明してくれました。,概念は、ある物事のおおよその意味や考えのことです。
105,vocab1300_p021_004,21,口論,こうろん,言い争い、口げんか,意見が合わず、二人は口論になってしまいました。,口論は、言い争いや口げんかのことです。
106,vocab1300_p021_005,21,腹に収める,はらにおさめる,怒りや不満を外に出さずにこらえること,言いたいことはありましたが、けんかにならないように腹に収めました。,腹に収めるは、怒りや不満を外に出さずに、こらえることです。
107,vocab1300_p021_006,21,借りてきた猫のよう,かりてきたねこのよう,いつもと違って、とてもおとなしいようす,いつもは元気な弟が、知らない人の前では借りてきた猫のようでした。,借りてきた猫のようは、いつもと違って、とてもおとなしいようすです。
108,vocab1300_p022_001,22,首を縦にふる,くびをたてにふる,うなずいて、相手の意見に賛成すること,何度お願いしても、母はなかなか首を縦にふってくれませんでした。,首を縦にふるは、うなずいて、相手の意見に賛成することです。
109,vocab1300_p022_002,22,たち,たち,生まれながらに持っている人柄や性質,姉は小さいころから、がまん強いたちです。,たちは、生まれながらに持っている人柄や性質のことです。
110,vocab1300_p022_003,22,外見,がいけん,うわべや見かけ,外見だけでは、その人のよさは分かりません。,外見は、うわべや見かけのことです。
111,vocab1300_p022_004,22,率いる,ひきいる,多くの人をまとめて連れて行くこと,先生はクラスのみんなを率いて、体育館へ向かいました。,率いるは、多くの人をまとめて連れて行くことです。
112,vocab1300_p022_005,22,ほてる,ほてる,顔や体が熱っぽくなり、赤くなること,走ったあと、顔がほてって赤くなりました。,ほてるは、顔や体が熱っぽくなり、赤くなることです。
113,vocab1300_p022_006,22,いかつい,いかつい,かたくて、ごつごつしているようす,その岩は大きくて、いかつい形をしていました。,いかついは、かたくて、ごつごつしているようすです。
114,vocab1300_p023_001,23,安静,あんせい,体を休めて静かにしていること,熱があるので、今日は家で安静にしていました。,安静は、体を休めて静かにしていることです。
115,vocab1300_p023_002,23,根をおろす,ねをおろす,物事が定着したり受け入れられたりすること,その新しい習慣は、少しずつクラスに根をおろしました。,根をおろすは、物事が定着したり、受け入れられたりすることです。
116,vocab1300_p023_003,23,ねぎらう,ねぎらう,苦労してくれたことに感謝すること,先生は、準備をがんばった係の人たちをねぎらいました。,ねぎらうは、苦労してくれたことに感謝することです。
117,vocab1300_p023_004,23,いさかい,いさかい,けんか、言い争い,小さないさかいが起きたので、先生が話を聞きました。,いさかいは、けんかや言い争いのことです。
118,vocab1300_p023_005,23,手招き,てまねき,こちらへ来るように手で合図すること,母は、こちらへ来るように手招きしました。,手招きは、こちらへ来るように手で合図することです。
119,vocab1300_p023_006,23,率先,そっせん,自分から先頭に立って行動すること,青ちゃんは率先して、教室の片づけを手伝いました。,率先は、自分から先頭に立って行動することです。
120,vocab1300_p024_001,24,消極的,しょうきょくてき,自分から進んで何かをしようとしないようす,授業参観で、いつもは手をあげる青ちゃんが消極的でした。,消極的は、自分から進んで何かをしようとしないようすです。
121,vocab1300_p024_002,24,そくざに,そくざに,すぐに、その場ですぐ,名前を呼ばれて、そくざに返事をしました。,そくざには、すぐに、その場ですぐ、という意味です。
122,vocab1300_p024_003,24,くまなく,くまなく,すみずみまで、残すところなく,なくしたハンカチを、部屋の中でくまなく探しました。,くまなくは、すみずみまで、残すところなく、という意味です。
123,vocab1300_p024_004,24,試み,こころみ,試しに何かをやってみること,先生は、新しい方法で授業をする試みをしました。,試みは、試しに何かをやってみることです。
124,vocab1300_p024_005,24,いささか,いささか,少し、ちょっと,その話は、いささか大げさに聞こえました。,いささかは、少し、ちょっと、という意味です。
125,vocab1300_p024_006,24,えてして,えてして,とかく、大体の場合において,急いでいるときは、えてして忘れ物をしやすいものです。,えてしては、とかく、大体の場合において、という意味です。
126,vocab1300_p025_001,25,ごうごう,ごうごう,大きな音が響いて騒がしいようす,台風の日、外では風がごうごうと鳴っていました。,ごうごうは、大きな音が響いて、騒がしいようすです。
127,vocab1300_p025_002,25,さんさん,さんさん,太陽などが明るく光り輝くようす,夏の朝、太陽がさんさんと照っていました。,さんさんは、太陽などが明るく光り輝くようすです。
128,vocab1300_p025_003,25,とうとう,とうとう,水などがとめどなく流れるようす,山の雪がとけて、川の水がとうとうと流れていました。,とうとうは、水などがとめどなく流れるようすです。
129,vocab1300_p025_004,25,まんまん,まんまん,いっぱいに満ちているようす,大きな池には、水がまんまんとたたえられていました。,まんまんは、いっぱいに満ちているようすです。
130,vocab1300_p025_005,25,こうこう,こうこう,明るく、きらきらと輝くようす,夜道に、車のライトがこうこうと輝いていました。,こうこうは、明るく、きらきらと輝くようすです。
131,vocab1300_p025_006,25,せつせつ,せつせつ,心に強くうったえかけるようす,その人は、平和への願いをせつせつと語りました。,せつせつは、心に強くうったえかけるようす、思いがこもっているようすです。
132,vocab1300_p027_001,27,けなげ,けなげ,ひたむきで一生懸命なようす,小さな子が、転んでも泣かずに走り続ける姿はけなげでした。,けなげは、ひたむきで、一生懸命なようすです。
133,vocab1300_p027_002,27,終始する,しゅうしする,始めから終わりまで同じことを続けること,話し合いは、始めから終わりまで勉強の話に終始しました。,終始するは、始めから終わりまで同じことを続けることです。
134,vocab1300_p027_003,27,創造,そうぞう,新しいものをつくり出すこと,空き箱を使って、新しいおもちゃを創造しました。,創造は、新しいものをつくり出すことです。
135,vocab1300_p027_004,27,足手まとい,あしでまとい,まわりについて、じゃまになること,小さい子を連れて急ぐと、本人に悪気はなくても足手まといになることがあります。,足手まといは、まわりについて、じゃまになることです。
136,vocab1300_p027_005,27,見聞,けんぶん,見たり聞いたりすること,旅行先でいろいろなものを見て、見聞を広めました。,見聞は、見たり聞いたりすることです。見聞を広めるとは、経験を広げることです。
137,vocab1300_p027_006,27,やおら,やおら,ゆっくりと動き出して,校長先生は、やおら立ち上がって話し始めました。,やおらは、ゆっくりと動き出すようすです。おもむろに、という意味です。
138,vocab1300_p028_001,28,共倒れ,ともだおれ,両方とも無理をして、どちらもだめになること,二人とも無理をして練習しすぎたため、試合前に共倒れになりました。,共倒れは、両方とも無理をした結果、どちらもだめになることです。
139,vocab1300_p028_002,28,薄笑い,うすわらい,相手を軽く見るような、かすかな笑い,失敗した人を見て薄笑いを浮かべるのは、よい態度ではありません。,薄笑いは、相手を軽く見るような、かすかな笑いです。
140,vocab1300_p028_003,28,典型的,てんけいてき,あるものの特徴をよく表しているようす,鼻水とせきが出るのは、典型的な風邪の症状です。,典型的は、あるものの特徴をよく表しているようすです。
141,vocab1300_p028_004,28,思い上がる,おもいあがる,自分をえらいと思いすぎて、いい気になること,一度ほめられただけで思い上がらず、練習を続けることが大切です。,思い上がるは、自分をえらいと思いすぎて、いい気になることです。
142,vocab1300_p028_005,28,足を引っ張る,あしをひっぱる,うまくいっている人のじゃまをすること,ふざけてばかりいると、チームの足を引っ張ってしまいます。,足を引っ張るは、うまくいっている人やチームのじゃまをすることです。
143,vocab1300_p028_006,28,見過ごす,みすごす,気づいているのに、そのままにすること,友だちが困っているのに気づいたので、見過ごさずに声をかけました。,見過ごすは、気づいているのに、そのままにすることです。
144,vocab1300_p029_001,29,おももち,おももち,気持ちが表れた顔つきや表情,結果を待つあいだ、青ちゃんは不安なおももちでした。,おももちは、気持ちや心情が表れた顔つきや表情のことです。
145,vocab1300_p029_002,29,地団駄を踏む,じだんだをふむ,悔しさで足を踏み鳴らすこと,あと少しで勝てたのに負けてしまい、弟は地団駄を踏みました。,地団駄を踏むは、悔しさで足を踏み鳴らすことです。
146,vocab1300_p029_003,29,寛大,かんだい,心が広く、やさしいこと,先生は、失敗した友だちにも寛大な態度で話を聞きました。,寛大は、心が広く、やさしいことです。
147,vocab1300_p029_004,29,拒否,きょひ,断ること,その申し出は自分に合わないと思い、きっぱり拒否しました。,拒否は、相手の申し出などを断ることです。
148,vocab1300_p029_005,29,証,あかし,事実であると証明するもの,毎日練習したノートは、努力の証です。,証は、事実であると証明するもの、証拠のことです。
149,vocab1300_p029_006,29,丸め込む,まるめこむ,うまい言葉で、自分に都合よく相手を操ること,うまい言葉で友だちを丸め込んで、自分だけ楽をするのはよくありません。,丸め込むは、うまい言葉で、自分に都合のよいように相手を操ることです。
150,vocab1300_p030_001,30,まんべんなく,まんべんなく,すみずみまで同じように,パンにジャムをまんべんなくぬりました。,まんべんなくは、すみずみまで同じように行き届いているようすです。
151,vocab1300_p030_002,30,内弁慶,うちべんけい,外ではおとなしいのに、家ではいばる人,弟は学校では静かなのに、家ではいばるので内弁慶です。,内弁慶は、外ではおとなしいのに、家の中ではいばっている人のことです。
152,vocab1300_p030_003,30,的外れ,まとはずれ,大事な点から外れていること,質問と関係のない答えだったので、少し的外れでした。,的外れは、大事な点から外れていることです。
153,vocab1300_p030_004,30,戦法,せんぽう,戦い方、勝つためのやり方,相手の動きを見て、試合の戦法を変えました。,戦法は、戦い方や、勝つためのやり方のことです。
154,vocab1300_p030_005,30,異なる,ことなる,違いや差があること,同じクラスでも、一人ひとり好きな本は異なります。,異なるは、違いや差があることです。
155,vocab1300_p030_006,30,毛嫌い,けぎらい,はっきりした理由もなく嫌うこと,食べたことがないのに、その野菜を毛嫌いするのはもったいないです。,毛嫌いは、はっきりした理由もなく嫌うことです。
156,vocab1300_p031_001,31,軽はずみ,かるはずみ,よく考えずに何かをすること,よく考えずに軽はずみなことを言って、友だちを傷つけてしまいました。,軽はずみは、調子に乗って、よく考えずに何かをすることです。
157,vocab1300_p031_002,31,鼻であしらう,はなであしらう,冷たい態度で相手を軽く扱うこと,まじめに相談したのに、相手は鼻であしらうような返事をしました。,鼻であしらうは、冷たい態度や言葉で、相手を軽く扱うことです。
158,vocab1300_p031_003,31,顔ぶれ,かおぶれ,何かに参加する人たち,発表会には、ピアノが上手な子や歌が好きな子など、楽しい顔ぶれがそろいました。,顔ぶれは、何かに参加する人たち、メンバーのことです。
159,vocab1300_p031_004,31,うずうずする,うずうずする,何かをしたくて待ちきれないようす,休み時間になったら外で遊びたくて、青ちゃんはうずうずしていました。,うずうずするは、何かをしたくて、じっと待っていられないようすです。
160,vocab1300_p031_005,31,目をうるませる,めをうるませる,泣きそうになって目に涙がたまること,友だちから手紙をもらって、妹は目をうるませました。,目をうるませるは、泣きそうになって、目に涙がたまることです。
161,vocab1300_p031_006,31,脱落,だつらく,途中で抜け落ちること,途中で体力がなくなり、マラソン大会から脱落してしまいました。,脱落は、途中で抜け落ちたり、ついていけなくなったりすることです。
162,vocab1300_p032_001,32,晴れがましい,はれがましい,華やかで、注目される状態,表彰式で名前を呼ばれて、少し晴れがましい気持ちになりました。,晴れがましいは、華やかで、注目される状態を表します。
163,vocab1300_p032_002,32,栄える,さかえる,人や町の勢いがさかんになること,駅ができて人が増え、その町は少しずつ栄えていきました。,栄えるは、人や町などの勢いがさかんになることです。
164,vocab1300_p032_003,32,ユーモラス,ユーモラス,面白さがあるようす,先生のユーモラスな話に、教室のみんなが笑いました。,ユーモラスは、面白さがあるようす、ユーモアがあるようすです。
165,vocab1300_p032_004,32,秀でる,ひいでる,他の人よりも優れていること,その子は絵をかく力に秀でていて、作品がいつも目を引きます。,秀でるは、他の人よりも優れていることです。
166,vocab1300_p032_005,32,うごめく,うごめく,もぞもぞと動くこと,土の中で小さな虫がうごめいていました。,うごめくは、もぞもぞと動くことです。
167,vocab1300_p032_006,32,観点,かんてん,物事を見たり考えたりするときの視点,友だちの観点から考えると、ちがう見方ができました。,観点は、物事を見たり考えたりするときの基本となる視点のことです。
168,vocab1300_p033_001,33,障害,しょうがい,行く手をはばむもの,大きな石が道の真ん中にあり、進むための障害になっていました。,障害は、行く手をはばむもの、じゃまをするもののことです。
169,vocab1300_p033_002,33,かさばる,かさばる,量が多くなって場所を取ること,冬の上着は大きいので、ランドセルに入れるとかさばります。,かさばるは、量が多くなって、場所を取ることです。
170,vocab1300_p033_003,33,察する,さっする,相手の気持ちや事情を想像して思いやること,友だちが元気のない顔をしていたので、何かあったのだと察しました。,察するは、相手の気持ちや事情を想像して思いやることです。
171,vocab1300_p033_004,33,足取り,あしどり,歩くときの調子,遠足の日、みんなは軽い足取りで学校を出発しました。,足取りは、歩くときの調子のことです。
172,vocab1300_p033_005,33,言いがかり,いいがかり,筋の通らない文句をつけること,何もしていないのに責められて、言いがかりだと思いました。,言いがかりは、筋の通らない文句をつけることです。いちゃもんをつけることとも言います。
173,vocab1300_p033_006,33,とってつけたよう,とってつけたよう,形だけで心がこもっていないようす,とってつけたようなお礼ではなく、気持ちをこめて言いたいです。,とってつけたようは、形だけで、心がこもっていないようすです。
174,vocab1300_p034_001,34,ひたむき,ひたむき,一所懸命に何かに取り組むようす,その選手は、最後までひたむきにボールを追いかけました。,ひたむきは、一所懸命に何かに取り組むようすです。
175,vocab1300_p034_002,34,一生もの,いっしょうもの,一生使えるくらい価値があるもの,祖母からもらった時計は、大切に使えば一生ものです。,一生ものは、一生使えるくらい価値があり、立派なもののことです。
176,vocab1300_p034_003,34,おしきせ,おしきせ,上の者から有無を言わさず押しつけられること,やり方を自分で考えたいのに、おしきせの方法だけを命じられて困りました。,おしきせは、上の者から有無を言わさず押しつけられることです。
177,vocab1300_p034_004,34,火を見るよりも明らか,ひをみるよりもあきらか,結果がはっきりしていて疑う余地がないこと,このまま練習をしなければ、試合で困るのは火を見るよりも明らかです。,火を見るよりも明らかは、結果がはっきりしていて、疑う余地がないという意味です。
178,vocab1300_p034_005,34,目をつぶる,めをつぶる,失敗やミスを大目に見ること,小さなまちがいだったので、今回は目をつぶることにしました。,目をつぶるは、失敗やミスを見て見ぬふりをしたり、大目に見たりすることです。
179,vocab1300_p034_006,34,思い過ごし,おもいすごし,考えすぎること、心配しすぎること,友だちが怒っていると思ったけれど、あとで聞いたら思い過ごしでした。,思い過ごしは、考えすぎることや、心配しすぎることです。
180,vocab1300_p035_001,35,息抜き,いきぬき,気分転換にひと休みすること,長く勉強したあと、少しだけ散歩をして息抜きしました。,息抜きは、気分転換にひと休みすることです。
181,vocab1300_p035_002,35,冷静,れいせい,気持ちや態度が落ち着いているようす,急に予定が変わっても、先生は冷静にみんなへ説明しました。,冷静は、気持ちや態度が落ち着いているようすです。
182,vocab1300_p035_003,35,逆恨み,さかうらみ,相手に逆に恨まれること,危ないことを注意しただけなのに、相手に逆恨みされてしまいました。,逆恨みは、こちらが恨みたいくらいの相手に、逆に恨まれることです。
183,vocab1300_p035_004,35,身内,みうち,親しい親戚や家族,身内だけで集まって、おじいちゃんの誕生日を祝いました。,身内は、親しい親戚や家族のことです。
184,vocab1300_p035_005,35,過大評価,かだいひょうか,実際よりも価値を高く評価すること,その絵はすてきですが、世界一だと言うのは少し過大評価かもしれません。,過大評価は、実際よりも価値を高く評価することです。買いかぶることとも言います。
185,vocab1300_p035_006,35,独り善がり,ひとりよがり,自分だけが正しいと決めて、周りの意見を聞かないこと,みんなの意見を聞かずに決めるのは、独り善がりなやり方です。,独り善がりは、自分だけが正しいと決めて、周りの意見を聞かないことです。
186,vocab1300_p036_001,36,明け暮れる,あけくれる,一つのことに集中してやり続けること,夏休みの間、兄は自由研究の実験に明け暮れました。,明け暮れるは、一つのことに集中して、毎日そればかりをすることです。
187,vocab1300_p036_002,36,好奇心,こうきしん,知らないことに興味を持つ心,青ちゃんは、知らない虫を見つけると好奇心いっぱいで観察します。,好奇心は、知らないことに興味を持つ心です。
188,vocab1300_p036_003,36,なけなし,なけなし,ほんの少ししかないこと,なけなしのおこづかいで、母への小さなプレゼントを買いました。,なけなしは、ほんの少ししかないという意味です。
189,vocab1300_p036_004,36,デリケート,デリケート,繊細で、取り扱いに注意が必要なようす,その花はデリケートなので、そっと持たないとすぐ傷みます。,デリケートは、繊細で傷つきやすく、取り扱いに注意が必要なようすです。
190,vocab1300_p036_005,36,心もとない,こころもとない,頼りなくて、不安なようす,初めて一人で電車に乗るのは、少し心もとない気持ちでした。,心もとないは、頼りなくて、不安なようすです。
191,vocab1300_p036_006,36,授ける,さずける,上の人が下の人に何かを与えること,校長先生は、代表の子に賞状を授けました。,授けるは、地位や年齢が上の人が、下の人に何かを与えることです。
192,vocab1300_p037_001,37,犬も食わない,いぬもくわない,だれも相手にしないこと,小さなけんかの話を長く続けても、まわりの人は犬も食わないという顔をしていました。,犬も食わないは、だれも相手にしないという意味です。
193,vocab1300_p037_002,37,馬が合う,うまがあう,気が合うこと,その友だちとは好きな本も遊び方も似ていて、馬が合います。,馬が合うは、気が合うという意味です。
194,vocab1300_p037_003,37,閑古鳥が鳴く,かんこどりがなく,客がいなくてさびれているようす,雨の日の公園の売店は、閑古鳥が鳴くように静かでした。,閑古鳥が鳴くは、店などに客がいなくて、さびれているようすです。
195,vocab1300_p037_004,37,猿も木から落ちる,さるもきからおちる,得意な人でも、時には失敗するというたとえ,計算が得意な兄もまちがえました。猿も木から落ちるですね。,猿も木から落ちるは、その道の得意な人でも、時には失敗するというたとえです。
196,vocab1300_p037_005,37,おうむ返し,おうむがえし,相手が言ったことをそのまま返すこと,先生の質問に、友だちは言われた言葉をおうむ返しに答えました。,おうむ返しは、相手が言ったことを、そのまま返すことです。
197,vocab1300_p037_006,37,猫の手も借りたい,ねこのてもかりたい,とても忙しくて、だれかの助けを借りたいようす,発表会の準備で、先生たちは猫の手も借りたいほど忙しそうでした。,猫の手も借りたいは、とても忙しくて、だれかの助けを借りたいようすです。
198,vocab1300_p039_001,39,依然として,いぜんとして,あいかわらず,雨はやみましたが、川の水は依然として多いままでした。,依然としては、あいかわらず、前と同じ状態が続いているようすです。
199,vocab1300_p039_002,39,たどたどしい,たどたどしい,危なっかしく、ぎこちないようす,習い始めたばかりなので、妹のピアノはまだたどたどしい演奏です。,たどたどしいは、慣れていなくて、危なっかしくぎこちないようすです。
200,vocab1300_p039_003,39,ほくそ笑む,ほくそえむ,思い通りになって、こっそり満足して笑うこと,作戦がうまくいき、兄は一人でほくそ笑みました。,ほくそ笑むは、思い通りになって、一人でこっそり満足して笑うことです。
201,vocab1300_p039_004,39,かけがえのない,かけがえのない,代わりがなく、とても大切な,家族と過ごす時間は、かけがえのないものです。,かけがえのないは、代わりがなく、とても大切なという意味です。
202,vocab1300_p039_005,39,淡々と,たんたんと,感情的にならず、落ち着いて,試合に負けても、先生は淡々と次の練習について話しました。,淡々とは、感情的にならず、落ち着いているようすです。
203,vocab1300_p039_006,39,物騒,ぶっそう,危険なことが起きそうなようす,夜の道で大きな音が続き、少し物騒な感じがしました。,物騒は、危険なことが起きそうで、落ち着かないようすです。
204,vocab1300_p040_001,40,腹黒い,はらぐろい,悪い考えを持っているようす,やさしそうに見えても、人をだますつもりなら腹黒い考えです。,腹黒いは、悪い考えを持っていて、性格がひねくれているようすです。
205,vocab1300_p040_002,40,刷新,さっしん,悪いところを改めて新しくすること,学校のルールをよりよくするために、委員会で内容を刷新しました。,刷新は、悪いところをなくしたり改めたりして、新しくすることです。
206,vocab1300_p040_003,40,おのずと,おのずと,自然に、ひとりでに,毎日練習していると、おのずとコツが分かってきます。,おのずとは、自然に、ひとりでに、という意味です。
207,vocab1300_p040_004,40,さげすむ,さげすむ,相手を見下して軽蔑すること,できない人をさげすむのではなく、どうしたらできるか一緒に考えたいです。,さげすむは、相手を見下して、軽蔑することです。
208,vocab1300_p040_005,40,伴う,ともなう,ある事柄と一緒に生じること,新しいことに挑戦すると、失敗も伴うことがあります。,伴うは、ある事柄と一緒に生じることです。
209,vocab1300_p040_006,40,とまどう,とまどう,予想外のことにまごつくこと,急に発表の順番が変わり、少しとまどいました。,とまどうは、予想外のことにまごつくことです。
210,vocab1300_p041_001,41,逆上,ぎゃくじょう,怒りで興奮し、正しく判断できなくなること,ひどいことを言われても、逆上せずに落ち着いて話しました。,逆上は、怒りのために興奮して、正しく判断できなくなることです。
211,vocab1300_p041_002,41,いそいそと,いそいそと,うれしそうに、はりきって,妹は、新しいぬいぐるみを持って、いそいそと部屋へ向かいました。,いそいそとは、うれしそうに、はりきって何かをするようすです。
212,vocab1300_p041_003,41,めかす,めかす,きれいに着飾ること,発表会の日、姉はワンピースを着て、少しめかしていました。,めかすは、きれいに着飾ることです。
213,vocab1300_p041_004,41,顔が広い,かおがひろい,知り合いが多く、交友関係が広いこと,母は顔が広いので、町のいろいろな人と知り合いです。,顔が広いは、知り合いが多く、交友関係が広いことです。
214,vocab1300_p041_005,41,ストレス,ストレス,心や体にとってつらい負担,宿題が多すぎると、心にも体にもストレスがかかります。,ストレスは、心や体にとってつらく、負担になることです。
215,vocab1300_p041_006,41,あがめる,あがめる,この上ないものとして尊敬すること,村の人たちは、昔からその山を大切なものとしてあがめてきました。,あがめるは、この上ないものとして尊敬することです。
216,vocab1300_p042_001,42,生態系,せいたいけい,生き物と周りの環境を一体として見たもの,池の水がよごれると、そこにすむ魚や虫の生態系にも影響があります。,生態系は、生き物と周りの環境を、一体として見たものです。
217,vocab1300_p042_002,42,紛らわしい,まぎらわしい,そっくりで間違えやすいこと,『犬』と『太』の字は形が似ていて、少し紛らわしいです。,紛らわしいは、そっくりで、間違えやすいことです。
218,vocab1300_p042_003,42,洗礼を受ける,せんれいをうける,その後に影響する大きな経験をすること,初めての大会で強い相手と当たり、青ちゃんは大きな洗礼を受けました。,洗礼を受けるは、その後の考え方などに影響する大きな経験をすることです。
219,vocab1300_p042_004,42,上旬,じょうじゅん,その月の最初の十日間,六月の上旬に、学校でプール開きがあります。,上旬は、その月の最初の十日間のことです。
220,vocab1300_p042_005,42,弁護,べんご,人のためになるよう事情を説明し助けること,友だちが誤解されていたので、先生に事情を話して弁護しました。,弁護は、その人のためになるように事情を説明し、助けることです。
221,vocab1300_p042_006,42,仕える,つかえる,そばにいて、その人の指示に従って働くこと,昔の物語では、家来が王様に仕えていました。,仕えるは、そばにいて、その人の指示に従って働くことです。
222,vocab1300_p043_001,43,無愛想,ぶあいそう,態度や表情がそっけないこと,話しかけても返事が短く、その人は少し無愛想に見えました。,無愛想は、態度や表情がそっけないことです。
223,vocab1300_p043_002,43,いとおしい,いとおしい,たまらなくかわいくて大事にしたいこと,小さな妹が一生懸命に歩く姿を見て、いとおしく感じました。,いとおしいは、たまらなくかわいくて、大事にしたいと思うことです。
224,vocab1300_p043_003,43,有頂天,うちょうてん,とても喜んで、舞い上がっていること,リレーで一位になり、チームのみんなは有頂天になりました。,有頂天は、とても喜んで、舞い上がっていることです。
225,vocab1300_p043_004,43,隣人,りんじん,隣に住んでいる人,引っこしてきた隣人に、家族であいさつをしました。,隣人は、隣に住んでいる人のことです。
226,vocab1300_p043_005,43,あらいざらい,あらいざらい,何もかもすべて,何があったのか、先生にあらいざらい話しました。,あらいざらいは、何もかもすべてという意味です。
227,vocab1300_p043_006,43,みがきをかける,みがきをかける,能力をさらに高めるために努力すること,毎日練習して、ピアノの腕にみがきをかけました。,みがきをかけるは、能力をさらに高めるために努力することです。
228,vocab1300_p044_001,44,ほおを染める,ほおをそめる,恥ずかしさなどで顔が赤くなること,みんなの前でほめられて、青ちゃんはほおを染めました。,ほおを染めるは、恥ずかしさなどで顔が赤くなることです。
229,vocab1300_p044_002,44,まばら,まばら,ぱらぱらとすきまが空いているようす,雨の日の公園には、人がまばらにしかいませんでした。,まばらは、ぱらぱらとすきまが空いているようすです。
230,vocab1300_p044_003,44,関の山,せきのやま,がんばっても、これ以上はできない限度,今日は疲れているので、漢字を十個覚えるのが関の山です。,関の山は、がんばっても、これ以上はできないという限度のことです。
231,vocab1300_p044_004,44,頭をかすめる,あたまをかすめる,考えや不安がふと心に浮かぶこと,発表の前に、『失敗したらどうしよう』という考えが頭をかすめました。,頭をかすめるは、別の考えや不安が、ふと心に浮かぶことです。
232,vocab1300_p044_005,44,初歩的,しょほてき,まだ最初の段階にあること,これは初歩的なミスなので、次は気をつければ直せます。,初歩的は、まだ最初の段階にあることです。
233,vocab1300_p044_006,44,やみくも,やみくも,計画なく何かをしようとするようす,やみくもに探すより、まず机の上から順番に探しましょう。,やみくもは、きちんとした考えや計画もなく、何かをしようとするようすです。
234,vocab1300_p045_001,45,有り様,ありさま,物事の状態や様子,発表会の有り様を、家族にくわしく話しました。,有り様は、物事の状態や様子のことです。
235,vocab1300_p045_002,45,下旬,げじゅん,月末の十日間,八月の下旬には、夏休みの終わりが近づいてきます。,下旬は、月末の十日間のことです。
236,vocab1300_p045_003,45,善悪,ぜんあく,良いことと悪いこと,小さい子にも、少しずつ善悪の区別を教えることが大切です。,善悪は、良いことと悪いことのことです。
237,vocab1300_p045_004,45,不向き,ふむき,合わないこと、向いていないこと,細かい作業が苦手なので、わたしにはこの係は少し不向きです。,不向きは、合わないこと、向いていないことです。
238,vocab1300_p045_005,45,とりも直さず,とりもなおさず,言い換えれば、つまり,毎日少しずつ続けることは、とりも直さず力をつける近道です。,とりも直さずは、言い換えれば、すなわち、つまり、という意味です。
239,vocab1300_p045_006,45,さかのぼる,さかのぼる,過去の事柄に戻ること,この話の始まりは、三年前までさかのぼります。,さかのぼるは、過去の事柄に戻ることです。
240,vocab1300_p046_001,46,露骨,ろこつ,感情や考えをかくさず出すようす,友だちの発表を聞いて、つまらなそうな顔を露骨に出すのはよくありません。,露骨は、感情や考えをかくさずにはっきり出すようすです。
241,vocab1300_p046_002,46,くちびるをかむ,くちびるをかむ,悔しさや怒りをこらえること,あと少しで勝てたのに負けてしまい、青ちゃんはくちびるをかみました。,くちびるをかむは、悔しさや怒りをこらえることです。
242,vocab1300_p046_003,46,悔いる,くいる,あとから残念に思い、後悔すること,言いすぎたことを悔いて、あとで友だちにあやまりました。,悔いるは、あとから残念に思い、後悔することです。
243,vocab1300_p046_004,46,無謀,むぼう,先のことを考えず、無茶をすること,準備をしないで山に登るのは、無謀な計画です。,無謀は、先のことをよく考えず、無茶をすることです。
244,vocab1300_p046_005,46,能率,のうりつ,仕事や作業のはかどりぐあい,机の上を片づけると、勉強の能率が上がりました。,能率は、仕事や作業のはかどりぐあいのことです。
245,vocab1300_p046_006,46,気まま,きまま,自分の好きなようにするようす,休日は予定を決めず、気ままに本を読んだり散歩したりしました。,気ままは、自分の好きなようにするようすです。
246,vocab1300_p047_001,47,すがすがしい,すがすがしい,すっきりさわやかで気持ちがよいようす,朝の公園は空気がきれいで、すがすがしい気持ちになりました。,すがすがしいは、すっきりさわやかで、気持ちがよいようすです。
247,vocab1300_p047_002,47,できあい,できあい,すでに作ってあるもの,今日は時間がなかったので、できあいのおかずを買いました。,できあいは、すでに作ってあるもの、既製品のことです。
248,vocab1300_p047_003,47,苦しまぎれ,くるしまぎれ,困って、その場を逃れようとすること,宿題を忘れて、苦しまぎれに言い訳をしてしまいました。,苦しまぎれは、困ったり苦しくなったりして、その場を逃れようとすることです。
249,vocab1300_p047_004,47,目に入れても痛くない,めにいれてもいたくない,大変かわいがるようす,祖母は小さな妹を、目に入れても痛くないほどかわいがっています。,目に入れても痛くないは、大変かわいがるようすを表します。
250,vocab1300_p047_005,47,手を貸す,てをかす,助けること、手伝うこと,重い荷物を持っていた友だちに、少し手を貸しました。,手を貸すは、助けること、手伝うことです。
251,vocab1300_p047_006,47,やりきれない,やりきれない,たまらないほどつらい、我慢できないようす,一生懸命に作った作品がこわれてしまい、やりきれない気持ちになりました。,やりきれないは、たまらないほどつらい、我慢できないようすです。
252,vocab1300_p048_001,48,不可欠,ふかけつ,なくてはならないこと,ケーキを作るには、卵と小麦粉が不可欠です。,不可欠は、なくてはならないこと、必ず必要なことです。
253,vocab1300_p048_002,48,何気ない,なにげない,はっきりした意図や考えがないようす,何気ない一言でも、相手を元気にすることがあります。,何気ないは、はっきりした意図や考えがないようすです。
254,vocab1300_p048_003,48,釣り合う,つりあう,二つの物事のバランスが取れていること,左右の重さが釣り合うように、荷物を分けました。,釣り合うは、二つの物事のバランスが取れていることです。
255,vocab1300_p048_004,48,大半,たいはん,半分以上であること、大部分,クラスの大半の人が、外で遊ぶことに賛成しました。,大半は、半分以上であること、大部分という意味です。
256,vocab1300_p048_005,48,肩を持つ,かたをもつ,一方をひいきすること,けんかの話を聞くとき、どちらか一方の肩を持つのはよくありません。,肩を持つは、どちらか一方をひいきすることです。
257,vocab1300_p048_006,48,素手,すで,武器や道具などを何も持っていないこと,熱いなべを素手でさわると危ないので、ミトンを使いましょう。,素手は、武器や道具などを何も持っていないことです。
258,vocab1300_p049_001,49,袋のねずみ,ふくろのねずみ,逃げ場を失った状態,出口をふさがれて、逃げる場所がなくなり、まるで袋のねずみでした。,袋のねずみは、逃げ場を失った状態のたとえです。
259,vocab1300_p049_002,49,烏の行水,からすのぎょうずい,お風呂に入る時間がとても短いこと,弟はお風呂に入ってもすぐ出てくるので、烏の行水です。,烏の行水は、お風呂に入る時間がとても短いことのたとえです。
260,vocab1300_p049_003,49,狸寝入り,たぬきねいり,寝たふりをすること,名前を呼ばれているのに、弟は狸寝入りをしていました。,狸寝入りは、寝たふりをすることです。
261,vocab1300_p049_004,49,鶴の一声,つるのひとこえ,力のある人の一言で物事が決まること,なかなか決まらなかった話が、先生の鶴の一声で決まりました。,鶴の一声は、力のある人の一言で物事が決まってしまうたとえです。
262,vocab1300_p049_005,49,馬の耳に念仏,うまのみみにねんぶつ,いくら意見を言っても効き目がないこと,何度注意してもふざけてばかりで、馬の耳に念仏でした。,馬の耳に念仏は、いくら意見を言っても、まったく効き目がないことのたとえです。
263,vocab1300_p049_006,49,雀の涙,すずめのなみだ,わずかしかないこと,おこづかいは残りが雀の涙ほどしかありませんでした。,雀の涙は、わずかしかないことのたとえです。
264,vocab1300_p051_001,51,無難,ぶなん,危険がなく、安心できること,暗い道より、人通りの多い道を選ぶ方が無難です。,無難は、危険がなく、安心できることです。
265,vocab1300_p051_002,51,心身,しんしん,心と体,よく寝ると、心身の疲れが少し取れます。,心身は、心と体のことです。
266,vocab1300_p051_003,51,ものおじ,ものおじ,こわがったり、びくびくしたりすること,青ちゃんはものおじせず、初めて会う子にも話しかけました。,ものおじは、こわがったり、びくびくしたりすることです。
267,vocab1300_p051_004,51,偽る,いつわる,事実や本心を隠して、うそを言うこと,本当は忘れたのに、やったと偽るのはよくありません。,偽るは、事実や本心を隠して、うそを言うことです。
268,vocab1300_p051_005,51,身の丈以上,みのたけいじょう,本来の自分の力や実力をこえていること,身の丈以上の目標でも、少しずつ近づこうと努力しました。,身の丈以上は、本来の自分の力や実力をこえていることです。
269,vocab1300_p051_006,51,理にかなう,りにかなう,筋が通っていて、理屈に合うこと,寒い日に上着を着て出かけるのは、理にかなっています。,理にかなうは、筋が通っていて、理屈に合うことです。
270,vocab1300_p052_001,52,蚊の鳴くような声,かのなくようなこえ,弱々しくて、とても小さい声,発表のとき、緊張して蚊の鳴くような声になってしまいました。,蚊の鳴くような声は、弱々しくて、とても小さい声のことです。
271,vocab1300_p052_002,52,故意,こい,わざとすること,間違えたのではなく、故意に水をこぼしたのなら注意が必要です。,故意は、わざとすることです。
272,vocab1300_p052_003,52,太鼓判を押す,たいこばんをおす,人物や物のよさが確かだと保証すること,先生は、その作文のよさに太鼓判を押しました。,太鼓判を押すは、人物や物のよさが確かだと保証することです。
273,vocab1300_p052_004,52,曲解する,きょっかいする,わざとひねくれて解釈すること,相手の言葉を曲解せず、まずは本当の意味をたしかめましょう。,曲解するは、わざとひねくれて解釈することです。
274,vocab1300_p052_005,52,高飛車,たかびしゃ,相手を見下すように、偉そうな態度をとるようす,勝ったからといって、高飛車な言い方をするのはよくありません。,高飛車は、相手を見下すように、偉そうな態度をとるようすです。
275,vocab1300_p052_006,52,見ず知らず,みずしらず,一度も会ったことがないこと,見ず知らずの人に、急に名前を教えるのはやめましょう。,見ず知らずは、一度も会ったことがないことです。
276,vocab1300_p053_001,53,疑惑,ぎわく,本当かどうか疑うこと,本当に自分で作ったのか、少し疑惑の目で見られました。,疑惑は、本当かどうか疑うことです。
277,vocab1300_p053_002,53,顔がほころぶ,かおがほころぶ,うれしさで笑顔になること,妹はプレゼントをもらって、顔がほころびました。,顔がほころぶは、うれしさで笑顔になることです。
278,vocab1300_p053_003,53,いがみ合い,いがみあい,お互いに敵意を持って争うこと,兄弟でいがみ合いばかりせず、話し合うことにしました。,いがみ合いは、お互いに敵意を持って争うことです。
279,vocab1300_p053_004,53,奥歯にものがはさまったよう,おくばにものがはさまったよう,思っていることをはっきりと言わないようす,友だちは奥歯にものがはさまったような言い方で、はっきり答えませんでした。,奥歯にものがはさまったようは、思っていることをはっきりと言わないようすです。
280,vocab1300_p053_005,53,奥行き,おくゆき,表から奥までの長さや距離,この本棚は奥行きがあるので、大きな本も入ります。,奥行きは、表から奥までの長さや距離のことです。
281,vocab1300_p053_006,53,眉間にしわをよせる,みけんにしわをよせる,考え事や不愉快なことで、顔をしかめること,むずかしい問題を見て、青ちゃんは眉間にしわをよせました。,眉間にしわをよせるは、考え事や不愉快なことで、顔をしかめることです。
282,vocab1300_p054_001,54,怖じ気づく,おじけづく,こわくて、びくびくすること,相手が強そうに見えても、怖じ気づかずに試合に出ました。,怖じ気づくは、こわくて、びくびくすることです。
283,vocab1300_p054_002,54,帳尻を合わせる,ちょうじりをあわせる,最終的に予定通りになるようにすること,予定より遅れた分、最後に急いで帳尻を合わせました。,帳尻を合わせるは、最終的に予定通りになるようにすることです。
284,vocab1300_p054_003,54,手を広げる,てをひろげる,活動の範囲を広げること,母は仕事の手を広げて、新しい教室も始めました。,手を広げるは、仕事や活動の範囲を広げることです。
285,vocab1300_p054_004,54,虫がいい,むしがいい,自分のことばかり考えていて、ずうずうしいこと,自分は手伝わないのに、分け前だけほしがるのは虫がいい話です。,虫がいいは、自分のことばかり考えていて、ずうずうしいことです。
286,vocab1300_p054_005,54,割り切る,わりきる,自分の中で、きっぱりと結論を出すこと,全員に好かれるのはむずかしいと割り切って、自分らしく話しました。,割り切るは、自分の中の原則にそって、きっぱりと結論を出すことです。
287,vocab1300_p054_006,54,気がかり,きがかり,心配で、頭から離れないこと,明日の発表がうまくいくか、ずっと気がかりでした。,気がかりは、心配で、頭から離れないことです。
288,vocab1300_p055_001,55,顔がきく,かおがきく,信用や人脈があって、相手に話を通しやすいこと,その店では父の顔がきくので、店長さんが親切にしてくれました。,顔がきくは、信用や人脈があって、相手に話を通しやすいことです。
289,vocab1300_p055_002,55,板ばさみ,いたばさみ,対立する二人の間で、どちらの味方もできず困ること,二人の友だちがけんかをして、どちらにもつけず板ばさみになりました。,板ばさみは、対立する二人の間で、どちらの味方もできず困ることです。
290,vocab1300_p055_003,55,補足,ほそく,足りない部分を補うこと,先生は、足りない説明をあとから補足しました。,補足は、足りない部分を補うことです。
291,vocab1300_p055_004,55,好意,こうい,誰かを好ましく思い、慕う気持ち,友だちの親切な言葉に、好意を感じました。,好意は、誰かを好ましく思い、慕う気持ちです。
292,vocab1300_p055_005,55,まつわる,まつわる,つながりや関係があること,祖母から、昔のお祭りにまつわる話を聞きました。,まつわるは、つながりや関係があることです。
293,vocab1300_p055_006,55,すげなく,すげなく,冷たくて、思いやりがないようす,一緒に遊ぼうとさそったのに、すげなく断られて悲しくなりました。,すげなくは、冷たくて、思いやりがないようすです。
294,vocab1300_p056_001,56,臨時,りんじ,必要な時だけ行われること,大雨で電車が止まり、臨時のバスが出ました。,臨時は、決まった時ではなく、必要な時だけ行われることです。
295,vocab1300_p056_002,56,ユニーク,ユニーク,独特で、ほかとは違っているようす,その子の絵は色の使い方がユニークで、すぐ目に入りました。,ユニークは、独特で、ほかとは違っているようすです。
296,vocab1300_p056_003,56,でっち上げる,でっちあげる,ない話を作り上げること,友だちのせいにするため、ない話をでっち上げてはいけません。,でっち上げるは、ない話を作り上げることです。
297,vocab1300_p056_004,56,悪事の報い,あくじのむくい,悪いことをした結果が自分に返ってくること,人をだましてばかりいたら、あとで悪事の報いを受けることがあります。,悪事の報いは、悪いことをした結果が、自分に返ってくることです。
298,vocab1300_p056_005,56,おっくう,おっくう,何かをするのが面倒くさいこと,寒い朝は、布団から出るのがおっくうになります。,おっくうは、何かをするのが面倒くさいことです。
299,vocab1300_p056_006,56,重宝,ちょうほう,とても役に立って便利なこと,小さなライトは、暗い場所でとても重宝します。,重宝は、とても役に立って便利なことです。
300,vocab1300_p057_001,57,いなめない,いなめない,否定できないこと,練習不足だったことは、いなめません。,いなめないは、否定できないという意味です。
301,vocab1300_p057_002,57,安易,あんい,深く考えないこと,安易に答えを写すのではなく、自分で考えましょう。,安易は、深く考えないことです。
302,vocab1300_p057_003,57,あらすじ,あらすじ,物語の大まかな内容,本を読んだあと、友だちにあらすじを短く話しました。,あらすじは、物語の大まかな内容です。
303,vocab1300_p057_004,57,みくびる,みくびる,相手の能力や力を軽く見ること,相手が小さいからといって、力をみくびってはいけません。,みくびるは、相手の能力や力を軽く見ることです。
304,vocab1300_p057_005,57,かたくなに,かたくなに,意地っぱりで、頑固に,弟はかたくなに『行かない』と言い続けました。,かたくなには、意地っぱりで、頑固なようすです。
305,vocab1300_p057_006,57,脅迫,きょうはく,脅して何かをさせようとすること,人を脅迫して、無理に言うことを聞かせてはいけません。,脅迫は、脅して何かをさせようとすることです。
306,vocab1300_p058_001,58,後くされ,あとくされ,終わったあとも問題が残ること,きちんと謝ったので、後くされなく話し合いを終えられました。,後くされは、物事が終わったあとも、問題や悪い影響が残ることです。
307,vocab1300_p058_002,58,気まぐれ,きまぐれ,気分次第で何かをすること,弟は気まぐれで、遊びたいものがすぐ変わります。,気まぐれは、気分次第で何かをすることです。
308,vocab1300_p058_003,58,てきめん,てきめん,効果が目に見えてよく分かること,早く寝たら、朝の元気にてきめんの効果がありました。,てきめんは、効果が目に見えてよく分かることです。
309,vocab1300_p058_004,58,先決,せんけつ,先に決めるべきこと,遊ぶ前に、宿題を終わらせることが先決です。,先決は、先に決めるべきことです。
310,vocab1300_p058_005,58,ふれこみ,ふれこみ,事前に宣伝したり知らせたりすること,その店は『大きなケーキが人気』というふれこみでした。,ふれこみは、事前に宣伝したり、周りに知らせたりすることです。
311,vocab1300_p058_006,58,うろ覚え,うろおぼえ,しっかりと覚えていないこと,歌の歌詞をうろ覚えだったので、途中で止まってしまいました。,うろ覚えは、しっかりと覚えていないことです。
312,vocab1300_p059_001,59,自滅,じめつ,自分自身の失敗でだめになること,ふざけすぎて注意を聞かなかったため、試合で自滅してしまいました。,自滅は、自分自身の失敗でだめになることです。
313,vocab1300_p059_002,59,お膳立て,おぜんだて,すぐ取りかかれるように用意しておくこと,母がお膳立てをしてくれたので、すぐ工作を始められました。,お膳立ては、すぐに取りかかれるように用意しておくことです。
314,vocab1300_p059_003,59,耳をそろえて,みみをそろえて,借りたお金などを全額きちんと用意して,借りていたお金を、耳をそろえて返しました。,耳をそろえては、借りたお金などを全額きちんと用意することです。
315,vocab1300_p059_004,59,高をくくる,たかをくくる,大体この程度だろうと軽く見ること,簡単だと高をくくっていたら、テストで時間が足りませんでした。,高をくくるは、大体この程度だろうと軽く見ることです。
316,vocab1300_p059_005,59,貫禄,かんろく,堂々として立派な雰囲気,校長先生は落ち着いていて、貫禄があります。,貫禄は、態度や雰囲気が立派で、堂々としているようすです。
317,vocab1300_p059_006,59,群がる,むらがる,たくさんの人や物が一か所に集まること,人気のパン屋さんの前に、人が群がっていました。,群がるは、たくさんの人や物が一か所に集まることです。
318,vocab1300_p060_001,60,もってこい,もってこい,ちょうどよく、ぴったりのようす,この広い公園は、走り回って遊ぶのにもってこいです。,もってこいは、ちょうどよく、ぴったりのようすです。
319,vocab1300_p060_002,60,年始,ねんし,年の初め,年始には、家族で神社へ行きました。,年始は、年の初めのことです。
320,vocab1300_p060_003,60,ことに,ことに,特に、とりわけ,今日はことに寒いので、手ぶくろを持って行きましょう。,ことには、特に、とりわけ、という意味です。
321,vocab1300_p060_004,60,ちなんで,ちなんで,何かに関連づけて,学校の創立記念日にちなんで、昔の写真を見ました。,ちなんでは、何かに関連づけて、という意味です。
322,vocab1300_p060_005,60,ぎこちない,ぎこちない,慣れていなくて、滑らかでないようす,初めての英語の発表で、少しぎこちない話し方になりました。,ぎこちないは、慣れていなくて、動きや話し方が滑らかでないようすです。
323,vocab1300_p060_006,60,一線を画する,いっせんをかくする,はっきりと区別できること,その作品は工夫が多く、ほかの作品とは一線を画していました。,一線を画するは、はっきりと区別できること、明らかに違いがあることです。
324,vocab1300_p061_001,61,うなぎの寝床,うなぎのねどこ,細長い家や部屋のこと,その古い店は、入口はせまいけれど奥が長く、うなぎの寝床のようでした。,うなぎの寝床は、細長い家や部屋のことです。
325,vocab1300_p061_002,61,えびで鯛を釣る,えびでたいをつる,少しの元手で大きな利益を得ること,小さなお礼をしただけなのに大きなお返しをもらい、えびで鯛を釣るようでした。,えびで鯛を釣るは、少しの元手や努力で、とても大きな利益を得ることです。
326,vocab1300_p061_003,61,柳の下のどじょう,やなぎのしたのどじょう,同じ方法でまた同じ幸運を得ようとすること,一度当たったからといって、また同じ方法で当たるとは限りません。柳の下のどじょうですね。,柳の下のどじょうは、前と同じ方法で、また同じ幸運を得ようとすることです。
327,vocab1300_p061_004,61,逃げた魚は大きい,にげたさかなはおおきい,手に入れそこねたものほど、よく見えること,買わなかったおもちゃが、あとからとてもよく見えてきました。逃げた魚は大きいですね。,逃げた魚は大きいは、手に入れそこねたものほど価値があるように感じることです。
328,vocab1300_p061_005,61,腐っても鯛,くさってもたい,落ちぶれても、もとの価値や品が残ること,古い道具ですが、もとはよい品なので、今でもしっかり使えます。腐っても鯛ですね。,腐っても鯛は、落ちぶれても、もとの価値や品が残っているという意味です。
329,vocab1300_p061_006,61,まな板の鯉,まないたのこい,どうにもできず、相手に任せるしかない状態,検査の結果を待つしかなく、私はまな板の鯉のような気持ちでした。,まな板の鯉は、どうにもできず、相手に任せるしかない状態です。
330,vocab1300_p063_001,63,五十歩百歩,ごじっぽひゃっぽ,少し違っても、大きな差はないこと,二人の点数は少し違いますが、どちらも同じくらいです。五十歩百歩ですね。,五十歩百歩は、少しの違いはあっても、大きな差はないという意味です。
331,vocab1300_p063_002,63,よそよそしい,よそよそしい,他人行儀で、打ち解けていないようす,転校したばかりで、友だちは少しよそよそしい態度でした。,よそよそしいは、他人行儀で、打ち解けていないようすです。
332,vocab1300_p063_003,63,装う,よそおう,違うように見せかけること,青ちゃんは、劇でお姫様を装って舞台に立ちました。,装うは、本当とは違うように見せかけることです。
333,vocab1300_p063_004,63,念じる,ねんじる,強く願うこと,試合の前に、みんなで勝てますようにと念じました。,念じるは、心の中で強く願うことです。
334,vocab1300_p063_005,63,あどけない,あどけない,素直でかわいらしいようす,小さな子のあどけない笑顔を見て、みんながなごみました。,あどけないは、素直でかわいらしいようすです。
335,vocab1300_p063_006,63,先端,せんたん,とがっている先の部分,えんぴつの先端がとがっているので、気をつけて持ちました。,先端は、とがっている先の部分です。
336,vocab1300_p064_001,64,ひときわ,ひときわ,他よりもいっそう目立って,発表会で、その子の歌声はひときわ目立っていました。,ひときわは、他よりもいっそう目立っているようすです。
337,vocab1300_p064_002,64,とりとめのない,とりとめのない,要点やまとまりがないようす,とりとめのない話が続き、何を言いたいのか分かりませんでした。,とりとめのないは、話などに要点やまとまりがないようすです。
338,vocab1300_p064_003,64,警告,けいこく,悪いことが起こらないように気をつけるよう言うこと,先生は、走ると危ない場所でみんなに警告しました。,警告は、悪いことが起こらないように気をつけるよう言うことです。
339,vocab1300_p064_004,64,あらさがし,あらさがし,悪いところばかり見つけようとすること,友だちのあらさがしばかりせず、よいところも見つけたいです。,あらさがしは、悪いところばかり見つけようとすることです。
340,vocab1300_p064_005,64,尻上がり,しりあがり,後になればなるほど良くなっていくこと,試合の後半になるほど、チームの調子は尻上がりに良くなりました。,尻上がりは、後になればなるほど良くなっていくことです。
341,vocab1300_p064_006,64,素質,そしつ,生まれながらに備わっている性質や力,青ちゃんには、物語を作る素質があるかもしれません。,素質は、生まれながらに備わっている性質や力です。
342,vocab1300_p065_001,65,妥協する,だきょうする,お互いにゆずり合って解決すること,話し合いでお互いに少しずつゆずり、妥協することにしました。,妥協するは、お互いにゆずり合って解決することです。
343,vocab1300_p065_002,65,スペース,スペース,空間、空いている場所,机を置くには、もう少し広いスペースが必要です。,スペースは、空間や空いている場所のことです。
344,vocab1300_p065_003,65,腹を決める,はらをきめる,決断すること,むずかしい発表だけれど、やると腹を決めました。,腹を決めるは、決断することです。
345,vocab1300_p065_004,65,あたり障りのない,あたりさわりのない,差し障りがなく、周囲に悪い影響を与えないこと,けんかにならないよう、あたり障りのない言い方を選びました。,あたり障りのないは、差し障りがなく、周囲に悪い影響を与えないことです。
346,vocab1300_p065_005,65,格段,かくだん,差や程度がとても大きいこと,毎日練習したので、ピアノの音が格段にきれいになりました。,格段は、差や程度がとても大きいことです。けた違い、とも言えます。
347,vocab1300_p065_006,65,好転,こうてん,事態が良い方向に変わること,薬を飲んで休んだら、体の具合が好転しました。,好転は、事態が良い方向に変わることです。
348,vocab1300_p066_001,66,ひんしゅく,ひんしゅく,反感を買ったり軽蔑されたりすること,人が話しているのに大声で笑って、まわりのひんしゅくを買いました。,ひんしゅくは、自分の言動のせいで、反感を買ったり軽蔑されたりすることです。
349,vocab1300_p066_002,66,明け渡す,あけわたす,自分の土地や家などを、ほかの人に渡すこと,工事のため、古い家を明け渡すことになりました。,明け渡すは、自分の土地や家などを、ほかの人に渡すことです。
350,vocab1300_p066_003,66,うりふたつ,うりふたつ,そっくりであること,姉妹の顔がうりふたつで、初めて会った人はよく間違えます。,うりふたつは、そっくりであることです。
351,vocab1300_p066_004,66,おざなり,おざなり,その場かぎりの、いい加減なことをするようす,おざなりな返事ではなく、相手の話をきちんと聞きたいです。,おざなりは、その場かぎりの、いい加減なことをするようすです。
352,vocab1300_p066_005,66,飢餓,きが,食べ物がなくて、飢えること,世界には、飢餓で苦しむ人たちがいます。,飢餓は、食べ物がなくて、飢えることです。
353,vocab1300_p066_006,66,尻込み,しりごみ,こわがったりためらったりして、前に進めないこと,高い台の上に立つのがこわくて、少し尻込みしました。,尻込みは、こわがったりためらったりして、前に進めないことです。
354,vocab1300_p067_001,67,目の敵,めのかたき,誰かを敵視して、にくらしく思うこと,弟は、いつも自分をからかう相手を目の敵にしていました。,目の敵は、誰かを敵視して、にくらしく思うことです。
355,vocab1300_p067_002,67,手軽,てがる,手間がかからず簡単なこと,この料理は、電子レンジで作れるので手軽です。,手軽は、手間がかからず簡単なことです。
356,vocab1300_p067_003,67,雲をつかむよう,くもをつかむよう,とらえどころがなく、はっきりしないようす,『すごいものを作る』だけでは、雲をつかむような話です。,雲をつかむようは、とらえどころがなく、内容がはっきりしないようすです。
357,vocab1300_p067_004,67,似たり寄ったり,にたりよったり,どれも同じようで、あまり違いがないこと,二つのかばんは、色も形も似たり寄ったりでした。,似たり寄ったりは、どれも同じようで、あまり違いがないことです。
358,vocab1300_p067_005,67,首をひねる,くびをひねる,納得できずに考え込んだり、疑わしく思ったりすること,友だちの説明を聞いても分からず、先生は首をひねりました。,首をひねるは、納得できずに考え込んだり、疑わしく思ったりすることです。
359,vocab1300_p067_006,67,何しろ,なにしろ,何と言っても、とにかく,何しろ初めてなので、少し時間がかかりました。,何しろは、何と言っても、とにかく、という意味です。
360,vocab1300_p068_001,68,猫かわいがり,ねこかわいがり,非常にかわいがって甘やかすこと,祖父は小さな犬を猫かわいがりして、何でもしてあげます。,猫かわいがりは、非常にかわいがって甘やかすことです。
361,vocab1300_p068_002,68,あざける,あざける,ばかにして悪口を言ったりすること,失敗した友だちをあざけるのではなく、助けたいです。,あざけるは、ばかにして悪口を言ったりすることです。
362,vocab1300_p068_003,68,ひもじい,ひもじい,ひどくお腹がすいているようす,朝ごはんを食べなかったので、昼前にはひもじくなりました。,ひもじいは、ひどくお腹がすいているようすです。
363,vocab1300_p068_004,68,ないがしろ,ないがしろ,人や物をいい加減に扱うこと,約束をないがしろにすると、相手を悲しませてしまいます。,ないがしろは、人や物をいい加減に扱うことです。
364,vocab1300_p068_005,68,特色,とくしょく,ほかと比べて、特に良いところや目立つところ,この学校の特色は、外で遊ぶ時間が長いことです。,特色は、ほかと比べて、特に良いところや目立っているところです。
365,vocab1300_p068_006,68,打ち込む,うちこむ,没頭して、一所懸命に何かをすること,青ちゃんは、ピアノの練習に打ち込んでいます。,打ち込むは、没頭すること、一所懸命に何かをすることです。
366,vocab1300_p069_001,69,強いる,しいる,無理にさせること,友だちに、いやな係を無理に強いるのはよくありません。,強いるは、無理にさせることです。
367,vocab1300_p069_002,69,生々しい,なまなましい,目に見えるようにリアルなようす,祖父は、昔の地震の話を生々しく話してくれました。,生々しいは、目に見えるようにリアルなようすです。
368,vocab1300_p069_003,69,なじる,なじる,良くない点や不満な点を責めること,失敗した友だちをなじるより、次の方法を考えたいです。,なじるは、良くない点や不満な点を責めることです。
369,vocab1300_p069_004,69,無礼,ぶれい,礼儀をわきまえていないこと,あいさつをしないのは、少し無礼な態度です。,無礼は、礼儀をわきまえていないことです。
370,vocab1300_p069_005,69,紙一重,かみひとえ,違いがわずかであること,一位と二位の差は紙一重でした。,紙一重は、違いがわずかであることです。
371,vocab1300_p069_006,69,手はない,てはない,そうするべきだ、しないのはもったいないということ,せっかく近くに図書館があるなら、使わない手はありません。,手はないは、そうするべきだ、そうしないのはもったいない、という意味です。
372,vocab1300_p070_001,70,おべっか,おべっか,相手に気に入られるように、調子のよいことを言うこと,おべっかばかり言うより、本当によいと思ったことを伝えたいです。,おべっかは、相手に気に入られるように、調子のよいことを言うことです。
373,vocab1300_p070_002,70,肩の荷が下りる,かたのにがおりる,大きな仕事や負担から解放されて、気持ちが楽になること,発表が終わって、やっと肩の荷が下りました。,肩の荷が下りるは、大きな仕事や負担から解放されて、気持ちが楽になることです。
374,vocab1300_p070_003,70,観衆,かんしゅう,大勢の見物客,試合でよいプレーをすると、観衆から大きな拍手が起きました。,観衆は、大勢の見物客のことです。
375,vocab1300_p070_004,70,ひるむ,ひるむ,強い相手やこわいことに気おくれすること,相手が強そうでも、ひるまずに試合を始めました。,ひるむは、強い相手やこわいことに気おくれして、思い切りが悪くなることです。
376,vocab1300_p070_005,70,尻目に,しりめに,気づいているが、無視すること,片づける友だちを尻目に、弟は先に遊びに行ってしまいました。,尻目には、気づいているが、無視することです。
377,vocab1300_p070_006,70,現状,げんじょう,現在の状態や有り様,先生は、クラスの現状を見て席替えを考えました。,現状は、現在の状態や有り様のことです。
378,vocab1300_p071_001,71,互い違い,たがいちがい,交互に並ぶこと,赤と白のカードを互い違いに並べました。,互い違いは、二つのものが交互に並ぶことです。
379,vocab1300_p071_002,71,貢献,こうけん,社会や人のために役立つこと,ごみ拾いをして、町の美化に貢献しました。,貢献は、社会や人のために役立つことです。
380,vocab1300_p071_003,71,おくびにも出さない,おくびにもださない,口に出さず、知っている素振りを見せないこと,結果を知っていたのに、兄はおくびにも出しませんでした。,おくびにも出さないは、口に出さず、知っている素振りを見せないことです。
381,vocab1300_p071_004,71,茶化す,ちゃかす,真剣な話を冗談めかして、はぐらかすこと,まじめに相談しているのに、友だちは話を茶化しました。,茶化すは、真剣な話を冗談めかして、はぐらかすことです。
382,vocab1300_p071_005,71,見かけ倒し,みかけだおし,外側ばかりよく見えて、中身が伴わないこと,見た目は立派でもすぐ壊れるなら、見かけ倒しです。,見かけ倒しは、外側ばかりよく見えて、中身が伴わないことです。
383,vocab1300_p071_006,71,陥れる,おとしいれる,だまして、苦しい立場に追いやること,うそをついて友だちを陥れるようなことはしてはいけません。,陥れるは、だまして、苦しい立場に追いやることです。
384,vocab1300_p072_001,72,言いよどむ,いいよどむ,ためらって、なかなか言い出せないこと,本当のことを言いにくくて、少し言いよどみました。,言いよどむは、ためらって、言いたいことがなかなか言い出せないことです。
385,vocab1300_p072_002,72,とりわけ,とりわけ,特に,果物はどれも好きですが、とりわけいちごが好きです。,とりわけは、特に、という意味です。
386,vocab1300_p072_003,72,ひっきりなし,ひっきりなし,切れ目なく続くこと,人気の店には、ひっきりなしにお客さんが来ました。,ひっきりなしは、とだえることなく、切れ目なく続くことです。
387,vocab1300_p072_004,72,ぎくしゃく,ぎくしゃく,人間関係などがうまくいっていないようす,けんかのあと、友だちとの会話がぎくしゃくしました。,ぎくしゃくは、人間関係などがうまくいっていないようすです。
388,vocab1300_p072_005,72,頻繁,ひんぱん,ひっきりなしに、何度も行われること,最近、学校から頻繁にお知らせが届きます。,頻繁は、ひっきりなしに、何度も行われることです。
389,vocab1300_p072_006,72,支持,しじ,他の人の意見をよいと認めて後押しすること,わたしは、友だちの考えを支持しました。,支持は、他の人の意見をよいと認めて後押しすることです。
390,vocab1300_p073_001,73,大事,だいじ,だいじ,これは、おばあちゃんからもらった大事な本です。,大切に扱うという意味の大事は、だいじ と読みます。
391,vocab1300_p073_002,73,大事,おおごと,おおごと,早く手当てできたので、大事にならずにすみました。,大変な出来事という意味の大事は、おおごと と読みます。
392,vocab1300_p073_003,73,人気,にんき,にんき,その遊びはクラスで人気があります。,評判や受けがよいという意味の人気は、にんき と読みます。
393,vocab1300_p073_004,73,人気,ひとけ,ひとけ,夜の公園は人気がなくて、少しこわく感じました。,人がいる気配という意味の人気は、ひとけ と読みます。
394,vocab1300_p073_005,73,上手,うわて,うわて,将棋では、兄の方が一枚上手です。,相手より勝っているという意味の上手は、うわて と読みます。
395,vocab1300_p073_006,73,上手,じょうず,じょうず,妹は絵をかくのが上手です。,手際がよく、やり方が巧みという意味の上手は、じょうず と読みます。
396,vocab1300_p075_001,75,いやが上にも,いやがうえにも,なお、ますます、いっそう,前にほめられたので、いやが上にもやる気が高まりました。,いやが上にもは、なお、ますます、いっそう、という意味です。
397,vocab1300_p075_002,75,がてら,がてら,何かをするついでに,散歩がてら、近くの公園に行きました。,がてらは、何かをするついでに、という意味です。
398,vocab1300_p075_003,75,潔白,けっぱく,何も悪いことをしていないこと,自分は何もしていないので、潔白を証明したいと思いました。,潔白は、何も悪いことをしていないことです。
399,vocab1300_p075_004,75,耳が早い,みみがはやい,うわさなどを人よりも早く聞きつけること,姉は耳が早く、新しい店の話をすぐ知っていました。,耳が早いは、うわさなどを人よりも早く聞きつけることです。
400,vocab1300_p075_005,75,折半,せっぱん,半分に分けること,材料費を二人で折半することにしました。,折半は、半分に分けることです。
401,vocab1300_p075_006,75,しおらしい,しおらしい,控えめでおとなしいようす,先生の前では、弟は少ししおらしい態度でした。,しおらしいは、控えめでおとなしいようすです。
402,vocab1300_p076_001,76,キャンセルする,キャンセルする,予約・約束・予定を取り消すこと,体調が悪くなったので、ピアノの予約をキャンセルしました。,キャンセルするは、予約・約束・予定を取り消すことです。
403,vocab1300_p076_002,76,のさばる,のさばる,我が物顔で勢いを増すこと,注意する人がいないと、いじわるな子がのさばってしまいます。,のさばるは、我が物顔で勢いを増すことです。
404,vocab1300_p076_003,76,肝に銘じる,きもにめいじる,忘れないように、心に留めておくこと,失敗から学んだことを、肝に銘じておきます。,肝に銘じるは、忘れないように、心に留めておくことです。
405,vocab1300_p076_004,76,聞こえよがし,きこえよがし,悪口などを直接本人に言わず、わざと聞こえるように言うこと,本人に言わず、聞こえよがしに文句を言うのはよくありません。,聞こえよがしは、悪口などを直接本人に言わず、わざと聞こえるように言うことです。
406,vocab1300_p076_005,76,あざむく,あざむく,うそをついてだますこと,人をあざむいて得をしようとするのは、してはいけないことです。,あざむくは、巧妙にうそをついてだますことです。
407,vocab1300_p076_006,76,短縮,たんしゅく,時間や距離を縮めること,駅までの道を変えたら、時間を短縮できました。,短縮は、時間や距離を縮めること、短くすることです。
408,vocab1300_p077_001,77,会釈,えしゃく,軽く頭を下げたりしてあいさつをすること,近所の人に会ったので、軽く会釈をしました。,会釈は、軽く頭を下げたりしてあいさつをすることです。
409,vocab1300_p077_002,77,画期的,かっきてき,新しい時代を感じさせるほど目覚ましい様子,その道具は、だれでも簡単に使える画期的な発明でした。,画期的は、新しい時代の到来を感じさせるように目覚ましい様子です。
410,vocab1300_p077_003,77,交渉,こうしょう,ある目的のために、当事者同士が話し合うこと,遊ぶ時間を少し増やせないか、母と交渉しました。,交渉は、ある目的のために、当事者同士が話し合うことです。
411,vocab1300_p077_004,77,おろそか,おろそか,いい加減に何かをする様子,テレビに夢中で、宿題がおろそかになりました。,おろそかは、いい加減に何かをする様子です。
412,vocab1300_p077_005,77,舌打ち,したうち,いらいらしたときに、舌を鳴らすこと,思い通りにいかなくても、舌打ちをするのはよくありません。,舌打ちは、いらいらしたときに、舌を鳴らすことです。
413,vocab1300_p077_006,77,鼻につく,はなにつく,うっとうしくて嫌に感じられること,妹の自慢話ばかり聞いていると、だんだん鼻についてきました。,鼻につくは、うっとうしくて嫌に感じられること、あきあきすることです。
414,vocab1300_p078_001,78,あっけにとられる,あっけにとられる,驚いて、思わず言葉を失うこと,手品が成功した瞬間、みんなはあっけにとられました。,あっけにとられるは、驚いて、思わず言葉を失うことです。
415,vocab1300_p078_002,78,おびただしい,おびただしい,数や量が非常に多いこと,海辺には、おびただしい数の小さな貝が落ちていました。,おびただしいは、数や量が非常に多いことです。
416,vocab1300_p078_003,78,身じろぎもしない,みじろぎもしない,体を少しも動かさず、じっとしていること,猫は物音を聞いて、身じろぎもしないで外を見ていました。,身じろぎもしないは、体を少しも動かさず、じっとしていることです。
417,vocab1300_p078_004,78,見返す,みかえす,自分を見下した相手に、以前より優れた自分を見せること,できないと言った人を見返すために、毎日練習しました。,見返すは、自分を見下した相手に、以前より優れた自分を見せることです。
418,vocab1300_p078_005,78,屁理屈,へりくつ,筋の通らない理屈,やらない理由を並べても、ただの屁理屈に聞こえました。,屁理屈は、筋の通らない理屈です。
419,vocab1300_p078_006,78,偉人,いじん,すばらしい仕事を成し遂げた人,この本には、国をよくした偉人の話がのっています。,偉人は、すばらしい仕事を成し遂げた人です。
420,vocab1300_p079_001,79,遠回し,とおまわし,それとなく相手に伝わるように言うこと,母は『そろそろ片づけたら』と遠回しに注意しました。,遠回しは、それとなく相手に伝わるように言うことです。
421,vocab1300_p079_002,79,敬意,けいい,尊敬する気持ち,お世話になった先生に、敬意をこめて手紙を書きました。,敬意は、尊敬する気持ちです。
422,vocab1300_p079_003,79,人騒がせ,ひとさわがせ,たいしたことではないのに、必要以上に大騒ぎすること,なくしたと思った本が机にあり、人騒がせな話でした。,人騒がせは、たいしたことではないのに、必要以上に大騒ぎすることです。
423,vocab1300_p079_004,79,選択,せんたく,たくさんの中から、自分の判断で何かを選ぶこと,たくさんの本の中から、読みたい一冊を選択しました。,選択は、たくさんの中から、自分の判断で何かを選ぶことです。
424,vocab1300_p079_005,79,水を打ったように,みずをうったように,たくさんの人たちが、しんと静まり返っている様子,先生が話し始めると、教室は水を打ったように静かになりました。,水を打ったようには、たくさんの人たちが、しんと静まり返っている様子です。
425,vocab1300_p079_006,79,互角,ごかく,力に差がないこと,二人の勝負は互角で、どちらが勝つか分かりませんでした。,互角は、力に差がないことです。
426,vocab1300_p080_001,80,生業,なりわい,生活をしていくための仕事,祖父は、野菜を作ることを生業にしてきました。,生業は、生活をしていくための仕事です。
427,vocab1300_p080_002,80,いざこざ,いざこざ,トラブル,二人の間でいざこざが起きたので、先生が話を聞きました。,いざこざは、トラブルのことです。
428,vocab1300_p080_003,80,糸口,いとぐち,何かを解決するときの手がかり,話し合いの中で、問題解決の糸口が見つかりました。,糸口は、何かを解決するときの手がかりです。
429,vocab1300_p080_004,80,丸く収まる,まるくおさまる,何の問題もなく、一件落着すること,みんなが少しずつゆずったので、けんかは丸く収まりました。,丸く収まるは、何の問題もなく、一件落着することです。
430,vocab1300_p080_005,80,野放し,のばなし,ほったらかしにすること,危ない遊びを野放しにすると、大けがにつながることがあります。,野放しは、ほったらかしにすることです。
431,vocab1300_p080_006,80,翻訳する,ほんやくする,他の言語に言い換えること,英語の手紙を日本語に翻訳しました。,翻訳するは、他の言語に言い換えることです。
432,vocab1300_p081_001,81,現に,げんに,本当に、実際に,現に、昨日も同じ場所でその犬を見ました。,現には、本当に、実際に、という意味です。
433,vocab1300_p081_002,81,あたかも,あたかも,まるで、ちょうど,弟は、あたかも全部知っているかのように話しました。,あたかもは、まるで、ちょうど、という意味です。
434,vocab1300_p081_003,81,向こう見ず,むこうみず,後のことを考えず、無鉄砲に行動すること,準備をしないで山へ行くなんて、向こう見ずな計画です。,向こう見ずは、後のことを考えず、無鉄砲に行動することです。
435,vocab1300_p081_004,81,展開,てんかい,物語や映画などの進み方,その本は、最後まで展開が面白くて一気に読みました。,展開は、物語や映画などの進み方のことです。
436,vocab1300_p081_005,81,メリット,メリット,良いところ、利点,早起きには、朝の時間をゆっくり使えるメリットがあります。,メリットは、利点、良いところ、長所という意味です。
437,vocab1300_p081_006,81,足を洗う,あしをあらう,悪い仲間や生活をやめて改めること,兄は悪い遊びから足を洗い、まじめに学校へ通うようになりました。,足を洗うは、悪い仲間と付き合うのをやめて、生活を改めることです。
438,vocab1300_p082_001,82,旨,むね,物事の意味や内容,明日は休みになる旨を、先生がみんなに伝えました。,旨は、物事の意味や内容のことです。
439,vocab1300_p082_002,82,異性,いせい,男の子から見た女の子、女の子から見た男の子,異性の友だちとも、楽しく話せるようになりました。,異性は、男の子から見た女の子、女の子から見た男の子のことです。
440,vocab1300_p082_003,82,期せずして,きせずして,思いがけず、偶然,期せずして、駅で昔の友だちに会いました。,期せずしては、思いがけず、偶然という意味です。
441,vocab1300_p082_004,82,悲劇,ひげき,悲しく、痛々しい出来事,大雨で大切な写真がぬれてしまい、家族にとって悲劇でした。,悲劇は、悲しく、痛々しい出来事のことです。
442,vocab1300_p082_005,82,愛きょう,あいきょう,かわいらしいこと,その子の笑顔には、愛きょうがあります。,愛きょうは、かわいらしいことです。
443,vocab1300_p082_006,82,ぐうの音も出ない,ぐうのねもでない,完全に言い負かされて、一言も言い返せないこと,正しい理由を言われて、弟はぐうの音も出ませんでした。,ぐうの音も出ないは、完全に言い負かされて、一言も言い返せないことです。
444,vocab1300_p083_001,83,ふんばる,ふんばる,がんばること,最後まであきらめず、ふんばりました。,ふんばるは、がんばることです。
445,vocab1300_p083_002,83,気が気でない,きがきでない,気になってしかたがないこと,妹が帰ってこないので、母は気が気でありませんでした。,気が気でないは、気になってしかたがないことです。
446,vocab1300_p083_003,83,恥も外聞もない,はじもがいぶんもない,恥ずかしがらず、人目も気にしないこと,人前で大声でわがままを言うなんて、恥も外聞もない態度です。,恥も外聞もないは、恥ずかしがらず、人目も気にしないことです。
447,vocab1300_p083_004,83,悔しまぎれ,くやしまぎれ,悔しさのあまり、行きすぎた行動をすること,負けた悔しまぎれに、ボールを強くけってしまいました。,悔しまぎれは、悔しさのあまり、行きすぎた行動におよぶことです。
448,vocab1300_p083_005,83,要望,ようぼう,こうしてほしいと強く望むこと,クラスのみんなの要望を聞いて、係を決めました。,要望は、こうしてほしいと強く望むことです。
449,vocab1300_p083_006,83,分担,ぶんたん,仕事や役割をいくつかに分けて行うこと,掃除の仕事を三人で分担しました。,分担は、仕事や役割をいくつかに分けて行うことです。
450,vocab1300_p084_001,84,ひとしきり,ひとしきり,しばらくの間、盛んなようす,ひとしきり雨が降ったあと、空が明るくなりました。,ひとしきりは、しばらくの間、盛んなようすです。
451,vocab1300_p084_002,84,バロメーター,バロメーター,状態や程度を知るための目安になるもの,朝の元気さは、体調のバロメーターになります。,バロメーターは、状態や程度を知るための目安になるものです。
452,vocab1300_p084_003,84,知ったか振り,しったかぶり,知らないことを、知っているように見せかけること,知らないことを知ったか振りせず、先生に聞きました。,知ったか振りは、知らないことを、知っているように見せかけることです。
453,vocab1300_p084_004,84,図星,ずぼし,想像していた通りであること,『宿題を忘れたでしょう』と言われ、図星で何も言えませんでした。,図星は、想像していた通りであることです。
454,vocab1300_p084_005,84,いきおい,いきおい,その場のなりゆきで,みんなが手を上げたので、いきおい自分も手を上げました。,いきおいは、その場のなりゆきで、という意味です。
455,vocab1300_p084_006,84,中旬,ちゅうじゅん,その月の十一日から二十日までの十日間,七月の中旬に、学校で面談があります。,中旬は、その月の十一日から二十日までの十日間です。
456,vocab1300_p085_001,85,生物,なまもの,なまもの,暑い日は、生物を早めに冷蔵庫へ入れましょう。,火を通していない食べ物という意味の生物は、なまもの と読みます。
457,vocab1300_p085_002,85,生物,せいぶつ,せいぶつ,海にはたくさんの生物がすんでいます。,生命を持つものという意味の生物は、せいぶつ と読みます。
458,vocab1300_p085_003,85,人事,じんじ,じんじ,会社の人事について、父が話していました。,会社などで人の地位や仕事を決めることに関する人事は、じんじ と読みます。
459,vocab1300_p085_004,85,人事,ひとごと,ひとごと,友だちの失敗を人事だと思わず、自分も気をつけます。,自分には関係のないことという意味の人事は、ひとごと と読みます。
460,vocab1300_p085_005,85,見物,けんぶつ,けんぶつ,京都の古い町を見物しました。,観光地などを見て楽しむという意味の見物は、けんぶつ と読みます。
461,vocab1300_p085_006,85,見物,みもの,みもの,最後のダンスは、なかなかの見物でした。,見るだけの価値があるものという意味の見物は、みもの と読みます。
462,vocab1300_p087_001,87,虐げる,しいたげる,ひどい扱いをして苦しめること,弱い人を虐げるようなことは、絶対にしてはいけません。,虐げるは、ひどい扱いをして苦しめることです。
463,vocab1300_p087_002,87,徹する,てっする,一つのことを最後までやり通すこと,今日は聞き役に徹して、友だちの話を最後まで聞きました。,徹するは、一つのことを最後までやり通すことです。
464,vocab1300_p087_003,87,顔色をうかがう,かおいろをうかがう,表情を見ながら、相手の機嫌をうかがうこと,弟は母の顔色をうかがいながら、お願いをしました。,顔色をうかがうは、表情を見ながら、相手の機嫌をうかがうことです。
465,vocab1300_p087_004,87,なすすべもなく,なすすべもなく,方法や手段がなく、どうにもできずに,強い雨で外に出られず、なすすべもなく待っていました。,なすすべもなくは、方法や手段がなく、どうにもできずに、という意味です。
466,vocab1300_p087_005,87,劣る,おとる,周りよりも、質や出来が良くないこと,去年より体力が劣らないように、毎日歩いています。,劣るは、周りよりも、質や出来が良くないことです。
467,vocab1300_p087_006,87,粗末,そまつ,みすぼらしいこと、扱いが悪いこと,道具を粗末にせず、大切に使いましょう。,粗末は、みすぼらしいことや、扱いが悪いことです。
468,vocab1300_p088_001,88,あさましい,あさましい,みっともない、卑しいこと,自分だけ多くもらおうとするのは、あさましい態度です。,あさましいは、みっともない、卑しいという意味です。
469,vocab1300_p088_002,88,切ない,せつない,胸が痛んで、苦しいこと,引っこしで友だちと別れるのは、切ない気持ちになります。,切ないは、胸が痛んで、苦しいことです。
470,vocab1300_p088_003,88,判定,はんてい,物事を判断して、決めること,先生が、どちらの答えが正しいか判定しました。,判定は、物事を判断して、決めることです。
471,vocab1300_p088_004,88,根拠,こんきょ,れっきとした理由,根拠のないうわさを信じるのはやめましょう。,根拠は、れっきとした理由のことです。
472,vocab1300_p088_005,88,批判,ひはん,悪いところを指摘し、責めること,作品を批判するときも、よいところと直すところを分けて話したいです。,批判は、悪いところを指摘し、責めることです。
473,vocab1300_p088_006,88,腕ずく,うでずく,腕力で強引に解決すること,腕ずくで物を取り上げるのではなく、話し合いましょう。,腕ずくは、腕力で強引に解決することです。
474,vocab1300_p089_001,89,助言,じょげん,アドバイス,友だちの助言で、発表の内容を直しました。,助言は、アドバイスのことです。
475,vocab1300_p089_002,89,さとす,さとす,大事なことを言い聞かせること,父は、うそをついてはいけないと弟をさとしました。,さとすは、大事なことを言い聞かせることです。
476,vocab1300_p089_003,89,食あたり,しょくあたり,傷んだ物を食べて、お腹をこわすこと,古いおかずを食べて、食あたりになりました。,食あたりは、傷んだ物を食べて、お腹をこわすことです。
477,vocab1300_p089_004,89,よみがえる,よみがえる,一度衰えたものが、再び元気になること,水をあげたら、しおれた花が少しよみがえりました。,よみがえるは、一度衰えたものが、再び元気になることです。
478,vocab1300_p089_005,89,うそぶく,うそぶく,大きなことを言うこと、ほらを吹くこと,弟は『次は絶対一位になる』とうそぶきました。,うそぶくは、大きなことを言うこと、ほらを吹くことです。
479,vocab1300_p089_006,89,たぐい,たぐい,同じようなもの、似たような種類や仲間,このたぐいの問題は、図にすると分かりやすいです。,たぐいは、同じようなもの、似たような種類や仲間のことです。
480,vocab1300_p090_001,90,一因,いちいん,考えられるいくつかの原因の一つ,雨が続いたことも、野菜が育たなかった一因です。,一因は、考えられるいくつかの原因の一つです。
481,vocab1300_p090_002,90,損なう,そこなう,傷つけてダメにすること,夜ふかしを続けると、健康を損なうことがあります。,損なうは、傷つけてダメにすることです。
482,vocab1300_p090_003,90,ささやか,ささやか,規模が小さいようす,誕生日に、家族でささやかなお祝いをしました。,ささやかは、規模が小さいようすです。
483,vocab1300_p090_004,90,いちかばちか,いちかばちか,結果がどうなるか分からないが、やってみること,答えは分からないけれど、いちかばちか手を上げました。,いちかばちかは、結果がどうなるか分からないが、やってみることです。
484,vocab1300_p090_005,90,かたずを呑んで,かたずをのんで,ドキドキしながら見守って,みんなは、かたずを呑んで試合の最後を見守りました。,かたずを呑んでは、ドキドキしながら見守ることです。
485,vocab1300_p090_006,90,頭角,とうかく,才能や技術が抜きん出て、人より優れて目立つこと,その選手は、今年になって頭角を現してきました。,頭角は、才能や技術が抜きん出て、人より優れて目立つことです。
486,vocab1300_p091_001,91,淡泊,たんぱく,あっさりしていること,このスープは淡泊な味で、朝でも食べやすいです。,淡泊は、あっさりしていて、しつこくないことです。
487,vocab1300_p091_002,91,早合点,はやがてん,よく聞かず、分かったつもりになること,最後まで説明を聞かずに、早合点してしまいました。,早合点は、じっくり聞かずに、分かったつもりになることです。
488,vocab1300_p091_003,91,独自,どくじ,そのものだけが持っていること,青ちゃんは独自のやり方で、計算を工夫しました。,独自は、そのものだけが持っていること、自分だけのものという意味です。
489,vocab1300_p091_004,91,目に余る,めにあまる,見ていられないほど、行動などがひどいこと,何度注意しても続くいたずらは、目に余る行動です。,目に余るは、見ていられないほど、何かがひどいことです。
490,vocab1300_p091_005,91,置き去り,おきざり,人や物を残したまま、行ってしまうこと,駅にかばんを置き去りにして、家に帰ってしまいました。,置き去りは、人や物を残したまま、行ってしまうことです。
491,vocab1300_p091_006,91,うろたえる,うろたえる,どうしたらよいか分からず、あわてること,急に名前を呼ばれて、少しうろたえました。,うろたえるは、どうしたらよいか分からず、あわてることです。
492,vocab1300_p092_001,92,矢先,やさき,何かが始まろうとする、まさにそのとき,出かけようとした矢先に、雨が降ってきました。,矢先は、何かが始まろうとする、まさにそのときです。
493,vocab1300_p092_002,92,むなしい,むなしい,何も得るものがなく、つまらないこと,せっかく作ったのに誰にも見てもらえず、むなしい気持ちになりました。,むなしいは、何も得るものがなく、つまらないことです。
494,vocab1300_p092_003,92,吟味,ぎんみ,入念に調べること,材料をよく吟味して、夕食のメニューを決めました。,吟味は、入念に調べることです。
495,vocab1300_p092_004,92,手に汗をにぎる,てにあせをにぎる,はらはらドキドキしながら、なりゆきを見守ること,最後の一点を取れるか、手に汗をにぎって見守りました。,手に汗をにぎるは、はらはらドキドキしながら、なりゆきを見守ることです。
496,vocab1300_p092_005,92,せんべつ,せんべつ,旅立つ人や引っ越す人に贈る品物,転校する友だちに、せんべつとしてハンカチを贈りました。,せんべつは、引っ越す人や旅立つ人に贈る品物です。
497,vocab1300_p092_006,92,内気,うちき,引っ込み思案で、おとなしい性格,妹は内気で、初めて会う人の前ではあまり話しません。,内気は、引っ込み思案で、おとなしい性格のことです。
498,vocab1300_p093_001,93,不得手,ふとくて,苦手なこと,私は人前で話すことが不得手です。,不得手は、苦手という意味です。
499,vocab1300_p093_002,93,しらじらしい,しらじらしい,本心でないことが見え見えなようす,明らかに知っているのに、しらじらしく『知らない』と言いました。,しらじらしいは、本心でないことが見え見えなようすです。
500,vocab1300_p093_003,93,とがめる,とがめる,間違いや過失を責めること,先生は、友だちを押したことをとがめました。,とがめるは、間違いや過失を責めることです。
501,vocab1300_p093_004,93,つぶぞろい,つぶぞろい,優秀な人ばかりがそろっているようす,今年の合唱メンバーは、歌が上手な子ばかりでつぶぞろいです。,つぶぞろいは、優秀な人ばかりがそろっているようすです。
502,vocab1300_p093_005,93,鬼の首を取ったよう,おにのくびをとったよう,大きな手柄を立てたかのように、大変喜ぶようす,小さなミスを見つけただけなのに、弟は鬼の首を取ったように喜びました。,鬼の首を取ったようは、大きな手柄を立てたかのように大変喜ぶようすです。
503,vocab1300_p093_006,93,けなす,けなす,悪いところを取り上げて、責めること,友だちの絵をけなすのではなく、よいところを見つけたいです。,けなすは、悪いところを取り上げて、責めることです。
504,vocab1300_p094_001,94,他ならない,ほかならない,まさしくそのことであること,この成功は、みんなの努力の結果に他なりません。,他ならないは、まさしくそのことである、〜でしかないという意味です。
505,vocab1300_p094_002,94,結末,けつまつ,物語などの終わり,その物語の結末が気になって、最後まで読みました。,結末は、物語などの終わり、エンディングのことです。
506,vocab1300_p094_003,94,ありがた迷惑,ありがためいわく,相手の好意を、迷惑に感じること,手伝ってくれたけれど、やり方が違っていてありがた迷惑でした。,ありがた迷惑は、相手の好意を迷惑に感じることです。
507,vocab1300_p094_004,94,自前,じまえ,自分で費用を負担すること,遠足のおやつは、自前で用意することになりました。,自前は、自分で費用を負担することです。
508,vocab1300_p094_005,94,いとわない,いとわない,嫌に思わない、わずらわしいと思わない,青ちゃんは、友だちのためなら遠回りもいとわずに歩きました。,いとわないは、嫌に思わない、わずらわしいと思わないという意味です。
509,vocab1300_p094_006,94,釈然としない,しゃくぜんとしない,疑いや迷いが残り、気持ちがすっきりしないこと,説明を聞いても、まだ少し釈然としませんでした。,釈然としないは、疑いや迷いが残り、気持ちがすっきりしないことです。
510,vocab1300_p095_001,95,厄介,やっかい,扱いに困ること,この問題は少し厄介で、すぐには解けませんでした。,厄介は、扱いに困ること、手に余ることです。
511,vocab1300_p095_002,95,ついほおがゆるむ,ついほおがゆるむ,嬉しくて、思わずにこにこすること,妹のかわいい手紙を見て、ついほおがゆるみました。,ついほおがゆるむは、嬉しくて、思わずにこにこすることです。
512,vocab1300_p095_003,95,かた苦しい,かたくるしい,格式張っていて、息が詰まるように感じること,かた苦しいあいさつはやめて、いつもの言葉で話しました。,かた苦しいは、格式張っていて、息が詰まるように感じることです。
513,vocab1300_p095_004,95,筋金入り,すじがねいり,体や考えがしっかり鍛えられているようす,祖父は毎日走る、筋金入りのランナーです。,筋金入りは、体や考えがしっかり鍛えられているようすです。
514,vocab1300_p095_005,95,盛大,せいだい,規模が大きくて、立派なようす,学校では、運動会のあとに盛大なお祝いをしました。,盛大は、規模が大きくて、立派なようすです。
515,vocab1300_p095_006,95,ばつが悪い,ばつがわるい,きまりが悪い思いをすること,大きな声で間違えてしまい、ばつが悪くなりました。,ばつが悪いは、きまりが悪い思いをすることです。
516,vocab1300_p096_001,96,爽快,そうかい,さっぱりとして、気持ちがいいこと,よく眠れた朝は、爽快な気分でした。,爽快は、さっぱりとして、気持ちがいいことです。
517,vocab1300_p096_002,96,手に余る,てにあまる,自分の力をこえていて、処理できないこと,この大きな仕事は、一人では手に余ります。,手に余るは、自分の力をこえていて、処理できないことです。
518,vocab1300_p096_003,96,機知,きち,その場に合わせて、気のきいた発言や行動をする力,その女優は機知に富んだ返事で、会場を笑わせました。,機知は、その場に合わせて、気のきいた発言や行動をする力です。
519,vocab1300_p096_004,96,交互,こうご,互い違いに並ぶこと,白と赤の紙を交互に並べました。,交互は、互い違いに並ぶことです。
520,vocab1300_p096_005,96,行きずり,ゆきずり,たまたま通りかかること,行きずりの人に道を教えてもらいました。,行きずりは、たまたま通りかかること、通りすがりのことです。
521,vocab1300_p096_006,96,強引,ごういん,反対や抵抗を押し切って、無理に何かを行うこと,みんなが嫌がっているのに、強引に決めるのはよくありません。,強引は、反対や抵抗を押し切って、無理に何かを行うことです。
522,vocab1300_p097_001,97,生地,きじ,きじ,赤と青の生地を買って、バッグを作りました。,布や服に使う材料という意味の生地は、きじ と読みます。
523,vocab1300_p097_002,97,生地,せいち,せいち,坂本龍馬の生地は、今の高知県です。,その人が生まれたところという意味の生地は、せいち と読みます。
524,vocab1300_p097_003,97,末期,まっき,まっき,江戸時代の末期に、外国の船が来ました。,ある物事の終わりに近いころという意味の末期は、まっき と読みます。
525,vocab1300_p097_004,97,末期,まつご,まつご,祖母の末期を、家族みんなで見守りました。,一生の終わりのときという意味の末期は、まつご と読みます。
526,vocab1300_p097_005,97,辛い,つらい,つらい,大切な友だちと別れるのは辛いです。,心や体が苦しいという意味の辛いは、つらい と読みます。
527,vocab1300_p097_006,97,辛い,からい,からい,このカレーは、辛すぎて食べられません。,唐辛子などで舌が刺激される味という意味の辛いは、からい と読みます。
528,vocab1300_p099_001,99,相槌を打つ,あいづちをうつ,相手の話を聞き、軽く答えたりうなずいたりすること,友だちの話に相槌を打ちながら聞きました。,相槌を打つは、相手の話を聞き、軽く答えたりうなずいたりすることです。
529,vocab1300_p099_002,99,気後れ,きおくれ,相手や周囲の雰囲気にのまれて、尻込みすること,上手な人ばかりの中で、少し気後れしました。,気後れは、相手や周囲の雰囲気にのまれて、尻込みすることです。
530,vocab1300_p099_003,99,陰謀,いんぼう,悪事を行うためのたくらみ,物語の中で、敵は王様を困らせる陰謀を考えていました。,陰謀は、悪事を行うためのたくらみです。
531,vocab1300_p099_004,99,胸をなでおろす,むねをなでおろす,心配や不安がなくなり、ほっとすること,なくしたと思った財布が見つかり、胸をなでおろしました。,胸をなでおろすは、心配や不安がなくなり、ほっとすることです。
532,vocab1300_p099_005,99,重点,じゅうてん,いちばん力を入れる部分,このテストでは、漢字より読解に重点を置きました。,重点は、いちばん力を入れる部分のことです。
533,vocab1300_p099_006,99,ペナルティー,ペナルティー,違反したことに対する罰則,ルールを破ったので、ペナルティーを受けました。,ペナルティーは、違反したことに対する罰則です。
534,vocab1300_p100_001,100,略する,りゃくする,短く簡単にすること,長い自己紹介は略して、名前だけ言いました。,略するは、短く簡単にすることです。
535,vocab1300_p100_002,100,先人,せんじん,昔の人、祖先,先人の知恵から、今の私たちも学ぶことができます。,先人は、昔の人や祖先のことです。
536,vocab1300_p100_003,100,無縁,むえん,無関係で、かかわりがないこと,運動と健康は無縁ではありません。,無縁は、無関係で、かかわりがないことです。
537,vocab1300_p100_004,100,顔をつぶす,かおをつぶす,名誉を傷つけること、恥をかかせること,みんなの前でからかうと、相手の顔をつぶしてしまいます。,顔をつぶすは、名誉を傷つけたり、恥をかかせたりすることです。
538,vocab1300_p100_005,100,退く,しりぞく,その地位や役目をやめること,その選手は、今年でチームを退くことになりました。,退くは、その地位や役目をやめることです。
539,vocab1300_p100_006,100,一目散,いちもくさん,わき目もふらず、走って行くようす,犬に追いかけられて、一目散に家へ走りました。,一目散は、わき目もふらず、走って行くようすです。
540,vocab1300_p101_001,101,皮肉,ひにく,相手が嫌がることを、わざと言うこと,友だちに皮肉ばかり言うと、相手を傷つけてしまいます。,皮肉は、相手が嫌がることを、わざと言うことです。
541,vocab1300_p101_002,101,目から鼻へ抜ける,めからはなへぬける,頭の回転が速く、利口であるようす,姉は目から鼻へ抜けるような人で、説明を聞くとすぐ理解します。,目から鼻へ抜けるは、頭の回転が速く、利口であるようすです。
542,vocab1300_p101_003,101,傾向,けいこう,ある方向に物事や流れが傾くこと,最近は、朝早く起きる子が増える傾向にあります。,傾向は、物事や流れがある方向に傾くことです。
543,vocab1300_p101_004,101,行く手をはばむ,ゆくてをはばむ,進ませないように邪魔をすること,倒れた木が道にあり、私たちの行く手をはばみました。,行く手をはばむは、進ませないように邪魔をすることです。
544,vocab1300_p101_005,101,余白,よはく,印刷物などで、文字や絵がない白い部分,ノートの余白に、あとで見直すメモを書きました。,余白は、文字や絵が書かれていない白い部分です。
545,vocab1300_p101_006,101,枚挙にいとまがない,まいきょにいとまがない,数えきれないくらい、たくさんあること,その本のよいところは、枚挙にいとまがありません。,枚挙にいとまがないは、数えきれないくらいたくさんあることです。
546,vocab1300_p102_001,102,理性,りせい,感情に流されず、順序立てて考える力,腹が立っても、理性を失わずに話し合いました。,理性は、感情に流されず、物事をきちんと考える力です。
547,vocab1300_p102_002,102,声がうわずる,こえがうわずる,緊張や興奮で、声が高くなること,発表の前、緊張して声がうわずりました。,声がうわずるは、緊張や興奮で声が高くなることです。
548,vocab1300_p102_003,102,明暗を分ける,めいあんをわける,成功と失敗などが、はっきり決まること,最後の一点が、試合の明暗を分けました。,明暗を分けるは、成功と失敗などがはっきり決まることです。
549,vocab1300_p102_004,102,画一的,かくいつてき,みんな同じように統一されているようす,全員が同じ感想を書くと、少し画一的に見えます。,画一的は、みんな同じように統一されているようすです。
550,vocab1300_p102_005,102,あなどる,あなどる,この程度だろうと軽く見ること,相手が小さいからといって、力をあなどってはいけません。,あなどるは、この程度だろうと軽く見ることです。
551,vocab1300_p102_006,102,いたわる,いたわる,困っている人や苦しんでいる人に優しく接すること,けがをした友だちをいたわり、荷物を持ってあげました。,いたわるは、困っている人や苦しんでいる人に優しく接することです。
552,vocab1300_p103_001,103,すたれる,すたれる,時間がたって、使われなくなること,昔よく使われた遊びが、今ではすたれてしまいました。,すたれるは、時間がたって使われなくなることです。
553,vocab1300_p103_002,103,開き直る,ひらきなおる,自分が悪いのに、ふてぶてしい態度になること,注意されたのに、弟は開き直って『別にいいよ』と言いました。,開き直るは、自分が悪いのに、急にふてぶてしい態度になることです。
554,vocab1300_p103_003,103,ひけらかす,ひけらかす,自分の持ち物や能力を、自慢げに見せること,自分の点数をひけらかすと、友だちが嫌な気持ちになることがあります。,ひけらかすは、自分の持ち物や能力を、自慢げに見せることです。
555,vocab1300_p103_004,103,アピールする,アピールする,自分を押し出すこと,面接で、自分のよいところをアピールしました。,アピールするは、自分を押し出すこと、相手に強く示すことです。
556,vocab1300_p103_005,103,手っ取り早い,てっとりばやい,すばやく簡単であること,道具を使うと、手っ取り早く片づけられました。,手っ取り早いは、すばやく簡単であることです。
557,vocab1300_p103_006,103,ちゅうちょ,ちゅうちょ,すべきかどうか迷うこと,高い台から飛び下りる前に、少しちゅうちょしました。,ちゅうちょは、すべきかどうか迷うことです。
558,vocab1300_p104_001,104,たまりかねる,たまりかねる,がまんできなくなること,弟の泣き声が続き、母はたまりかねて声をかけました。,たまりかねるは、がまんできなくなることです。
559,vocab1300_p104_002,104,旗色,はたいろ,戦いや争いの形勢,後半になると、相手チームの旗色が悪くなりました。,旗色は、戦いや争いの形勢のことです。
560,vocab1300_p104_003,104,取り巻き,とりまき,権力者のそばで機嫌をとったり、おだてたりする人たち,人気のある子の周りには、いつも取り巻きがいました。,取り巻きは、権力者のそばで機嫌をとったり、おだてたりする人たちです。
561,vocab1300_p104_004,104,途絶える,とだえる,続いていたものが、なくなること,大雪のため、山奥の村との連絡が途絶えました。,途絶えるは、続いていたものがなくなることです。
562,vocab1300_p104_005,104,腹を割る,はらをわる,包み隠さず、本心を打ち明けること,友だちと腹を割って話したら、仲直りできました。,腹を割るは、包み隠さず、本心を打ち明けることです。
563,vocab1300_p104_006,104,あてつけ,あてつけ,遠回しに相手の弱点を指摘して、非難すること,『時間を守れる人はえらいね』と、遅れた友だちへのあてつけを言いました。,あてつけは、遠回しに相手の弱点を指摘して、非難することです。
564,vocab1300_p105_001,105,のどか,のどか,のんびりと落ち着いた雰囲気,春の田んぼ道は、のどかな景色でした。,のどかは、のんびりと落ち着いた雰囲気のことです。
565,vocab1300_p105_002,105,定か,さだか,はっきりと確かなようす,だれが最初に言ったのかは、定かではありません。,定かは、はっきりと確かなようすです。
566,vocab1300_p105_003,105,合理化,ごうりか,無駄を省き、能率を上げること,掃除のやり方を合理化して、短い時間で終わらせました。,合理化は、無駄を省いて、能率を上げることです。
567,vocab1300_p105_004,105,スムーズ,スムーズ,物事がとどこおりなく、順調に進むようす,みんなで役割を決めたので、準備がスムーズに進みました。,スムーズは、物事がとどこおりなく、順調に進むようすです。
568,vocab1300_p105_005,105,心を鬼にする,こころをおににする,優しさを隠して、あえて厳しくすること,母は心を鬼にして、宿題が終わるまでゲームを止めました。,心を鬼にするは、優しさを隠して、あえて厳しくすることです。
569,vocab1300_p105_006,105,横着,おうちゃく,やるべきことをしないで、怠けること,横着をして近道をしたら、かえって時間がかかりました。,横着は、やるべきことをしないで、怠けることです。
570,vocab1300_p106_001,106,お決まり,おきまり,いつも通りのワンパターン,その人の話は、いつもお決まりの自慢話で終わります。,お決まりは、いつも通りのワンパターンという意味です。
571,vocab1300_p106_002,106,説き伏せる,ときふせる,相手を納得させて、自分に従わせること,友だちを説き伏せて、係を交代してもらいました。,説き伏せるは、相手を納得させて、自分に従わせることです。
572,vocab1300_p106_003,106,忠実,ちゅうじつ,与えられた仕事などを、まじめにつとめること,青ちゃんは、先生の指示に忠実に作業を進めました。,忠実は、与えられた仕事などを、まじめにつとめることです。
573,vocab1300_p106_004,106,あえない,あえない,あっけない、期待外れでつまらない,強い相手に、試合はあえなく負けてしまいました。,あえないは、あっけない、期待外れでつまらないという意味です。
574,vocab1300_p106_005,106,軽くあしらう,かるくあしらう,相手をいい加減に扱うこと,まじめに相談したのに、友だちに軽くあしらわれました。,軽くあしらうは、相手をいい加減に扱うことです。
575,vocab1300_p106_006,106,かさにかかって,かさにかかって,勢いに乗ってせめること,勝っているからといって、かさにかかって相手を責めてはいけません。,かさにかかっては、勢いに乗ってせめることです。
576,vocab1300_p107_001,107,ひなびた,ひなびた,田舎っぽいこと,家族で、ひなびた温泉宿に泊まりました。,ひなびたは、田舎っぽいという意味です。
577,vocab1300_p107_002,107,もてなす,もてなす,客を迎えて、丁寧に相手をすること,祖母は、お茶とお菓子でお客さんをもてなしました。,もてなすは、客を迎えて、ごちそうなどで丁寧に相手をすることです。
578,vocab1300_p107_003,107,背筋が凍る,せすじがこおる,恐怖や気味悪さに、思わずぞっとすること,夜道で急に物音がして、背筋が凍りました。,背筋が凍るは、恐怖や気味悪さに、思わずぞっとすることです。
579,vocab1300_p107_004,107,携える,たずさえる,手に持って行くこと,遠足に、お弁当と水とうを携えて行きました。,携えるは、携帯すること、手に持って行くことです。
580,vocab1300_p107_005,107,念入り,ねんいり,細かい点まで注意して、丁寧なこと,発表の前に、原稿を念入りに確認しました。,念入りは、細かい点まで注意して、丁寧なことです。
581,vocab1300_p107_006,107,ざわめく,ざわめく,ざわざわとうるさいようす,有名な選手が入ってきて、会場がざわめきました。,ざわめくは、ざわざわとうるさいようすです。
582,vocab1300_p108_001,108,往々にして,おうおうにして,しばしば、ときどき,あわてていると、往々にして大事なことを忘れます。,往々にしては、しばしば、ときどき、という意味です。
583,vocab1300_p108_002,108,かきいれどき,かきいれどき,商売などが繁盛して、もっとも忙しいとき,ケーキ屋さんは、クリスマスがかきいれどきです。,かきいれどきは、商売などが繁盛して、もっとも忙しいときです。
584,vocab1300_p108_003,108,後ずさり,あとずさり,正面を向いたまま、後ろに少しずつ下がること,大きな犬が近づいてきて、弟は後ずさりしました。,後ずさりは、正面を向いたまま、後ろに少しずつ下がることです。
585,vocab1300_p108_004,108,ポイント,ポイント,大切なところ,文章を読むときのポイントは、理由を見つけることです。,ポイントは、大切なところという意味です。
586,vocab1300_p108_005,108,一日の長,いちじつのちょう,知識や技術などが、他よりも少し優れていること,姉はピアノを長く習っているので、わたしより一日の長があります。,一日の長は、知識や技術などが、他よりも少し優れていることです。
587,vocab1300_p108_006,108,できばえ,できばえ,完成したときのようす,工作の作品は、思ったよりよいできばえでした。,できばえは、完成したときのようすです。
588,vocab1300_p109_001,109,蝶よ花よ,ちょうよはなよ,子どもを非常に大切に育てること,祖父母は、初孫を蝶よ花よと大切に育てました。,蝶よ花よは、子どもを非常に大切に育てることです。実際の蝶や花の話ではありません。
589,vocab1300_p109_002,109,一寸の虫にも五分の魂,いっすんのむしにもごぶのたましい,小さく弱いものでも、意地があるというたとえ,小さいからといって、ばかにしてはいけません。一寸の虫にも五分の魂です。,一寸の虫にも五分の魂は、小さく弱いものでも意地があるというたとえです。
590,vocab1300_p109_003,109,尻切れとんぼ,しりきれとんぼ,最後まで終わっていないこと,話の途中で時間になり、発表が尻切れとんぼになりました。,尻切れとんぼは、最後まで終わっていないことです。実際のとんぼの話ではありません。
591,vocab1300_p109_004,109,蟷螂の斧,とうろうのおの,自分の弱さも考えず、強い相手に向かうこと,強い相手に作戦もなく向かうのは、蟷螂の斧のようです。,蟷螂の斧は、自分の弱さも考えず、強い相手に向かっていくことのたとえです。
592,vocab1300_p109_005,109,泣きっ面に蜂,なきっつらにはち,不運や悪いことが重なること,転んだうえに雨まで降ってきて、泣きっ面に蜂でした。,泣きっ面に蜂は、不運や悪いことが重なることです。実際に蜂が出るとは限りません。
593,vocab1300_p109_006,109,蜘蛛の子を散らす,くものこをちらす,たくさんの人や物が、ちりぢりになって逃げるようす,先生が来ると、遊んでいた子どもたちは蜘蛛の子を散らすように逃げました。,蜘蛛の子を散らすは、たくさんの人や物が、ちりぢりになって逃げるようすです。
594,vocab1300_p111_001,111,そらぞらしい,そらぞらしい,うそであることが見えすいているようす,弟は、明らかに食べたのに、そらぞらしく「知らない」と言いました。,そらぞらしいは、うそであることが見えすいているようすです。
595,vocab1300_p111_002,111,浮き足立つ,うきあしだつ,不安で落ち着かなくなること,強い相手と試合をする前、チームのみんなが浮き足立ちました。,浮き足立つは、おそろしさや不安で落ち着かなくなることです。
596,vocab1300_p111_003,111,耳より,みみより,聞く価値があること,先生が、図書室に新しい本が入ったという耳よりな話をしてくれました。,耳よりは、聞く価値があること、聞くとうれしい情報のことです。
597,vocab1300_p111_004,111,気まずい,きまずい,心が通じなくて、落ち着かないようす,けんかのあと、友だちと二人きりになって気まずくなりました。,気まずいは、心が通じなくて、落ち着かないようすです。
598,vocab1300_p111_005,111,逆行,ぎゃっこう,自然な流れや順序に逆らうこと,みんなが進む方向と反対に歩くのは、流れに逆行しています。,逆行は、自然な流れや順序に逆らうことです。
599,vocab1300_p111_006,111,義務,ぎむ,しなければいけないつとめ,学校のきまりを守ることは、みんなの義務です。,義務は、しなければいけないつとめのことです。
600,vocab1300_p112_001,112,不快,ふかい,不愉快な気分,大きな音が長く続いて、不快な気分になりました。,不快は、不愉快な気分になることです。
601,vocab1300_p112_002,112,素人,しろうと,プロではない人,母は料理の素人ですが、毎日いろいろ工夫しています。,素人は、プロではない人、アマチュアのことです。
602,vocab1300_p112_003,112,圧巻,あっかん,本や催し物などで、いちばん優れているところ,合唱の最後の大きな声は、発表会の圧巻でした。,圧巻は、本・映画・催し物などで、いちばん優れているところです。
603,vocab1300_p112_004,112,あらかじめ,あらかじめ,前もって,遠足の持ち物を、あらかじめかばんに入れておきました。,あらかじめは、前もって、という意味です。
604,vocab1300_p112_005,112,はしたない,はしたない,みっともないこと,人の前で食べ物を取り合うのは、はしたないことです。,はしたないは、みっともないという意味です。
605,vocab1300_p112_006,112,気力,きりょく,やる気、気合い,疲れていたけれど、最後まで走る気力が残っていました。,気力は、やる気や気合いのことです。
606,vocab1300_p113_001,113,向上,こうじょう,良い状態になること,毎日少しずつ練習したら、計算力が向上しました。,向上は、良い状態になることです。
607,vocab1300_p113_002,113,水かけ論,みずかけろん,お互いにゆずらず、議論を続けること,どちらも自分が正しいと言い続け、話し合いは水かけ論になりました。,水かけ論は、お互いの主張をゆずらず、いつまでも議論を続けることです。
608,vocab1300_p113_003,113,過言ではない,かごんではない,そう言っても言い過ぎではないこと,この一点が試合を決めたと言っても、過言ではありません。,過言ではないは、そう言っても言い過ぎではない、という意味です。
609,vocab1300_p113_004,113,心苦しい,こころぐるしい,相手に申し訳ないと思う気持ち,友だちに何度も手伝ってもらい、少し心苦しくなりました。,心苦しいは、相手に申し訳ないと思う気持ちです。
610,vocab1300_p113_005,113,きわどい,きわどい,危なっかしくて、ぎりぎりのところ,ボールは線の近くに落ち、きわどい判定になりました。,きわどいは、危なっかしくて、ぎりぎりのところという意味です。
611,vocab1300_p113_006,113,耳を疑う,みみをうたがう,意外すぎて、聞き間違いかと思うこと,急に転校すると聞いて、私は耳を疑いました。,耳を疑うは、意外すぎて、聞き間違いかと思うことです。
612,vocab1300_p114_001,114,浮かれる,うかれる,うきうきして楽しい気分になること,明日から夏休みなので、みんな少し浮かれていました。,浮かれるは、うきうきして楽しい気分になることです。
613,vocab1300_p114_002,114,業を煮やす,ごうをにやす,思い通りにいかなくて、いらいらすること,何度言っても片づけない弟に、母は業を煮やしました。,業を煮やすは、思い通りにいかなくて、いらいらすることです。
614,vocab1300_p114_003,114,いびつ,いびつ,形がゆがんでいて、格好が悪いようす,ねん土で作った丸は、少しいびつな形になりました。,いびつは、形がゆがんでいて、格好が悪いようすです。
615,vocab1300_p114_004,114,癒す,いやす,苦しみや痛みを楽にすること,音楽を聞くと、疲れた心が癒されます。,癒すは、苦しみや痛みを楽にすることです。
616,vocab1300_p114_005,114,腕が鳴る,うでがなる,自分の力や才能を見せたくて、うずうずすること,得意な計算勝負と聞いて、青ちゃんは腕が鳴りました。,腕が鳴るは、自分の力や才能を見せたくて、うずうずすることです。
617,vocab1300_p114_006,114,物腰,ものごし,誰かと接するときの、しぐさや話し方,その先生は物腰がやわらかく、話しやすい人です。,物腰は、誰かと話したり接したりするときの、しぐさや話し方です。
618,vocab1300_p115_001,115,情の深い,じょうのふかい,人への思いやりが強いこと,祖母は情の深い人で、困っている人を見ると放っておけません。,情の深いは、人への思いやりが強いことです。
619,vocab1300_p115_002,115,つくづく,つくづく,注意深く見たり、しみじみ感じたりするようす,赤ちゃん犬の寝顔を、つくづくとながめました。,つくづくは、注意深く見たり、しみじみ感じたりするようすです。
620,vocab1300_p115_003,115,後の祭り,あとのまつり,手遅れなこと,テストが終わってから勉強しても、後の祭りです。,後の祭りは、もう手遅れであることです。
621,vocab1300_p115_004,115,着実,ちゃくじつ,手がたく確実に進めるようす,毎日少しずつ読んで、着実に本を読み進めました。,着実は、手がたく確実に物事を進めるようすです。
622,vocab1300_p115_005,115,ごぼう抜き,ごぼうぬき,一気に何人も追い抜くこと,リレーで最後の子が、前の走者を次々とごぼう抜きにしました。,ごぼう抜きは、一気に何人も追い抜くことです。
623,vocab1300_p115_006,115,腹立たしい,はらだたしい,怒りたくなるほど、いらいらすること,約束を何度も破られて、腹立たしい気持ちになりました。,腹立たしいは、怒りたくなるほど、いらいらすることです。
624,vocab1300_p116_001,116,手際がいい,てぎわがいい,何かを処理する腕前がすぐれていること,姉は料理の手際がよく、すぐに夕飯を作りました。,手際がいいは、何かを処理する腕前がすぐれていることです。
625,vocab1300_p116_002,116,手応え,てごたえ,やったことに対する、好ましい反応,発表のあと、みんながうなずいてくれて手応えを感じました。,手応えは、何かをやったことに対する、好ましい反応のことです。
626,vocab1300_p116_003,116,いまいましい,いまいましい,にくたらしいこと,何度もじゃまをされて、いまいましい気持ちになりました。,いまいましいは、にくたらしいという意味です。
627,vocab1300_p116_004,116,いそしむ,いそしむ,熱心に励むこと,青ちゃんは、毎朝の計算練習にいそしんでいます。,いそしむは、熱心に励むことです。
628,vocab1300_p116_005,116,つつぬけ,つつぬけ,話し声や秘密が全部もれてしまうこと,小さな声で話したつもりが、となりの部屋に話がつつぬけでした。,つつぬけは、話し声や秘密の内容が、全部もれてしまうことです。
629,vocab1300_p116_006,116,間柄,あいだがら,人と人との仲や関係,二人は何でも話せる間柄です。,間柄は、人と人との仲や関係のことです。
630,vocab1300_p117_001,117,患う,わずらう,病気になること,祖父は長い間、足の病気を患っていました。,患うは、病気になることです。
631,vocab1300_p117_002,117,玄人はだし,くろうとはだし,プロ並みの腕前,父の料理は玄人はだしで、お店のようにおいしいです。,玄人はだしは、プロ並みの腕前という意味です。
632,vocab1300_p117_003,117,待望,たいぼう,待ち望んでいたこと,待望の新しい本が、ついに発売されました。,待望は、待ち望んでいたことです。
633,vocab1300_p117_004,117,ファンタジー,ファンタジー,夢や空想の世界,魔法が出てくるファンタジー小説を読みました。,ファンタジーは、まぼろし・幻想・夢・空想の世界のことです。
634,vocab1300_p117_005,117,顔をそむける,かおをそむける,目や顔をそらすこと,こわい場面になり、妹は画面から顔をそむけました。,顔をそむけるは、目や顔をそらすことです。
635,vocab1300_p117_006,117,あんばい,あんばい,物事の具合、加減、様子,明日の発表の準備は、どんなあんばいですか。,あんばいは、物事の具合、加減、様子のことです。
636,vocab1300_p118_001,118,頭が固い,あたまがかたい,柔軟な考え方ができないこと,その人は頭が固く、新しいやり方をなかなか受け入れません。,頭が固いは、柔軟な考え方ができないことです。
637,vocab1300_p118_002,118,弱音を吐く,よわねをはく,弱々しい言葉を口にすること,練習がつらくなり、少しだけ弱音を吐きました。,弱音を吐くは、弱々しい言葉を口にすることです。
638,vocab1300_p118_003,118,比較する,ひかくする,二つ以上のものを比べること,二つのかばんの大きさを比較して、使いやすい方を選びました。,比較するは、二つ以上のものを比べることです。
639,vocab1300_p118_004,118,へりくだる,へりくだる,相手を敬い、控えめな態度をとること,その人はえらい先生にもへりくだって話しました。,へりくだるは、相手を敬い、控えめな態度をとることです。
640,vocab1300_p118_005,118,ぬくもり,ぬくもり,あたたかみ,母が作った手ぶくろには、ぬくもりを感じました。,ぬくもりは、あたたかみのことです。
641,vocab1300_p118_006,118,心外,しんがい,意外なことが起こり、裏切られたような気がすること,まじめにやったのに疑われて、心外でした。,心外は、意外なことが起こり、裏切られたような気がすることです。
642,vocab1300_p119_001,119,はつらつ,はつらつ,いきいきと元気がいいようす,新入生は、はつらつとした顔で教室に入りました。,はつらつは、いきいきと元気がいいようすです。
643,vocab1300_p119_002,119,あわただしい,あわただしい,忙しくて落ち着きがないようす,月曜日の朝は、準備で家の中があわただしいです。,あわただしいは、忙しくて落ち着きがないようすです。
644,vocab1300_p119_003,119,一を聞いて十を知る,いちをきいてじゅうをしる,一部分を聞いただけで、全体を理解する賢いようす,姉は一を聞いて十を知るような人で、説明を少し聞くだけで分かります。,一を聞いて十を知るは、一部分を聞いただけで、物事の全体を理解する賢いようすです。
645,vocab1300_p119_004,119,身を引く,みをひく,今までの地位・仕事・立場などから降りること,父はその仕事から身を引くことになりました。,身を引くは、今までの地位・仕事・立場などから降りることです。
646,vocab1300_p119_005,119,まごつく,まごつく,うろたえること,初めての駅で、どの出口に行けばよいかまごつきました。,まごつくは、うろたえることです。
647,vocab1300_p119_006,119,せっぱつまる,せっぱつまる,追いつめられて、身動きがとれなくなること,しめ切りが近づき、せっぱつまった気持ちになりました。,せっぱつまるは、追いつめられて、身動きがとれなくなることです。
648,vocab1300_p120_001,120,口が軽い,くちがかるい,おしゃべりで、言わなくていいことまで言うこと,その人は口が軽いので、秘密を話すのは少し心配です。,口が軽いは、おしゃべりで、言わなくていいことまで言ってしまうことです。
649,vocab1300_p120_002,120,具体的,ぐたいてき,形や内容が、はっきりとよく分かるようす,先生は、作文の直し方を具体的に説明してくれました。,具体的は、形や内容が、はっきりとよく分かるようすです。
650,vocab1300_p120_003,120,恩人,おんじん,苦しいときや大変なときに、力になってくれた人,迷子になったときに助けてくれた人は、私の恩人です。,恩人は、苦しいときや大変なときに、力になってくれた人です。
651,vocab1300_p120_004,120,完璧,かんぺき,欠点やミスなどがないようす,発表の本番で、青ちゃんは完璧にせりふを言えました。,完璧は、欠点やミスなどがないようすです。パーフェクトという意味です。
652,vocab1300_p120_005,120,かて,かて,心や体のために必要なもの,本で学んだことは、これからの心のかてになります。,かては、心や体のために必要なもののことです。
653,vocab1300_p120_006,120,わずらわしい,わずらわしい,込み入っていて面倒くさいこと,何度も同じことを書くのは、少しわずらわしいです。,わずらわしいは、込み入っていて面倒くさいことです。
654,vocab1300_p121_001,121,言わぬが花,いわぬがはな,言わない方がよい場合もあること,友だちの小さな失敗に気づいたけれど、今回は言わぬが花だと思いました。,言わぬが花は、何でも言えばよいわけではなく、言わない方がよい場合もあるという意味です。
655,vocab1300_p121_002,121,蓼食う虫も好き好き,たでくうむしもすきずき,好みは人によってそれぞれ違うこと,辛いお菓子が好きな人も苦手な人もいます。蓼食う虫も好き好きです。,蓼食う虫も好き好きは、好みは人によってそれぞれ違うという意味です。
656,vocab1300_p121_003,121,花が咲く,はながさく,話題が出て、その場が盛り上がること,休み時間に好きな本の話になり、友だちとの話に花が咲きました。,花が咲くは、話題が出て、その場が盛り上がることです。実際の花の話とは限りません。
657,vocab1300_p121_004,121,花より団子,はなよりだんご,風流よりも、実利を選ぶことのたとえ,きれいな景色より、お弁当を楽しみにしているなんて花より団子ですね。,花より団子は、きれいさや風流よりも、役に立つものや得になるものを選ぶことのたとえです。
658,vocab1300_p121_005,121,木を見て森を見ず,きをみてもりをみず,細かいことに気を取られて、全体が見えていないこと,一つの字の形ばかり気にして、文章全体を読めていないのは木を見て森を見ずです。,木を見て森を見ずは、細かいことに気を取られて、物事の全体が見えていないことです。
659,vocab1300_p121_006,121,どんぐりの背比べ,どんぐりのせいくらべ,どれも似たりよったりで、特に優れたものがないこと,二人の点数はほとんど同じで、どんぐりの背比べでした。,どんぐりの背比べは、どれも似たりよったりで、特に優れたものがないことです。
660,vocab1300_p123_001,123,手塩にかける,てしおにかける,自ら世話をして、大切に育てること,母は花を手塩にかけて育て、毎朝水をあげました。,手塩にかけるは、自分で世話をして、大切に育てることです。
661,vocab1300_p123_002,123,すこぶる,すこぶる,大変、おおいに,今日はすこぶる調子がよく、朝から元気に動けました。,すこぶるは、大変、おおいに、という意味です。
662,vocab1300_p123_003,123,同調,どうちょう,他人の意見や主張に同意すること,友だちの考えに同調して、同じ意見を言いました。,同調は、他人の意見や主張に同意することです。
663,vocab1300_p123_004,123,暗黙,あんもく,言葉に出さなくても分かっていること,図書室では静かにするという暗黙のきまりがあります。,暗黙は、言葉にはっきり出さなくても分かっていることです。
664,vocab1300_p123_005,123,大船に乗ったよう,おおぶねにのったよう,頼れるものができて、すっかり安心した様子,先生が一緒に来てくれると聞いて、大船に乗ったような気分でした。,大船に乗ったようは、頼れるものができて、すっかり安心した様子です。
665,vocab1300_p123_006,123,兆し,きざし,何かが始まろうとする気配,冷たい風の中にも、春の兆しを感じました。,兆しは、何かが始まろうとする気配のことです。
666,vocab1300_p124_001,124,しお,しお,ちょうどよいタイミング,先生が教室を出たのをしおに、みんなは小声で話し始めました。,しおは、ちょうどよいタイミング、好機という意味です。
667,vocab1300_p124_002,124,やむを得ない,やむをえない,どうしようもない、しかたがないこと,大雨で遠足が中止になるのは、やむを得ないことでした。,やむを得ないは、どうしようもない、しかたがないという意味です。
668,vocab1300_p124_003,124,あてこすり,あてこすり,遠回しに文句を言うこと,『時間を守れる人はすごいね』と、遅れた友だちへのあてこすりを言いました。,あてこすりは、遠回しに文句を言うこと、皮肉を言うことです。
669,vocab1300_p124_004,124,がぜん,がぜん,突然、急に,賞品があると聞いて、みんなはがぜんやる気を出しました。,がぜんは、突然、急に、という意味です。急にやる気や勢いが出るときにも使います。
670,vocab1300_p124_005,124,背のび,せのび,年齢や実力以上のことに挑戦しようとすること,まだ早いのに大人向けの本を読もうとして、少し背のびをしました。,背のびは、年齢や実力以上のことに挑戦しようとすることです。
671,vocab1300_p124_006,124,やり玉に挙げる,やりだまにあげる,非難や攻撃の対象にすること,一人だけをやり玉に挙げて責めるのはよくありません。,やり玉に挙げるは、非難や攻撃の対象にすることです。
672,vocab1300_p125_001,125,うかつ,うかつ,ぼんやりして、つい不注意になること,うかつにも、テストの日を一日まちがえてしまいました。,うかつは、ぼんやりして、つい不注意になることです。
673,vocab1300_p125_002,125,否定,ひてい,間違いであると言うこと,母は、私の意見をすぐに否定せず、最後まで聞いてくれました。,否定は、間違いであると言うことです。
674,vocab1300_p125_003,125,悪用,あくよう,悪い目的のために用いること,拾った免許証を悪用してはいけません。,悪用は、悪い目的のために用いることです。
675,vocab1300_p125_004,125,猫舌,ねこじた,熱い食べ物が苦手なこと,妹は猫舌なので、スープを少し冷ましてから飲みます。,猫舌は、熱い食べ物が苦手なことです。実際の猫の舌の話ではありません。
676,vocab1300_p125_005,125,おしはかる,おしはかる,あることをもとにして、他のことの見当をつけること,友だちの表情から、少し悲しいのだろうとおしはかりました。,おしはかるは、あることをもとにして、他のことの見当をつけることです。
677,vocab1300_p125_006,125,腹に据えかねる,はらにすえかねる,我慢できないほどの怒りをかかえている様子,何度も約束を破られて、ついに腹に据えかねました。,腹に据えかねるは、我慢できないほどの怒りをかかえている様子です。
678,vocab1300_p126_001,126,活気,かっき,いきいきと活動的な気分・元気,朝市には活気があり、たくさんの人が声を出していました。,活気は、いきいきと活動的な気分や元気のことです。
679,vocab1300_p126_002,126,日夜,にちや,いつも、つねに,兄は日夜、サッカーの練習に励んでいます。,日夜は、いつも、つねに、という意味です。
680,vocab1300_p126_003,126,鮮やか,あざやか,色がはっきりしていて美しいさま,妹のスカートは、鮮やかな青色でした。,鮮やかは、色がはっきりしていて美しいさまです。
681,vocab1300_p126_004,126,あわよくば,あわよくば,うまくいけば,あわよくば、一番前の席に座りたいと思いました。,あわよくばは、うまくいけば、という意味です。
682,vocab1300_p126_005,126,いたちごっこ,いたちごっこ,同じことを繰り返すばかりで、決着がつかないこと,片づけてもすぐに散らかり、掃除はいたちごっこになりました。,いたちごっこは、同じことを繰り返すばかりで、決着がつかないことです。
683,vocab1300_p126_006,126,つれない,つれない,思いやりがなく、冷淡な態度,相談したのに、友だちはつれない態度でした。,つれないは、思いやりがなく、冷淡な態度のことです。
684,vocab1300_p127_001,127,上回る,うわまわる,基準の数量よりも多いこと,発表会の参加者は、予想人数を上回りました。,上回るは、基準の数量よりも多いことです。
685,vocab1300_p127_002,127,身が引きしまる,みがひきしまる,心や体がきりっとすること,大きな大会に出る仲間の思いを聞き、身が引きしまりました。,身が引きしまるは、緊張感で心や体がきりっとすることです。
686,vocab1300_p127_003,127,あいまい,あいまい,具体的でなく、はっきりしない様子,集合時間の説明があいまいで、何時に行けばよいか分かりませんでした。,あいまいは、具体的でなく、はっきりしない様子です。
687,vocab1300_p127_004,127,朗らか,ほがらか,心が晴れ晴れとして、活発な様子,その子は朗らかな笑顔で、みんなにあいさつしました。,朗らかは、心が晴れ晴れとして、活発な様子です。
688,vocab1300_p127_005,127,後ろめたい,うしろめたい,自分に悪いところがあって、気が引けること,宿題を忘れたことを言えず、後ろめたい気持ちになりました。,後ろめたいは、自分に悪いところがあって、気が引けることです。
689,vocab1300_p127_006,127,たわむれる,たわむれる,じゃれる、遊ぶこと,公園で、子どもたちが犬とたわむれていました。,たわむれるは、じゃれる、遊ぶという意味です。
690,vocab1300_p128_001,128,スローガン,スローガン,簡潔にまとめた標語,クラスで『毎日元気にあいさつ』というスローガンを決めました。,スローガンは、主義や主張を簡潔にまとめた言葉、標語のことです。
691,vocab1300_p128_002,128,竹を割ったような,たけをわったような,性格がさっぱり、からっとしている様子,その先生は竹を割ったような性格で、思ったことをはっきり言います。,竹を割ったようなは、性格がさっぱりしていて、からっとしている様子です。
692,vocab1300_p128_003,128,間接的,かんせつてき,直接ではなく、何かを通して行う様子,友人から間接的に知らせを聞きました。,間接的は、直接ではなく、何かを通して行う様子です。
693,vocab1300_p128_004,128,案じる,あんじる,心配すること,母は、遠くへ行った兄の無事を案じていました。,案じるは、心配することです。
694,vocab1300_p128_005,128,小躍り,こおどり,飛び上がりそうなくらい喜んでいる様子,テストで満点を取って、思わず小躍りしました。,小躍りは、飛び上がりそうなくらい喜んでいる様子です。
695,vocab1300_p128_006,128,達成,たっせい,何かを成し遂げること,毎日練習して、今月の目標を達成しました。,達成は、何かを成し遂げることです。
696,vocab1300_p129_001,129,価値観,かちかん,何に価値を見出すかについての、人の判断,人によって大切に思うものが違うので、価値観も違います。,価値観は、何に価値を見出すかについての、人の判断のことです。
697,vocab1300_p129_002,129,無知,むち,何も知らないこと,礼儀作法について、私はまだ無知でした。,無知は、何も知らないことです。
698,vocab1300_p129_003,129,鼻をつく,はなをつく,臭いが強烈で、鼻が刺激されること,空き家の扉を開けると、強いにおいが鼻をつきました。,鼻をつくは、臭いが強烈で、鼻が刺激されることです。
699,vocab1300_p129_004,129,なぞらえる,なぞらえる,似ているものと比較して考えること,先生は、人生を山登りになぞらえて話しました。,なぞらえるは、似ているものと比較して考えること、たとえることです。
700,vocab1300_p129_005,129,こじれる,こじれる,話し合いなどがもつれること,小さな言い合いから、話がこじれてしまいました。,こじれるは、話し合いなどがもつれることです。
701,vocab1300_p129_006,129,愚痴,ぐち,不満を言うこと,父は仕事の愚痴をたまに言います。,愚痴は、不満を言うことです。
702,vocab1300_p130_001,130,分が悪い,ぶがわるい,不利であること、勝ち目がないこと,相手チームは人数が多く、この勝負は分が悪いです。,分が悪いは、不利であること、勝ち目がないことです。
703,vocab1300_p130_002,130,いっこうに,いっこうに,まったく、少しも,何度声をかけても、弟はいっこうに気にしませんでした。,いっこうには、まったく、少しも、という意味です。後ろに打ち消しの言葉が続くことが多いです。
704,vocab1300_p130_003,130,省略,しょうりゃく,短くするために一部をけずること,長い計算の式は、一部を省略して書きました。,省略は、短くするために一部をけずることです。
705,vocab1300_p130_004,130,たしなめる,たしなめる,良くない点やマナー違反を注意すること,先生は、ろうかを走った子を静かにたしなめました。,たしなめるは、良くない点やマナー違反を注意することです。
706,vocab1300_p130_005,130,迎合,げいごう,相手に合わせて、自分の考えや態度を変えること,人気のある人に迎合して、自分の考えを変えるのは少し残念です。,迎合は、相手に合わせて、自分の考えや態度を変えることです。
707,vocab1300_p130_006,130,華やか,はなやか,明るく、人目を引きつける様子,有名人が集まった会場は、華やかな雰囲気でした。,華やかは、明るく、人目を引きつける様子です。
708,vocab1300_p131_001,131,イメージ,イメージ,頭に思い描く姿や形,新しい部屋のイメージをノートに描きました。,イメージは、頭に思い描いたり、想像したりする姿や形のことです。
709,vocab1300_p131_002,131,あっけない,あっけない,思ったより簡単で物足りないこと,楽しみにしていた勝負は、すぐに終わってあっけないものでした。,あっけないは、思ったより簡単に終わって、物足りないことです。
710,vocab1300_p131_003,131,差し引き,さしひき,ある数から別の数を引くこと,おこづかいから本代を差し引くと、百円残りました。,差し引きは、ある数から別の数を引くこと、またその残りのことです。
711,vocab1300_p131_004,131,目が点になる,めがてんになる,とても驚いて、ぼうっとしてしまうこと,弟が急に大きな声で歌い出して、私は目が点になりました。,目が点になるは、とても驚いて、ぼうっとしてしまうことです。
712,vocab1300_p131_005,131,首をかしげる,くびをかしげる,不思議に思ったり、疑問に思ったりすること,答えが合わないので、青ちゃんは首をかしげました。,首をかしげるは、不思議に思ったり、疑問に思ったりすることです。
713,vocab1300_p131_006,131,培う,つちかう,時間をかけて、大切に育てること,毎日の読書で、少しずつ言葉の力を培います。,培うは、時間をかけて、大切に育てることです。
714,vocab1300_p132_001,132,自然現象,しぜんげんしょう,自然の中で起こるできごと,雷や台風は、自然現象の一つです。,自然現象は、自然の中で起こるできごとのことです。
715,vocab1300_p132_002,132,入念,にゅうねん,細かいところまで丁寧にすること,発表の前に、原稿を入念に読み直しました。,入念は、細かいところまで、じっくり丁寧にすることです。
716,vocab1300_p132_003,132,積極的,せっきょくてき,自分から進んで何かをしようとする態度,青ちゃんは、係の仕事に積極的に取り組みました。,積極的は、自分から進んで何かをしようとする前向きな態度です。
717,vocab1300_p132_004,132,手も足も出ない,てもあしもでない,自分の力ではどうすることもできないこと,難しい問題ばかりで、私は手も足も出ませんでした。,手も足も出ないは、自分の力ではどうすることもできない状態です。
718,vocab1300_p132_005,132,しこり,しこり,心に残る、すっきりしない気持ち,仲直りはしたけれど、心に少ししこりが残りました。,しこりは、心に残る、すっきりしない気持ちのことです。
719,vocab1300_p132_006,132,憔悴しきる,しょうすいしきる,強いショックや心配で、すっかり元気をなくすこと,迷子の犬を一日中探して、家族は憔悴しきっていました。,憔悴しきるは、強いショックや心配で、すっかり元気をなくすことです。
720,vocab1300_p133_001,133,一石二鳥,いっせきにちょう,一つのことで二つの利益を得ること,歩いて図書館へ行けば、運動にもなり本も借りられて一石二鳥です。,一石二鳥は、一つのことで、同時に二つの利益を得ることです。
721,vocab1300_p133_002,133,八方美人,はっぽうびじん,だれにでもよく思われようとする人,だれにでもいい顔をして、八方美人だと言われました。,八方美人は、だれに対してもよく思われようとする人のことです。
722,vocab1300_p133_003,133,前代未聞,ぜんだいみもん,今まで聞いたことがないくらい珍しいこと,学校で全員が満点を取るなんて、前代未聞のできごとです。,前代未聞は、今まで聞いたことがないくらい珍しいことです。
723,vocab1300_p133_004,133,三日坊主,みっかぼうず,長続きしないこと,日記を始めたのに三日坊主で終わってしまいました。,三日坊主は、飽きっぽくて、長続きしないことです。
724,vocab1300_p133_005,133,四苦八苦,しくはっく,いろいろ手こずって、とても苦労すること,難しい工作に四苦八苦しながら、ようやく完成させました。,四苦八苦は、いろいろと手こずって、とても苦労することです。
725,vocab1300_p133_006,133,古今東西,ここんとうざい,いつでもどこでも、昔も今もということ,古今東西、親が子どもを思う気持ちは変わりません。,古今東西は、いつでもどこでも、昔も今も、という意味です。
726,vocab1300_p135_001,135,手順,てじゅん,何かをするときの順序や段取り,先生が、折り紙の手順を一つずつ教えてくれました。,手順は、何かをするときの順序や段取りのことです。
727,vocab1300_p135_002,135,連想,れんそう,関係する別のものを思い出すこと,白い雲を見て、ソフトクリームを連想しました。,連想は、何かを見て、それと関係する別の何かを思い出すことです。
728,vocab1300_p135_003,135,食ってかかる,くってかかる,激しく文句を言うこと,負けたことがくやしくて、相手に食ってかかってしまいました。,食ってかかるは、相手に激しく文句を言うことです。
729,vocab1300_p135_004,135,口振り,くちぶり,話し方や言い方,姉の口振りから、何か知っているように感じました。,口振りは、話し方や言い方のことです。
730,vocab1300_p135_005,135,手玉に取る,てだまにとる,人を自分の思い通りに操ること,その人は話が上手で、相手を手玉に取りました。,手玉に取るは、人を自分の思い通りに操ることです。
731,vocab1300_p135_006,135,病み上がり,やみあがり,病気が治ったばかりで、まだ体力が十分でない状態,病み上がりなので、今日は体育を見学しました。,病み上がりは、病気が治ったばかりで、まだ体力が十分でない状態です。
732,vocab1300_p136_001,136,立て続け,たてつづけ,何かが連続して行われること,朝から立て続けにお客さんが来ました。,立て続けは、何かが連続して行われることです。
733,vocab1300_p136_002,136,万能,ばんのう,何でもできる多才なこと,その道具は切ることも量ることもできる万能な道具です。,万能は、何でもできる多才なことです。
734,vocab1300_p136_003,136,顔から火が出る,かおからひがでる,とても恥ずかしくて、顔が真っ赤になること,みんなの前で名前をまちがえて、顔から火が出る思いでした。,顔から火が出るは、とても恥ずかしくて、顔が真っ赤になることです。
735,vocab1300_p136_004,136,早春,そうしゅん,春の初め,早春になると、梅の花が少しずつ咲き始めます。,早春は、春の初めのことです。
736,vocab1300_p136_005,136,おおっぴら,おおっぴら,人目を気にせず、堂々としているようす,秘密にせず、おおっぴらにみんなへ知らせました。,おおっぴらは、人目を気にせず、堂々としているようすです。
737,vocab1300_p136_006,136,にぎわう,にぎわう,人が集まって、にぎやかになること,お祭りの日、駅前はたくさんの人でにぎわいました。,にぎわうは、人が集まって、にぎやかになることです。
738,vocab1300_p137_001,137,一存,いちぞん,一人だけで考えたことや独断,私の一存では決められないので、家族にも相談します。,一存は、一人だけで考えたことや独断のことです。
739,vocab1300_p137_002,137,何食わぬ顔,なにくわぬかお,本当は知っているのに、知らないふりをすること,弟はお菓子を食べたのに、何食わぬ顔で座っていました。,何食わぬ顔は、本当は知っているのに、知らないふりをすることです。
740,vocab1300_p137_003,137,目に浮かぶ,めにうかぶ,まるで見ているように思い出されること,運動会のことを聞くと、友だちの笑顔が目に浮かびます。,目に浮かぶは、まるでその場で見ているように、はっきりと思い出されることです。
741,vocab1300_p137_004,137,悪気,わるぎ,悪いことをしようとする心,からかっただけで、悪気はありませんでした。,悪気は、悪いことをしようとする心のことです。
742,vocab1300_p137_005,137,偽造,ぎぞう,本物に似せて、にせものを作ること,大切な書類を偽造するのは、してはいけないことです。,偽造は、本物に似せて、にせものを作ることです。
743,vocab1300_p137_006,137,反発,はんぱつ,相手の意見を受け入れず、はね返すこと,急にきまりを変えると言われ、みんなは反発しました。,反発は、相手の意見を受け入れず、はね返すことです。
744,vocab1300_p138_001,138,心を奪われる,こころをうばわれる,すっかり夢中になること,美しい星空を見て、青ちゃんは心を奪われました。,心を奪われるは、あることにすっかり夢中になることです。
745,vocab1300_p138_002,138,属する,ぞくする,ある団体やグループの一員であること,姉は学校の合唱部に属しています。,属するは、ある団体やグループの一員であることです。
746,vocab1300_p138_003,138,そそくさと,そそくさと,急いで落ち着かないようす,弟は注意されると、そそくさと部屋を出ていきました。,そそくさとは、急いで落ち着かないようすです。
747,vocab1300_p138_004,138,厳か,おごそか,威厳があり、重々しいようす,卒業式は、厳かな雰囲気の中で行われました。,厳かは、威厳があり、重々しいようすです。
748,vocab1300_p138_005,138,小手調べ,こてしらべ,本格的に始める前に、軽く調子を見ること,本番の前に、小手調べとして簡単な曲を弾きました。,小手調べは、本格的に始める前に、軽く調子を見てみることです。
749,vocab1300_p138_006,138,もどかしい,もどかしい,思い通りにいかなくて、じれったいこと,最後の答えがなかなか思い出せず、もどかしい気持ちになりました。,もどかしいは、思い通りにいかなくて、じれったいことです。
750,vocab1300_p139_001,139,けじめ,けじめ,物事の区別や、きちんとした切り替え,遊ぶ時間と勉強する時間のけじめをつけましょう。,けじめは、物事の区別や、きちんとした切り替えのことです。
751,vocab1300_p139_002,139,あえぐ,あえぐ,苦しそうに呼吸をすること,長い坂道を走って、弟はあえいでいました。,あえぐは、苦しそうに呼吸をすること、息を切らすことです。
752,vocab1300_p139_003,139,加減,かげん,加えたり減らしたりして、ちょうどよくすること,ボールを投げる力を加減して、妹に渡しました。,加減は、加えたり減らしたりして、ちょうどよい状態にすることです。
753,vocab1300_p139_004,139,メカニズム,メカニズム,仕組み、しかけ,自動ドアが開くメカニズムを調べました。,メカニズムは、仕組みやしかけのことです。
754,vocab1300_p139_005,139,腕をふるう,うでをふるう,自分の能力を十分に人に見せること,母はお客さんのために、料理の腕をふるいました。,腕をふるうは、自分の能力を十分に人に見せることです。
755,vocab1300_p139_006,139,夜更かし,よふかし,夜遅くまで起きていること,続きが気になって本を読んでいたら、夜更かししてしまいました。,夜更かしは、夜遅くまで起きていることです。
756,vocab1300_p140_001,140,専用,せんよう,その人や目的だけに使うこと,これは青ちゃん専用のノートです。,専用は、その人や目的だけに使うことです。
757,vocab1300_p140_002,140,ともすれば,ともすれば,どうかすると、そうなりやすいこと,忙しいと、ともすれば友だちへのありがとうを忘れがちです。,ともすればは、どうかすると、そうなりやすい、という意味です。
758,vocab1300_p140_003,140,ことさら,ことさら,特に、わざと,弟はことさら大きな声で、できたことを知らせました。,ことさらは、特に、わざと、という意味です。
759,vocab1300_p140_004,140,有り得る,ありうる,何かが起こる可能性があること,練習を重ねれば、逆転勝ちも有り得ます。,有り得るは、何かが起こる可能性があることです。
760,vocab1300_p140_005,140,意図,いと,何かをしようという考え,先生の意図を考えて、問題の解き方を説明しました。,意図は、何かをしようという考えのことです。
761,vocab1300_p140_006,140,しぐさ,しぐさ,何かをするときのちょっとした動きや表情,その子は、手をふるしぐさがかわいらしいです。,しぐさは、何かをするときのちょっとした動きや表情のことです。
762,vocab1300_p141_001,141,出払う,ではらう,人や物が全部外へ出て、残っていないこと,昼休みになると、教室の子どもたちはみんな出払いました。,出払うは、人や物が全部外へ出て、残っていないことです。
763,vocab1300_p141_002,141,青筋を立てる,あおすじをたてる,ひどく怒っているようす,何度注意してもやめないので、先生は青筋を立てて怒りました。,青筋を立てるは、ひどく怒っているようすを表します。
764,vocab1300_p141_003,141,頭が切れる,あたまがきれる,頭の回転が速く、賢いこと,姉は頭が切れるので、難しい問題もすぐに考えつきます。,頭が切れるは、頭の回転が速く、賢いことです。
765,vocab1300_p141_004,141,誠実,せいじつ,まじめで、真心が感じられること,その子は誠実な人で、約束をきちんと守ります。,誠実は、まじめで、真心が感じられることです。
766,vocab1300_p141_005,141,取り繕う,とりつくろう,失敗や都合の悪いところを、うまくごまかすこと,宿題を忘れた理由を取り繕っても、先生には分かってしまいました。,取り繕うは、失敗や都合の悪いところを、うまくごまかすことです。
767,vocab1300_p141_006,141,いたずらに,いたずらに,無駄に、何のかいもなく,決められないまま、いたずらに時間だけが過ぎました。,いたずらには、無駄に、何のかいもなく、という意味です。
768,vocab1300_p142_001,142,こじつけ,こじつけ,無理に理屈をつけること,その説明は少しこじつけで、本当の理由には聞こえませんでした。,こじつけは、無理に理屈をつけることです。
769,vocab1300_p142_002,142,握力,あくりょく,物を握る力,鉄棒に長くぶら下がるには、握力が必要です。,握力は、物を握る力のことです。
770,vocab1300_p142_003,142,度忘れ,どわすれ,よく知っていることを急に思い出せなくなること,よく知っている友だちの名前を、急に度忘れしました。,度忘れは、よく知っていることなのに、急に思い出せなくなることです。
771,vocab1300_p142_004,142,提案,ていあん,自分の考えやアイデアを出すこと,青ちゃんは、班の発表で別のやり方を提案しました。,提案は、自分の考えやアイデアを出すことです。
772,vocab1300_p142_005,142,忠告,ちゅうこく,相手のためを思って、良くない点を注意すること,危ない遊びをしていた友だちに、兄は忠告しました。,忠告は、相手のためを思って、良くない点を注意することです。
773,vocab1300_p142_006,142,一躍,いちやく,あっという間に、急に,大会で優勝して、その子は一躍人気者になりました。,一躍は、あっという間に、急に、という意味です。
774,vocab1300_p143_001,143,余地,よち,何かをするためのゆとり,もう席がいっぱいで、入る余地がありませんでした。,余地は、何かをするためのゆとりや余裕のことです。
775,vocab1300_p143_002,143,ひとかど,ひとかど,一人前であること,妹も自分で料理ができるようになり、ひとかどの人になりました。,ひとかどは、一人前であることです。
776,vocab1300_p143_003,143,矢も盾もたまらない,やもたてもたまらない,いてもたってもいられないこと,新しい本が届くと聞いて、矢も盾もたまらず本屋へ走りました。,矢も盾もたまらないは、いてもたってもいられないことです。
777,vocab1300_p143_004,143,致命的,ちめいてき,命取りになるようなこと,最後の計算ミスは、試合の結果を変える致命的なミスでした。,致命的は、命取りになるような、取り返しがつかないほど大きいことです。
778,vocab1300_p143_005,143,老化,ろうか,年を取って、体や物の働きが衰えること,道具も長く使うと、少しずつ老化して使いにくくなります。,老化は、年を取って、体や物の働きが衰えることです。
779,vocab1300_p143_006,143,味気ない,あじけない,面白くない、つまらないこと,音楽のない発表会は、少し味気なく感じました。,味気ないは、面白くない、つまらないという意味です。
780,vocab1300_p144_001,144,度胸,どきょう,こわがらずにやり通す強い心,大勢の前で発表するには、少し度胸がいります。,度胸は、こわがらずに物事をやり通す強い心です。
781,vocab1300_p144_002,144,軽やか,かろやか,動きや気分が軽く、さわやかなようす,妹は音楽に合わせて、軽やかにステップをふみました。,軽やかは、動きや気分が軽く、さわやかなようすです。
782,vocab1300_p144_003,144,からくり,からくり,物事の仕組みや、巧妙なしかけ,この箱が開くからくりを、みんなで考えました。,からくりは、物事の仕組みや、巧妙なしかけのことです。
783,vocab1300_p144_004,144,しゃくりあげる,しゃくりあげる,泣くときに、声や息を短く切らせること,弟はくやしくて、しゃくりあげながら泣いていました。,しゃくりあげるは、泣くときに声や息を短く切らせるようにすることです。
784,vocab1300_p144_005,144,いたれりつくせり,いたれりつくせり,心配りがよく行き届いていること,旅行先のホテルは、案内も食事もいたれりつくせりでした。,いたれりつくせりは、心配りがよく行き届いていることです。
785,vocab1300_p144_006,144,仲直り,なかなおり,けんかをした人どうしが、また仲良くなること,友だちとけんかをしたけれど、次の日に仲直りしました。,仲直りは、けんかをした人どうしが、また仲良くなることです。
786,vocab1300_p145_001,145,自給自足,じきゅうじそく,生活に必要なものを自分でまかなうこと,畑で野菜を育て、卵も家でとる自給自足の生活です。,自給自足は、生活に必要なものを自分で作り、自分でまかなうことです。
787,vocab1300_p145_002,145,弱肉強食,じゃくにくきょうしょく,強い者が弱い者を支配して栄えること,自然界では、弱肉強食のしくみが見られることがあります。,弱肉強食は、強い者が弱い者を支配して栄えることです。
788,vocab1300_p145_003,145,二人三脚,ににんさんきゃく,二人で力を合わせ、共同で作業すること,友だちと二人三脚で、自由研究を完成させました。,二人三脚は、二人で力を合わせ、共同で作業することです。
789,vocab1300_p145_004,145,右往左往,うおうさおう,どうしたらよいか分からず、あちらこちらへ動き回ること,持ち物を忘れて、朝から右往左往してしまいました。,右往左往は、どうしたらよいか分からず、あちらこちらへ動き回ることです。
790,vocab1300_p145_005,145,無我夢中,むがむちゅう,何かに心を奪われ、我を忘れること,青ちゃんは新しい本を無我夢中で読みました。,無我夢中は、何かに心を奪われ、我を忘れることです。
791,vocab1300_p145_006,145,百発百中,ひゃっぱつひゃくちゅう,ねらったものが、すべて当たること,その子の予想は、まるで百発百中でした。,百発百中は、ねらったものが、すべて当たることです。
792,vocab1300_p147_001,147,私服,しふく,自分の衣服,遠足の日は、制服ではなく私服で来てよいことになりました。,私服は、制服ではない、自分の衣服のことです。
793,vocab1300_p147_002,147,受け売り,うけうり,他の人から聞いたことを、自分の意見のように言うこと,友だちから聞いた話を、受け売りでみんなに話しました。,受け売りは、他の人から聞いたことを、自分の意見のように言うことです。
794,vocab1300_p147_003,147,駄目押し,だめおし,もう一度念を押して、確かめること,忘れ物がないか、家を出る前に駄目押しで確認しました。,駄目押しは、もう一度念を押して、確かめることです。
795,vocab1300_p147_004,147,目が利く,めがきく,物の価値や善し悪しを判断する力があること,母は野菜に目が利くので、おいしいものを選べます。,目が利くは、物の価値や善し悪しを判断する力があることです。
796,vocab1300_p147_005,147,両立,りょうりつ,二つのことを、どちらも成り立たせること,勉強とピアノを両立できるように、時間を決めました。,両立は、二つのことを、どちらも成り立たせることです。
797,vocab1300_p147_006,147,繰り下げる,くりさげる,予定より遅らせること,雨が強いので、開始時間を少し繰り下げました。,繰り下げるは、予定より遅らせることです。
798,vocab1300_p148_001,148,およそ,およそ,だいたい、ふつう、多くの場合,およそどんな計画でも、少しは予定と変わるものです。,およそは、だいたいのところ、ふつう、多くの場合、という意味です。
799,vocab1300_p148_002,148,まれ,まれ,とても珍しく、なかなか見られないこと,その子は、まれに見る歌の才能を持っています。,まれは、とても珍しく、なかなか見られないことです。
800,vocab1300_p148_003,148,足が早い,あしがはやい,食べ物が傷みやすく、腐りやすいこと,お刺身は足が早いので、買った日に食べました。,足が早いは、食べ物が傷みやすく、腐りやすいことです。走る速さの話ではありません。
801,vocab1300_p148_004,148,耳をそばだてる,みみをそばだてる,注意して、話し声や物音を聞き取ろうとすること,遠くから聞こえる笛の音に、耳をそばだてました。,耳をそばだてるは、注意して、話し声や物音を聞き取ろうとすることです。
802,vocab1300_p148_005,148,切り上げる,きりあげる,途中で終わりにすること,雨が強くなったので、外遊びを切り上げました。,切り上げるは、途中で終わりにすることです。
803,vocab1300_p148_006,148,制する,せいする,何かしようとするのを押しとどめること,先生は、走り出そうとする子を制しました。,制するは、何かしようとするのを押しとどめることです。
804,vocab1300_p149_001,149,耳にたこができる,みみにたこができる,何度も同じことを聞いて、あきあきしていること,早く寝なさいと何度も言われ、耳にたこができました。,耳にたこができるは、何度も同じことを聞いて、あきあきしていることです。
805,vocab1300_p149_002,149,しらを切る,しらをきる,本当は知っているのに、知らないふりをすること,お菓子を食べたのに、弟はしらを切りました。,しらを切るは、本当は知っているのに、知らないふりをすることです。
806,vocab1300_p149_003,149,リアル,リアル,本物そっくりであるようす,その恐竜の人形はリアルで、今にも動き出しそうでした。,リアルは、本物そっくりであるようすです。
807,vocab1300_p149_004,149,戒め,いましめ,間違いのないように、前もって与える注意,この失敗を戒めにして、次はよく確認します。,戒めは、間違いのないように、前もって与える注意のことです。
808,vocab1300_p149_005,149,もはや,もはや,もう今となっては,ここまで雨が強いと、もはや外で遊ぶことはできません。,もはやは、もう今となっては、という意味です。
809,vocab1300_p149_006,149,著しい,いちじるしい,明らかに目立っているようす,毎日練習したので、計算力の伸びが著しいです。,著しいは、明らかに目立っているようすです。
810,vocab1300_p150_001,150,たじろぐ,たじろぐ,驚きやショックで、その場から動けないようす,相手の強い言葉に、弟は思わずたじろぎました。,たじろぐは、驚きやショックで、その場から動けないようすです。
811,vocab1300_p150_002,150,あわや,あわや,もう少しで大変なことになりそうなところで,ボールが道路に転がり、あわや事故になるところでした。,あわやは、もう少しで大変なことになりそうなところで、という意味です。
812,vocab1300_p150_003,150,かまける,かまける,あることに集中して、他のことがおろそかになること,遊びにかまけて、宿題を少し忘れていました。,かまけるは、あることに集中して、他のことがおろそかになることです。
813,vocab1300_p150_004,150,構成,こうせい,いくつかの要素で、一つのものを作ること,五人のメンバーで、ダンスチームを構成しました。,構成は、いくつかの要素で、何か一つのものを作ることです。
814,vocab1300_p150_005,150,立ちつくす,たちつくす,驚きや悲しみで、立ったまま動けなくなること,チケットが売り切れと聞いて、妹は目の前で立ちつくしました。,立ちつくすは、驚きや悲しみで、立ったまま動けなくなることです。
815,vocab1300_p150_006,150,折り紙つき,おりがみつき,価値が確かなこと、定評があること,この店の味は折り紙つきで、いつも行列ができます。,折り紙つきは、価値が確かなこと、定評があることです。
816,vocab1300_p151_001,151,募金,ぼきん,寄付金を集めること,災害で困っている人を助けるため、学校で募金をしました。,募金は、寄付金を集めることです。
817,vocab1300_p151_002,151,顔がこわばる,かおがこわばる,緊張や恐怖で、表情がかたくなること,発表の順番が近づくと、緊張で顔がこわばりました。,顔がこわばるは、緊張や恐怖で表情がかたくなることです。
818,vocab1300_p151_003,151,口が減らない,くちがへらない,言い訳や屁理屈がうまく、言い返すこと,注意しても弟は口が減らず、また言い返してきました。,口が減らないは、言い訳や屁理屈がうまく、言い返してくることです。
819,vocab1300_p151_004,151,生い立ち,おいたち,子どものころから成長してきた様子,祖父から、父の子どものころの生い立ちを聞きました。,生い立ちは、子どものころから成長してきた様子です。
820,vocab1300_p151_005,151,愛用,あいよう,いつも好んで使うこと,青ちゃんは、愛用のえんぴつで毎朝の計算をしています。,愛用は、いつも好んで使うことです。
821,vocab1300_p151_006,151,プログラマー,プログラマー,コンピューターのプログラムを作る人,将来、ゲームを作るプログラマーになりたいと思いました。,プログラマーは、コンピューターのプログラムを作る人です。
822,vocab1300_p152_001,152,トラブル,トラブル,事件や問題,登校中にトラブルがあり、少し遅れて教室に入りました。,トラブルは、事件や問題のことです。
823,vocab1300_p152_002,152,リフレッシュ,リフレッシュ,体を動かしたり休んだりして、気分転換をすること,勉強の合間に散歩をして、気持ちをリフレッシュしました。,リフレッシュは、体を動かしたり休んだりして気分転換をすることです。
824,vocab1300_p152_003,152,プライド,プライド,自尊心、誇り,自分の仕事にはプライドを持って、最後までやり通します。,プライドは、自尊心や誇りのことです。
825,vocab1300_p152_004,152,浮かない顔,うかないかお,心配や不安があって、表情が暗いこと,テストの結果が心配で、友だちは浮かない顔をしていました。,浮かない顔は、心配や不安があって、表情が暗いことです。
826,vocab1300_p152_005,152,小出し,こだし,たくさんの中から、少しずつ出すこと,先生は、ヒントを小出しにしてくれました。,小出しは、たくさんの中から、少しずつ出すことです。
827,vocab1300_p152_006,152,そびれる,そびれる,ついうっかり、何かをするチャンスを逃すこと,忙しくしていたら、友だちに電話をかけそびれました。,そびれるは、ついうっかり何かをするチャンスを逃してしまうことです。
828,vocab1300_p153_001,153,矢つぎ早,やつぎばや,次から次に、続けて何かを行う様子,先生は、矢つぎ早に質問を出しました。,矢つぎ早は、次から次に、続けて何かを行う様子です。
829,vocab1300_p153_002,153,はにかみながら,はにかみながら,照れくさそうにしながら,妹は、はにかみながら自己紹介をしました。,はにかみながらは、照れくさそうにしながら、という意味です。
830,vocab1300_p153_003,153,上の空,うわのそら,何か他のことに気が散って、集中していない様子,授業中、弟は上の空で先生の話を聞いていませんでした。,上の空は、何か他のことに気が散って、集中していない様子です。
831,vocab1300_p153_004,153,あまねく,あまねく,広くすべて,その知らせは、学校中にあまねく伝わりました。,あまねくは、広くすべて、という意味です。
832,vocab1300_p153_005,153,ただならぬ,ただならぬ,ふだんと違って、何かが起こりそうな様子,先生の顔つきから、ただならぬ気配を感じました。,ただならぬは、ふだんと違って、何かが起こりそうな様子です。
833,vocab1300_p153_006,153,まことしやか,まことしやか,本当らしく見せる様子,友だちは、まことしやかに不思議な話を語りました。,まことしやかは、いかにも本当らしく見せる様子です。
834,vocab1300_p154_001,154,挽回,ばんかい,巻き返すこと,前半は負けていたけれど、後半で点を取り返して挽回しました。,挽回は、巻き返すこと、失ったものを取り戻すことです。
835,vocab1300_p154_002,154,未知,みち,まだ知らないこと,宇宙には、まだ未知のことがたくさんあります。,未知は、まだ知らないことです。
836,vocab1300_p154_003,154,環境,かんきょう,周りの状況,静かな環境だと、読書に集中しやすいです。,環境は、周りの状況のことです。
837,vocab1300_p154_004,154,ウエート,ウエート,もっとも大切なところ、重点,今日の練習では、基礎にウエートを置きました。,ウエートは、もっとも大切なところ、重点という意味です。
838,vocab1300_p154_005,154,センス,センス,良いものを感じとる感覚や能力,姉は服を選ぶセンスがよく、色の組み合わせが上手です。,センスは、良いものを感じとる感覚や能力のことです。
839,vocab1300_p154_006,154,助長,じょちょう,余計な力を貸して、かえって状況を悪くすること,甘やかしすぎると、わがままを助長してしまうことがあります。,助長は、余計な力を貸して、かえって状況を悪くすることです。
840,vocab1300_p155_001,155,うつろな目,うつろなめ,いきいきとしていない、ぼんやりした目,びっくりすることがあり、弟はうつろな目をしていました。,うつろな目は、いきいきとしていない、ぼんやりした目のことです。
841,vocab1300_p155_002,155,出ばなをくじく,でばなをくじく,意気込んで何かをしようとした矢先に、やる気を失わせること,やる気になったところで悪い点を言われ、出ばなをくじかれました。,出ばなをくじくは、何かをしようとした矢先に、やる気を失わせることです。
842,vocab1300_p155_003,155,匹敵する,ひってきする,大きさや強さが同じくらいであること,この選手の速さは、上級生にも匹敵します。,匹敵するは、大きさや強さが同じくらいであることです。
843,vocab1300_p155_004,155,鉢合わせ,はちあわせ,思いがけず、誰かに出会うこと,店を出たところで、昔の友だちと鉢合わせしました。,鉢合わせは、思いがけず誰かに出会うことです。
844,vocab1300_p155_005,155,錯覚,さっかく,思い違いや見間違い,暗い道で、石を動物だと錯覚しました。,錯覚は、思い違いや見間違いのことです。
845,vocab1300_p155_006,155,そっけない,そっけない,思いやりがなく、冷たい感じ,質問したのに、友だちはそっけない返事をしました。,そっけないは、思いやりがなく、冷たい感じのことです。
846,vocab1300_p156_001,156,ふてくされる,ふてくされる,機嫌が悪くなり、投げやりな態度になること,ゲームを止められて、弟はふてくされてしまいました。,ふてくされるは、機嫌が悪くなり、表情や態度が投げやりになることです。
847,vocab1300_p156_002,156,気晴らし,きばらし,気分転換,宿題のあと、気晴らしに犬と散歩へ行きました。,気晴らしは、気分転換のことです。
848,vocab1300_p156_003,156,気兼ね,きがね,相手に遠慮すること,気兼ねしないで、好きなだけお茶を飲んでください。,気兼ねは、相手に遠慮することです。
849,vocab1300_p156_004,156,企てる,くわだてる,計画を立てること,兄は、みんなを驚かせる作戦を企てました。,企てるは、計画を立てることです。
850,vocab1300_p156_005,156,とげのある,とげのある,皮肉や悪意がこもっている様子,友だちのとげのある言い方に、少しむかっとしました。,とげのあるは、言葉や態度に皮肉や悪意がこもっている様子です。
851,vocab1300_p156_006,156,つたない,つたない,こなれていない、上手でないこと,つたない字だけれど、心をこめて手紙を書きました。,つたないは、こなれていない、上手でないことです。
852,vocab1300_p157_001,157,一攫千金,いっかくせんきん,簡単な方法で、大金を一度に得ること,宝くじで一攫千金をねらう人もいます。,一攫千金は、簡単な方法で大金を一度に得ることです。
853,vocab1300_p157_002,157,一進一退,いっしんいったい,良くなったり悪くなったりすること,病気の具合は、一進一退をくり返しました。,一進一退は、良くなったり悪くなったりすることです。
854,vocab1300_p157_003,157,順風満帆,じゅんぷうまんぱん,順調に、思い通りに物事が進むこと,準備をしっかりしたので、発表は順風満帆に進みました。,順風満帆は、順調に、自分の思い通りに物事が進むことです。
855,vocab1300_p157_004,157,抱腹絶倒,ほうふくぜっとう,お腹を抱えて笑うほど面白いこと,新しいコメディー映画は、抱腹絶倒の面白さでした。,抱腹絶倒は、お腹を抱えて笑うほど面白いことです。
856,vocab1300_p157_005,157,正々堂々,せいせいどうどう,態度や行いが正しく、立派な様子,相手の悪口を言わず、正々堂々と試合をしました。,正々堂々は、態度や行いが正しく、立派な様子です。
857,vocab1300_p157_006,157,十人十色,じゅうにんといろ,人それぞれ考え方や好みが違うこと,好きな本は人によって違います。まさに十人十色です。,十人十色は、人それぞれ考え方や好みが違うことです。
858,vocab1300_p159_001,159,ためしがない,ためしがない,〜したことがない、前例がない,姉は目覚まし時計なしで起きたためしがありません。,ためしがないは、〜したことがない、そういう前例がない、という意味です。
859,vocab1300_p159_002,159,万全,ばんぜん,手ぬかりがなく、準備不足がないこと,忘れ物がないよう、万全の準備で出発しました。,万全は、手ぬかりがなく、準備不足がないことです。
860,vocab1300_p159_003,159,呆然,ぼうぜん,あっけにとられて、ぼんやりとしている様子,家の焼け跡を見て、その人は呆然と立ちつくしました。,呆然は、あっけにとられて、ぼんやりとしている様子です。
861,vocab1300_p159_004,159,切り札,きりふだ,いちばん強力な手段、奥の手,最後の切り札として、いちばん速い選手を出しました。,切り札は、いちばん強力な手段、奥の手のことです。
862,vocab1300_p159_005,159,謙遜,けんそん,いばらない、控えめな態度,ほめられても、兄は『まだまだです』と謙遜しました。,謙遜は、いばらない、控えめな態度のことです。
863,vocab1300_p159_006,159,むりじい,むりじい,嫌がる相手に、強引に何かをさせること,嫌いな食べ物をむりじいするのはよくありません。,むりじいは、嫌がる相手に、強引に何かをさせることです。
864,vocab1300_p160_001,160,目と鼻の先,めとはなのさき,すぐ近くであること,私の家は学校の目と鼻の先にあります。,目と鼻の先は、すぐ近くであること、あまり離れていないことです。
865,vocab1300_p160_002,160,風物詩,ふうぶつし,その季節の雰囲気をよく表した物事,やきいも屋さんの声は、冬の風物詩です。,風物詩は、その季節の雰囲気をよく表した物事です。
866,vocab1300_p160_003,160,拒絶,きょぜつ,強くこばむこと,頼んでみたけれど、きっぱり拒絶されてしまいました。,拒絶は、強くこばむことです。
867,vocab1300_p160_004,160,大胆,だいたん,度胸があり、思い切りよくやること,決勝戦で、青ちゃんは大胆なプレーを見せました。,大胆は、度胸があり、思い切りよくやることです。
868,vocab1300_p160_005,160,中断,ちゅうだん,途中でやめること,悪天候のため、試合を中断しました。,中断は、途中でやめることです。
869,vocab1300_p160_006,160,こそふさわしい,こそふさわしい,ぴったり合っていること,その役は、やさしい彼女にこそふさわしいと思います。,こそふさわしいは、ぴったり合っているという意味です。
870,vocab1300_p161_001,161,肥える,こえる,太ること、肉がつくこと,冬の間に、犬が少し肥えてきました。,肥えるは、太ること、肉がつくことです。
871,vocab1300_p161_002,161,よりによって,よりによって,他にもよい選択があるのに、あえてそれを選ぶようす,よりによって、大事な日に雨が降りました。,よりによっては、他にも選べるものがあるのに、なぜそれを選ぶのかと思うときに使います。
872,vocab1300_p161_003,161,異色,いしょく,他のものと違って、目立っていること,その本は、シリーズの中でも異色の作品でした。,異色は、他のものと違って、目立っていることです。
873,vocab1300_p161_004,161,知性,ちせい,物事を考えて判断する力,その人の話し方には、知性が感じられました。,知性は、物事を考えて判断する力のことです。
874,vocab1300_p161_005,161,繰り上げる,くりあげる,予定を早めること,雨が降りそうなので、出発時間を繰り上げました。,繰り上げるは、予定を早めることです。
875,vocab1300_p161_006,161,没頭,ぼっとう,脇目もふらず、何かに夢中になること,青ちゃんは、新しい本に没頭していました。,没頭は、脇目もふらず、何かに夢中になることです。
876,vocab1300_p162_001,162,我が物顔,わがものがお,いばって、自分中心のようにふるまう様子,弟はソファに我が物顔で座っていました。,我が物顔は、あたかも自分が中心であるかのように、いばっている様子です。
877,vocab1300_p162_002,162,ずさん,ずさん,いい加減で、ミスや間違いが多いこと,ずさんな確認だったので、忘れ物に気づきませんでした。,ずさんは、いい加減で、ミスや間違いが多いことです。
878,vocab1300_p162_003,162,天性,てんせい,生まれつき持っている性格や性質,その子には、天性の明るさがあります。,天性は、生まれつき持っている性格や性質のことです。
879,vocab1300_p162_004,162,和やか,なごやか,おだやかで、雰囲気がやわらいでいる様子,話し合いは、和やかな雰囲気で進みました。,和やかは、おだやかで、雰囲気がやわらいでいる様子です。
880,vocab1300_p162_005,162,あらわにする,あらわにする,隠さないで、はっきり見えるようにすること,調査で、問題の原因があらわになりました。,あらわにするは、隠れていたことをはっきり見えるようにすることです。
881,vocab1300_p162_006,162,口を割る,くちをわる,隠していたことを打ち明けること,何度も聞かれて、弟はとうとう口を割りました。,口を割るは、隠していたことを打ち明けることです。
882,vocab1300_p163_001,163,強情,ごうじょう,かたくなで、意地っ張りな態度,弟は強情で、まちがいをなかなか認めません。,強情は、かたくなで、意地っ張りな態度のことです。
883,vocab1300_p163_002,163,口約束,くちやくそく,紙に書かないで、口だけで約束すること,口約束だけでは忘れることもあるので、メモをしました。,口約束は、紙に書かないで、口だけで約束することです。
884,vocab1300_p163_003,163,考えあぐねる,かんがえあぐねる,考えてもよい結論が出ず、困ること,自由研究のテーマを決められず、考えあぐねました。,考えあぐねるは、考えてもよい結論が出ず、困ることです。
885,vocab1300_p163_004,163,血の気が引く,ちのけがひく,恐怖などのために、顔色が青ざめること,大事なノートをなくしたと思い、血の気が引きました。,血の気が引くは、恐怖や驚きなどで、顔色が青ざめることです。
886,vocab1300_p163_005,163,うめく,うめく,苦しくて、うなり声を出すこと,転んでひざを打ち、友だちは小さくうめきました。,うめくは、苦しくて、うなり声を出すことです。
887,vocab1300_p163_006,163,あさはか,あさはか,軽率で、考えが足りない様子,名前を書かずに出したのは、あさはかな考えでした。,あさはかは、軽率で、考えが足りない様子です。
888,vocab1300_p164_001,164,はぐらかす,はぐらかす,話をそらして、まともに答えないようにすること,理由を聞いたのに、弟は話をはぐらかしました。,はぐらかすは、話をそらして、まともに答えないようにすることです。
889,vocab1300_p164_002,164,さっそう,さっそう,さわやかで、気持ちのよい様子,姉は新しい服で、さっそうと歩いていました。,さっそうは、さわやかで、気持ちのよい様子です。
890,vocab1300_p164_003,164,プライバシー,プライバシー,私生活など、見せるつもりのない個人的な事柄,人の手紙を勝手に読むのは、プライバシーを大切にしていません。,プライバシーは、私生活など、一般の人に見せるつもりのない個人的な事柄です。
891,vocab1300_p164_004,164,雑用,ざつよう,こまごました仕事,先生の机を運ぶなど、いくつかの雑用を手伝いました。,雑用は、重要ではない、こまごました仕事のことです。
892,vocab1300_p164_005,164,まどろむ,まどろむ,少しの間、眠ること,音楽を聞いているうちに、少しまどろんでしまいました。,まどろむは、少しの間、眠ることです。
893,vocab1300_p164_006,164,裏腹,うらはら,正反対であること,試合に勝ちたい気持ちとは裏腹に、体が動きませんでした。,裏腹は、正反対であることです。
894,vocab1300_p165_001,165,風の吹き回し,かぜのふきまわし,その時の気分やなりゆき,弟が急に部屋を片づけるなんて、どういう風の吹き回しでしょう。,風の吹き回しは、その時の気分やなりゆきのことです。いつもと違う行動を不思議に思うときにも使います。
895,vocab1300_p165_002,165,エスカレート,エスカレート,だんだんと激しさを増していくこと,言い合いがエスカレートして、けんかになってしまいました。,エスカレートは、だんだんと激しさを増していくことです。
896,vocab1300_p165_003,165,白状,はくじょう,包み隠さず事実を打ち明けること,お菓子を食べたことを、弟は白状しました。,白状は、包み隠さず事実を打ち明けることです。
897,vocab1300_p165_004,165,償う,つぐなう,罪や過ちを埋め合わせること,友だちの物をこわしたので、手伝いをして償いました。,償うは、罪や過ちを埋め合わせることです。
898,vocab1300_p165_005,165,たけなわ,たけなわ,何かがいちばん盛り上がっているとき,お祭りがたけなわのころ、太鼓の音が大きくなりました。,たけなわは、何かがいちばん盛り上がっているときのことです。
899,vocab1300_p165_006,165,きまりが悪い,きまりがわるい,何となく恥ずかしいこと,名前をまちがえて呼ばれ、少しきまりが悪くなりました。,きまりが悪いは、何となく恥ずかしいという意味です。
900,vocab1300_p166_001,166,委ねる,ゆだねる,判断や決定を人に任せること,どちらを選ぶかは、先生の判断に委ねました。,委ねるは、判断や決定を人に任せることです。
901,vocab1300_p166_002,166,押しのける,おしのける,人を強引に押しやること,満員電車で、前の人を押しのけて進むのは危ないです。,押しのけるは、人を強引に押しやることです。
902,vocab1300_p166_003,166,心当たり,こころあたり,思い当たること,なくした本の場所に、心当たりはありませんか。,心当たりは、何か思い当たることです。
903,vocab1300_p166_004,166,心底,しんそこ,本当に心から,友だちの成功を、心底うれしいと思いました。,心底は、本当に心から、という意味です。
904,vocab1300_p166_005,166,日課,にっか,毎日すると決めていること,朝起きてストレッチをするのが、私の日課です。,日課は、毎日すると決めていることです。
905,vocab1300_p166_006,166,恩恵,おんけい,恩を受けること。ありがたみを受けること。,インターネットの恩恵で、遠くの人とも話せます。,恩恵は、恩を受けること、ありがたみを受けることです。
906,vocab1300_p167_001,167,使わざるを得ない,つかわざるをえない,〜しないわけにはいかないこと,電車が止まったので、タクシーを使わざるを得ませんでした。,使わざるを得ないは、使わないわけにはいかない、という意味です。
907,vocab1300_p167_002,167,危なげない,あぶなげない,危なっかしくなくて、安心できる様子,その子は、危なげない演奏をしました。,危なげないは、危なっかしくなくて、安心できる様子です。
908,vocab1300_p167_003,167,説得,せっとく,言い聞かせて納得させること,母を説得して、バレエを習い始めました。,説得は、言い聞かせて納得させることです。
909,vocab1300_p167_004,167,淡い,あわい,色が薄いこと,桜の花は、淡いピンク色でした。,淡いは、色が薄いことです。
910,vocab1300_p167_005,167,みそ,みそ,売りとなるところ、特徴,このゲームは、友だちと協力するところがみそです。,みそは、売りとなるところ、特徴や特色のことです。食べるみその意味ではありません。
911,vocab1300_p167_006,167,踊り場,おどりば,階段と階段の間にある、広く平らなスペース,階段の踊り場で、友だちと少し話しました。,踊り場は、階段と階段の間にある、広く平らなスペースです。
912,vocab1300_p168_001,168,きざ,きざ,きどっている様子,その人は、きざなせりふを言ってみんなを笑わせました。,きざは、きどっている様子です。
913,vocab1300_p168_002,168,つぶさに,つぶさに,くわしく、詳細に,植物の葉の形を、つぶさに観察しました。,つぶさには、くわしく、詳細に、という意味です。
914,vocab1300_p168_003,168,快適,かいてき,心地よいこと,風がよく通って、この部屋はとても快適です。,快適は、心地よいことです。
915,vocab1300_p168_004,168,見込み,みこみ,今後の可能性,毎日練習すれば、上手になる見込みがあります。,見込みは、今後の可能性のことです。
916,vocab1300_p168_005,168,セレモニー,セレモニー,儀式・式典・祭典,学校の開校記念セレモニーが行われました。,セレモニーは、儀式・式典・祭典のことです。
917,vocab1300_p168_006,168,了解,りょうかい,事情を納得すること、説明を理解すること,先生の指示を了解して、すぐに準備を始めました。,了解は、事情を納得することや、説明などを理解することです。
918,vocab1300_p169_001,169,矛盾,むじゅん,食い違って、つじつまが合わないこと,昨日と今日で言っていることが違い、話が矛盾しています。,矛盾は、食い違って、つじつまが合わないことです。
919,vocab1300_p169_002,169,杞憂,きゆう,心配しなくてよいことを、あれこれ気に病むこと,いろいろ心配したけれど、すべて杞憂に終わりました。,杞憂は、心配しなくてよいことを、あれこれ気に病むことです。
920,vocab1300_p169_003,169,蛍雪の功,けいせつのこう,苦労して勉強に励んだ結果,毎日こつこつ勉強した蛍雪の功で、合格できました。,蛍雪の功は、苦労して勉強に励んだ結果のことです。
921,vocab1300_p169_004,169,四面楚歌,しめんそか,周囲が敵ばかりで、味方がいないこと,みんなに反対されて、兄は四面楚歌の状態でした。,四面楚歌は、周囲が敵ばかりで、味方がいないことです。
922,vocab1300_p169_005,169,臥薪嘗胆,がしんしょうたん,目的のために、一所懸命努力すること,次こそ勝つために、チームは臥薪嘗胆の日々を送りました。,臥薪嘗胆は、目的のために一所懸命がんばったり努力したりすることです。
923,vocab1300_p169_006,169,悪事千里を走る,あくじせんりをはしる,悪いうわさは、すぐに広まるというたとえ,悪い評判はすぐに広まります。悪事千里を走るですね。,悪事千里を走るは、悪いうわさはすぐに広まるというたとえです。
924,vocab1300_p171_001,171,ねたむ,ねたむ,うらやましさのあまり、にくらしく思うこと,友だちが賞を取ったのを、少しねたんでしまいました。,ねたむは、うらやましさから、相手をにくらしく思うことです。
925,vocab1300_p171_002,171,胸がときめく,むねがときめく,嬉しさや期待で、胸がどきどきすること,新しい本を開く前、胸がときめきました。,胸がときめくは、嬉しさや期待で、胸がどきどきわくわくすることです。
926,vocab1300_p171_003,171,ニュアンス,ニュアンス,音や言葉などの、微妙な違いや感じ方,同じ『すごい』でも、言い方でニュアンスが変わります。,ニュアンスは、音・言葉・色などの、微妙な違いやその感じ方です。
927,vocab1300_p171_004,171,あばく,あばく,隠していたことを探り出して明らかにすること,新聞記者は、事件の真相をあばきました。,あばくは、隠していたことを探り出して明らかにすることです。
928,vocab1300_p171_005,171,肩で風を切って,かたでかぜをきって,肩を高く上げて、偉そうに歩く様子,勝ったチームの子が、肩で風を切って歩いていました。,肩で風を切っては、偉そうに歩く様子を表します。
929,vocab1300_p171_006,171,底力,そこぢから,ここぞというときに出る力,最後の一点で、チームの底力が出ました。,底力は、ここぞという大事なときに出る力です。
930,vocab1300_p172_001,172,信頼,しんらい,誰かを信じる気持ち,大事な係を任されて、先生から信頼されていると感じました。,信頼は、誰かを信じる気持ちです。
931,vocab1300_p172_002,172,添える,そえる,付け加えること,プレゼントに、短い手紙を添えました。,添えるは、何かに付け加えることです。
932,vocab1300_p172_003,172,あいにく,あいにく,都合の悪いことに,あいにく、楽しみにしていた店は休みでした。,あいにくは、都合の悪いことに、という意味です。
933,vocab1300_p172_004,172,潤い,うるおい,適度な湿り気,クリームをぬると、手に潤いが戻りました。,潤いは、適度な湿り気のことです。
934,vocab1300_p172_005,172,段取り,だんどり,手順や進め方,発表会の段取りを、先生と確認しました。,段取りは、物事の手順や進め方です。
935,vocab1300_p172_006,172,もてあます,もてあます,どう扱ってよいか分からず、困ること,大きすぎるぬいぐるみを、置き場所に困ってもてあましました。,もてあますは、どう扱ってよいか分からず、困ることです。
936,vocab1300_p173_001,173,意気込む,いきごむ,何かをしようと奮い立つこと,青ちゃんは、漢字テストで満点を取るぞと意気込みました。,意気込むは、何かをしようと気持ちをふるい立たせることです。
937,vocab1300_p173_002,173,背水の陣,はいすいのじん,逃げ場がなく、失敗したら後がない状況,これに勝たないと終わりなので、背水の陣で試合に出ました。,背水の陣は、逃げ場がなく、失敗したら後がない状況です。
938,vocab1300_p173_003,173,血眼になる,ちまなこになる,必死になって何かをすること,なくした鍵を、家族みんなで血眼になって探しました。,血眼になるは、必死になって何かをすることです。
939,vocab1300_p173_004,173,かぶりをふる,かぶりをふる,否定の意思を示して、頭を左右にふること,弟は『ちがうよ』と言いながら、かぶりをふりました。,かぶりをふるは、否定の意思を示して、頭を左右にふることです。
940,vocab1300_p173_005,173,度肝を抜く,どぎもをぬく,ひどく驚かせること,マジックのすごい技は、見ている人の度肝を抜きました。,度肝を抜くは、相手をひどく驚かせることです。
941,vocab1300_p173_006,173,几帳面,きちょうめん,まじめで細かい性格,兄は几帳面で、ノートをいつもまっすぐに書きます。,几帳面は、まじめで細かい性格のことです。
942,vocab1300_p174_001,174,あっぱれ,あっぱれ,驚くほど見事な様子,最後まで走りきった姿は、あっぱれでした。,あっぱれは、驚くほど見事な様子です。
943,vocab1300_p174_002,174,等分,とうぶん,同じ大きさや分量に分けること,ケーキを四人で等分しました。,等分は、同じ大きさや分量に分けることです。
944,vocab1300_p174_003,174,堂々巡り,どうどうめぐり,同じことを繰り返して、先へ進まないこと,話し合いは堂々巡りで、なかなか決まりませんでした。,堂々巡りは、同じことを繰り返して、先へ進まないことです。
945,vocab1300_p174_004,174,先見の明,せんけんのめい,これから起こることや将来を見抜く力,早めに準備した母には、先見の明がありました。,先見の明は、これから起こることや将来を見抜く力です。
946,vocab1300_p174_005,174,複数,ふくすう,二つ以上の数,この問題には、複数の答えがあります。,複数は、二つ以上の数のことです。
947,vocab1300_p174_006,174,断固,だんこ,きっぱりとした態度や様子,危ない遊びには、断固として反対しました。,断固は、きっぱりとした態度や様子です。
948,vocab1300_p175_001,175,あぶれる,あぶれる,決められた人数の中に入れないこと,人数が多すぎて、ペアに入れず一人あぶれました。,あぶれるは、決められた人数の中に入れないことです。
949,vocab1300_p175_002,175,気が置けない,きがおけない,気を遣わずに、楽につき合えること,幼なじみは、何でも話せる気が置けない友だちです。,気が置けないは、遠慮しなくてよいという意味です。「油断できない」という意味ではありません。
950,vocab1300_p175_003,175,プライベート,プライベート,個人に関わる物事、私的なこと,先生のプライベートな話は、あまり聞きすぎないようにしました。,プライベートは、個人に関わる物事や、私的なことです。
951,vocab1300_p175_004,175,独立,どくりつ,自立すること,兄は大学を出たら、家を出て独立する予定です。,独立は、人に頼らず自立することです。
952,vocab1300_p175_005,175,うららか,うららか,空が晴れて、明るくおだやかな様子,うららかな春の日に、公園を散歩しました。,うららかは、空が晴れて、明るくおだやかな様子です。
953,vocab1300_p175_006,175,育む,はぐくむ,大切に養い、育てること,毎日の読書で、言葉の力を育みます。,育むは、大切に養い、育てることです。
954,vocab1300_p176_001,176,おぼつかない,おぼつかない,確かでない、はっきりしない,昔のことすぎて、記憶がおぼつかないです。,おぼつかないは、確かでない、はっきりしないという意味です。
955,vocab1300_p176_002,176,言わば,いわば,たとえて言えば,このノートは、言わば私だけの小さな辞書です。,言わばは、たとえて言えば、という意味です。
956,vocab1300_p176_003,176,身につまされる,みにつまされる,他人の不幸が自分のことのように思えてつらくなること,迷子になった子の話を聞いて、身につまされました。,身につまされるは、他人の不幸や災難が、自分のことのように思えてつらくなることです。
957,vocab1300_p176_004,176,まれ,まれ,たまにしかないこと,この町で雪が降るのはまれです。,まれは、たまにしかないことです。
958,vocab1300_p176_005,176,口外,こうがい,誰かに話すこと,この話は秘密なので、口外しないでください。,口外は、秘密などを誰かに話すことです。
959,vocab1300_p176_006,176,足が棒になる,あしがぼうになる,長時間歩いて、足がこわばりだるくなること,遠足で一日中歩いて、足が棒になりました。,足が棒になるは、長時間歩いて、足がこわばりだるくなることです。
960,vocab1300_p177_001,177,手間取る,てまどる,手こずって、時間がかかること,鍵を開けるのに手間取り、集合に少し遅れました。,手間取るは、手こずって、時間がかかることです。
961,vocab1300_p177_002,177,合間,あいま,何かと何かの間,授業の合間に、職員室へ行きました。,合間は、何かと何かの間のことです。
962,vocab1300_p177_003,177,断じて,だんじて,何が何でも絶対に,人の悪口を言うのは、断じてよくありません。,断じては、何が何でも絶対に、という意味です。
963,vocab1300_p177_004,177,漠然,ばくぜん,はっきりしない様子,将来について、まだ漠然としか考えていません。,漠然は、はっきりしない様子です。
964,vocab1300_p177_005,177,うってつけ,うってつけ,ぴったり合っていること,この広い公園は、鬼ごっこにうってつけです。,うってつけは、ぴったり合っていることです。
965,vocab1300_p177_006,177,一点張り,いってんばり,一つのことを貫き通すこと,弟は『行かない』の一点張りで、考えを変えませんでした。,一点張りは、一つのことを貫き通すことや、同じことを言い張ることです。
966,vocab1300_p178_001,178,感化,かんか,人に影響を与えて、考え方や行動を変えること,友だちに感化されて、私も読書を始めました。,感化は、人に影響を与えて、考え方や行動を変化させることです。
967,vocab1300_p178_002,178,腰が引ける,こしがひける,不安や恐怖で、ひるむ様子,高い台から飛ぶ前に、少し腰が引けました。,腰が引けるは、不安や恐怖で、ひるむ様子です。
968,vocab1300_p178_003,178,苦虫をかみつぶしたような,にがむしをかみつぶしたような,不愉快で、苦々しい顔つきの様子,苦手な薬を見て、弟は苦虫をかみつぶしたような顔をしました。,苦虫をかみつぶしたようなは、不愉快で、苦々しい顔つきをする様子です。
969,vocab1300_p178_004,178,鼻が高い,はながたかい,誇らしく、得意げである様子,妹が表彰されて、家族は鼻が高い思いでした。,鼻が高いは、誇らしく、得意げである様子です。
970,vocab1300_p178_005,178,題材,だいざい,作品や話のもとになるテーマ,作文の題材に、おばあちゃんの話を選びました。,題材は、作品や話のもとになるテーマです。
971,vocab1300_p178_006,178,困難,こんなん,やり遂げるのが難しいこと,一人で大きな机を運ぶのは困難です。,困難は、やり遂げるのが難しいことです。
972,vocab1300_p179_001,179,札付き,ふだつき,悪い評判が世間に定着していること,その人は、町では札付きの悪い人として知られていました。,札付きは、悪い評判が世間に定着していることです。
973,vocab1300_p179_002,179,ふりむきざま,ふりむきざま,ふりむくと同時に,青ちゃんは、ふりむきざまに名前を呼ばれました。,ふりむきざまは、ふりむくと同時に、という意味です。
974,vocab1300_p179_003,179,いなす,いなす,相手の攻撃や要求を軽くあしらうこと,しつこい質問を、先生はやさしくいなしました。,いなすは、相手の攻撃や要求を軽くあしらうことです。
975,vocab1300_p179_004,179,あからさま,あからさま,ありのままで、隠さない様子,その子は、あからさまに嫌な顔をしました。,あからさまは、ありのままで、隠さない様子です。
976,vocab1300_p179_005,179,先駆者,せんくしゃ,ある分野で、その道を最初に切り開いた人,その科学者は、新しい研究の先駆者です。,先駆者は、ある分野で、その道を最初に切り開いた人です。
977,vocab1300_p179_006,179,言い損なう,いいそこなう,言い間違うこと、言いそびれること,帰り際に、お礼を言い損なってしまいました。,言い損なうは、言い間違ったり、言いそびれたりすることです。
978,vocab1300_p180_001,180,滞在,たいざい,家を離れて、他の土地にとどまること,夏休みに、祖父母の家に一週間滞在しました。,滞在は、家を離れて、他の土地にしばらくとどまることです。
979,vocab1300_p180_002,180,手を焼く,てをやく,うまく処理できず、手こずること,先生は、おしゃべりが止まらない生徒に手を焼いていました。,手を焼くは、うまく処理できず、手こずることです。
980,vocab1300_p180_003,180,息をはずませる,いきをはずませる,運動や気持ちの高ぶりで、息が激しくなること,走ってきた弟は、息をはずませて話し始めました。,息をはずませるは、運動したり気持ちが高ぶったりして、息が激しくなることです。
981,vocab1300_p180_004,180,うつぶせ,うつぶせ,顔を下にして横たわっている様子,妹は本を読みながら、うつぶせに寝ていました。,うつぶせは、顔を下にして横たわっている様子です。
982,vocab1300_p180_005,180,断言,だんげん,きっぱりと言うこと,私は『まちがいない』と断言しました。,断言は、きっぱりと言うことです。
983,vocab1300_p180_006,180,気安く,きやすく,気楽に、何でも話せるように,その友だちとは、気安く何でも話せます。,気安くは、気楽に、何でも話せるように、という意味です。
984,vocab1300_p181_001,181,一難去ってまた一難,いちなんさってまたいちなん,一つの災難のあと、また次の災難が来ること,熱が下がったと思ったら、今度はのどが痛くなりました。一難去ってまた一難です。,一難去ってまた一難は、一つの困ったことが終わったと思ったら、また次の困ったことが起こることです。
985,vocab1300_p181_002,181,三度目の正直,さんどめのしょうじき,三回目こそ、うまくいくということ,二回失敗したけれど、三度目の正直で成功しました。,三度目の正直は、一度目、二度目はだめでも、三度目はうまくいくという意味です。
986,vocab1300_p181_003,181,七転び八起き,ななころびやおき,何度失敗しても、へこたれずにがんばること,テストで失敗しても、七転び八起きの気持ちで勉強を続けました。,七転び八起きは、何度失敗しても、あきらめずに立ち上がることです。
987,vocab1300_p181_004,181,二度あることは三度ある,にどあることはさんどある,同じことは繰り返されるということ,同じ忘れ物を二回したので、二度あることは三度あると思って確認しました。,二度あることは三度あるは、同じようなことはまた起こりやすいという意味です。
988,vocab1300_p181_005,181,人のうわさも七十五日,ひとのうわさもしちじゅうごにち,うわさされても、時間が経てば忘れられること,少しからかわれたけれど、人のうわさも七十五日だと思うことにしました。,人のうわさも七十五日は、うわさされても、時間が経てば忘れられるという意味です。
989,vocab1300_p181_006,181,九死に一生を得る,きゅうしにいっしょうをえる,死にそうな危険から、何とか助かること,大きな事故にあったけれど助かり、九死に一生を得ました。,九死に一生を得るは、とても危ない状態から、何とか助かることです。
990,vocab1300_p183_001,183,緻密,ちみつ,細かいところまで注意して、不備がないこと,その人の計画は緻密で、時間まで細かく決められていました。,緻密は、細かいところまでよく考えられていて、不備がないことです。
991,vocab1300_p183_002,183,いざなう,いざなう,誘う、連れていくこと,先生は、私たちを本の世界へいざなってくれました。,いざなうは、誘ったり、どこかへ連れていったりすることです。
992,vocab1300_p183_003,183,抜き打ち,ぬきうち,事前に知らせず、いきなり行うこと,今日は抜き打ちで、漢字の小テストがありました。,抜き打ちは、前もって知らせずに、いきなり調査やテストをすることです。
993,vocab1300_p183_004,183,使い果たす,つかいはたす,全部使い切ってしまうこと,工作で色紙を全部使い果たしてしまいました。,使い果たすは、残らないように全部使い切ることです。
994,vocab1300_p183_005,183,敬う,うやまう,尊敬すること,私は、昔から町を守ってきた人たちを敬っています。,敬うは、相手を大切に思い、尊敬することです。
995,vocab1300_p183_006,183,血相を変える,けっそうをかえる,大変驚いたり怒ったりして、顔色を変えること,弟がけがをしたと聞いて、母は血相を変えて走ってきました。,血相を変えるは、とても驚いたり怒ったりして、顔色が変わるような様子です。
996,vocab1300_p184_001,184,気休め,きやすめ,その場限りの慰め,気休めかもしれないけれど、『大丈夫』と言ってもらって少し安心しました。,気休めは、その場だけでも心を落ち着かせるような慰めです。
997,vocab1300_p184_002,184,慎む,つつしむ,度が過ぎないように控えること,相手を傷つけないように、言葉を慎みました。,慎むは、やりすぎたり言いすぎたりしないように控えることです。
998,vocab1300_p184_003,184,たわいない,たわいない,取るに足りないこと,帰り道、たわいない話をしながら歩きました。,たわいないは、深刻ではなく、取るに足りないという意味です。
999,vocab1300_p184_004,184,企画,きかく,新しい物事を考え、計画を立てること,クラスで新しい読書イベントを企画しました。,企画は、新しい物事を考え、実現するための計画を立てることです。
1000,vocab1300_p184_005,184,せきたてる,せきたてる,何かを早くするように促すこと,出発時間が近いので、母にせきたてられました。,せきたてるは、早くするように強く促すことです。
1001,vocab1300_p184_006,184,顔に泥をぬる,かおにどろをぬる,相手に恥をかかせ、面目を傷つけること,みんなの前でひどい失敗をして、チームの顔に泥をぬってしまいました。,顔に泥をぬるは、相手に恥をかかせたり、面目を傷つけたりすることです。
1002,vocab1300_p185_001,185,見せしめ,みせしめ,罰を受ける人を周囲に見せて戒めにすること,先生は見せしめのために、一人だけ大声で叱ることはしませんでした。,見せしめは、罰を受ける人を周囲に見せて、他の人への戒めにすることです。
1003,vocab1300_p185_002,185,誇らしい,ほこらしい,鼻が高く、得意で自慢したい気分であること,妹が賞をもらい、家族みんなが誇らしい気持ちになりました。,誇らしいは、鼻が高く、得意で自慢したいような気持ちです。
1004,vocab1300_p185_003,185,促す,うながす,早く何かをするように仕向けること,先生は、早く帰るように生徒を促しました。,促すは、相手が早く何かをするように仕向けることです。
1005,vocab1300_p185_004,185,衝撃,しょうげき,ぶつかったときに加えられる力,転んだときの衝撃で、ひざを打ちました。,衝撃は、何かがぶつかったときに加えられる力のことです。
1006,vocab1300_p185_005,185,見ばえ,みばえ,見た目がよく、人目を引くこと,色をそろえると、ノートの見ばえがよくなりました。,見ばえは、見た目がよく、人目を引くことです。
1007,vocab1300_p185_006,185,浪費,ろうひ,無駄にお金や時間などを使うこと,使わない物ばかり買うのは、お金の浪費です。,浪費は、お金や時間などを無駄に使うことです。
1008,vocab1300_p186_001,186,まれではない,まれではない,めずらしくない様子,この公園で野生の鳥を見るのは、まれではありません。,まれではないは、めずらしくないという意味です。
1009,vocab1300_p186_002,186,鼻をあかす,はなをあかす,相手の意表をついて、あっと驚かせること,強い相手に勝って、みんなの鼻をあかしました。,鼻をあかすは、相手が思っていなかったことで、あっと驚かせることです。
1010,vocab1300_p186_003,186,再利用,さいりよう,一度使ったものを、もう一度使うこと,牛乳パックを再利用して、工作をしました。,再利用は、一度使ったものを、もう一度使うことです。
1011,vocab1300_p186_004,186,こっけい,こっけい,おかしい、面白い,友だちの変な動きがこっけいで、笑ってしまいました。,こっけいは、おかしくて面白い様子です。
1012,vocab1300_p186_005,186,胸に手を当てて,むねにてをあてて,落ち着いて、じっくり考えて,自分のしたことを、胸に手を当てて考えてみました。,胸に手を当てては、落ち着いて自分の心に聞くように考えることです。
1013,vocab1300_p186_006,186,一方的,いっぽうてき,偏っている様子,相手の話を聞かずに、一方的な意見を言ってしまいました。,一方的は、片方だけに偏っている様子です。
1014,vocab1300_p187_001,187,足が出る,あしがでる,予定した以上にお金が出ていくこと,おみやげを買いすぎて、予定より足が出ました。,足が出るは、予定していたより多くお金が出ていくことです。
1015,vocab1300_p187_002,187,二つ返事,ふたつへんじ,快く承知すること,手伝ってと頼むと、友だちは二つ返事で引き受けてくれました。,二つ返事は、いやがらずに快く引き受けることです。
1016,vocab1300_p187_003,187,ボキャブラリー,ボキャブラリー,自分が使いこなせる言葉・語彙,読書を続けると、ボキャブラリーが増えていきます。,ボキャブラリーは、自分が知っていて使える言葉、つまり語彙のことです。
1017,vocab1300_p187_004,187,うのみにする,うのみにする,自分で考えずに、人の話を信じこんでしまうこと,うわさをうのみにせず、自分で確かめました。,うのみにするは、自分でよく考えずに、人の話をそのまま信じることです。
1018,vocab1300_p187_005,187,決断,けつだん,自分の意思を決定すること,どちらの係に入るか、青ちゃんは自分で決断しました。,決断は、自分の意思でどうするかを決めることです。
1019,vocab1300_p187_006,187,嫉妬,しっと,自分より優秀な人をねたむこと,友だちがほめられて、少し嫉妬してしまいました。,嫉妬は、自分よりすぐれた人をうらやみ、ねたむ気持ちです。
1020,vocab1300_p188_001,188,言い分,いいぶん,主張したいこと、言いたいこと,先生は、二人の言い分をそれぞれ聞きました。,言い分は、自分が主張したいことや、言いたいことです。
1021,vocab1300_p188_002,188,したたる,したたる,水・血・汗などが、たれ落ちること,走って帰ると、額から汗がしたたりました。,したたるは、水や汗などが、ぽたぽたとたれ落ちることです。
1022,vocab1300_p188_003,188,ただちに,ただちに,すぐに,火事を見つけたら、ただちに大人へ知らせましょう。,ただちには、すぐに、という意味です。
1023,vocab1300_p188_004,188,ちりばめる,ちりばめる,全体に散らすようにはめこむこと,カードに小さな星のシールをちりばめました。,ちりばめるは、小さなものを全体に散らすように入れることです。
1024,vocab1300_p188_005,188,感受性,かんじゅせい,外からの刺激や印象を敏感に感じ取る能力,その子は感受性が豊かで、音楽を聞くとすぐ涙ぐみます。,感受性は、外から受けた刺激や印象を、敏感に感じ取る能力です。
1025,vocab1300_p188_006,188,ぶっきらぼう,ぶっきらぼう,態度や話し方がそっけないこと,店員さんは、ぶっきらぼうな返事をしました。,ぶっきらぼうは、態度や話し方がそっけないことです。
1026,vocab1300_p189_001,189,相次ぐ,あいつぐ,次から次に起こること,雨のせいか、山の事故が相次ぎました。,相次ぐは、同じようなことが次から次に起こることです。
1027,vocab1300_p189_002,189,主張,しゅちょう,強く自分の意見を言うこと,話し合いで、自分の意見をはっきり主張しました。,主張は、自分の意見を強く言うことです。
1028,vocab1300_p189_003,189,相当,そうとう,程度や内容が、同じくらいであること,英検二級相当の英語力をつけるため、毎日練習しました。,相当は、程度や内容が同じくらいであることです。
1029,vocab1300_p189_004,189,苦し紛れ,くるしまぎれ,どうにもならず、我慢しきれず何かをすること,宿題を忘れて、苦し紛れに変な言い訳をしてしまいました。,苦し紛れは、困ってどうにもならず、思わず何かをしてしまうことです。
1030,vocab1300_p189_005,189,回りくどい,まわりくどい,遠回しでややこしいこと,回りくどい説明で、何を言いたいのか分かりにくかったです。,回りくどいは、遠回しでややこしく、分かりにくいことです。
1031,vocab1300_p189_006,189,ふがいない,ふがいない,情けない様子、意気地がない様子,一回戦で負けて、ふがいない気持ちになりました。,ふがいないは、情けない、しっかりしていないという意味です。
1032,vocab1300_p190_001,190,玄人,くろうと,何かを専門にしている人,屋根の修理は、玄人に頼んだ方が安心です。,玄人は、あることを専門にしている人です。
1033,vocab1300_p190_002,190,省く,はぶく,必要ない部分を取りのぞくこと,説明を分かりやすくするため、いらない部分を省きました。,省くは、必要ない部分を取りのぞいたり、削ったりすることです。
1034,vocab1300_p190_003,190,単独,たんどく,一人,その山には、単独で登らないように言われました。,単独は、一人という意味です。
1035,vocab1300_p190_004,190,虫の息,むしのいき,弱り切って、今にも息絶えそうな状態,けがをした鳥は、虫の息でした。,虫の息は、とても弱っていて、今にも息が絶えそうな状態です。
1036,vocab1300_p190_005,190,無鉄砲,むてっぽう,向こう見ずな行動,準備をしないで山に登るなんて、無鉄砲です。,無鉄砲は、よく考えずに危ないことをする、向こう見ずな行動のことです。
1037,vocab1300_p190_006,190,本来,ほんらい,もともと,この道具の本来の目的は、紙をまっすぐ切ることです。,本来は、もともと、という意味です。
1038,vocab1300_p191_001,191,はたして,はたして,やはり思った通り、案の定,空が暗くなってきました。はたして、少しすると雨が降り出しました。,はたしては、予想した通りに何かが起こったときに使います。
1039,vocab1300_p191_002,191,おもむろに,おもむろに,ゆったりと、静かに,先生はおもむろに本を開き、静かに読み始めました。,おもむろには、急がず、ゆったりと静かにする様子です。
1040,vocab1300_p191_003,191,エピソード,エピソード,ある人や物事についての、興味深い短い話,祖母は、子どものころの面白いエピソードを話してくれました。,エピソードは、人や出来事についての短くて印象に残る話です。
1041,vocab1300_p191_004,191,頭に血がのぼる,あたまにちがのぼる,怒りでかっとなること,大切なノートを勝手に使われて、頭に血がのぼりました。,頭に血がのぼるは、怒りでかっとなることです。
1042,vocab1300_p191_005,191,遅かれ早かれ,おそかれはやかれ,いずれ、そのうちに,練習を続ければ、遅かれ早かれ結果は出るでしょう。,遅かれ早かれは、早いか遅いかは別として、いずれそうなるという意味です。
1043,vocab1300_p191_006,191,気落ち,きおち,がっかりして、元気がなくなった様子,楽しみにしていた行事が中止になり、妹は気落ちしていました。,気落ちは、がっかりして元気がなくなっている様子です。
1044,vocab1300_p192_001,192,ぶざま,ぶざま,格好が悪く、見苦しいこと,転んだあと、ぶざまな姿を見られて少し恥ずかしくなりました。,ぶざまは、格好が悪かったり、見苦しかったりする様子です。
1045,vocab1300_p192_002,192,必ずしも,かならずしも,必ず〜とは限らない,たくさん練習した人が、必ずしも勝てるとは限りません。,必ずしもは、『絶対にそうだ』とは言えないときに使います。
1046,vocab1300_p192_003,192,まんざらでもない,まんざらでもない,かなり気に入っている様子,ほめられた弟は、まんざらでもない顔をしていました。,まんざらでもないは、いやではなく、むしろ少し気に入っているような様子です。
1047,vocab1300_p192_004,192,無断で,むだんで,許可をもらわずに、勝手に,友だちの消しゴムを無断で使ってはいけません。,無断では、相手に許可をもらわず、勝手にすることです。
1048,vocab1300_p192_005,192,悔やむ,くやむ,後悔すること,早く謝ればよかったと、あとから悔やみました。,悔やむは、あとから『こうすればよかった』と後悔することです。
1049,vocab1300_p192_006,192,本音,ほんね,言葉にした本当の気持ち,友だちは笑っていたけれど、本音では少し悲しかったようです。,本音は、うわべではなく、本当の気持ちのことです。
1050,vocab1300_p193_001,193,顔が青くなる,かおがあおくなる,心配や恐怖で、顔色が悪くなること,大事なノートをなくしたと思い、顔が青くなりました。,顔が青くなるは、心配や恐怖で顔色が悪くなることです。
1051,vocab1300_p193_002,193,目を白黒させる,めをしろくろさせる,驚いたり、苦しんだりする様子,急に名前を呼ばれて、弟は目を白黒させました。,目を白黒させるは、驚いたり苦しんだりして、あわてる様子です。
1052,vocab1300_p193_003,193,朱に交われば赤くなる,しゅにまじわればあかくなる,人は付き合う人によって影響を受けること,読書好きの友だちといるうちに、私も本を読むようになりました。朱に交われば赤くなるですね。,朱に交われば赤くなるは、人は周りの人から影響を受けるという意味です。
1053,vocab1300_p193_004,193,白い目で見る,しろいめでみる,冷たく、突き放した目で人を見ること,約束を破った人を、みんなは白い目で見ました。,白い目で見るは、相手を冷たく、突き放すように見ることです。
1054,vocab1300_p193_005,193,尻が青い,しりがあおい,経験が浅く、未熟であること,まだ始めたばかりなので、先輩に尻が青いと言われました。,尻が青いは、経験が少なく、まだ未熟であるという意味です。
1055,vocab1300_p193_006,193,青天の霹靂,せいてんのへきれき,急に衝撃的なことが起こること,急に引っ越しが決まり、家族にとって青天の霹靂でした。,青天の霹靂は、思いがけず、急に衝撃的なことが起こることです。
1056,vocab1300_p195_001,195,指折り,ゆびおり,たくさんの中で、非常に優れていること,その学校は、都内でも指折りの進学校です。,指折りは、たくさんある中でも特に優れていることです。
1057,vocab1300_p195_002,195,その場逃れ,そのばのがれ,その場だけ何とかすること,その場逃れの言い訳をしても、あとで困るだけです。,その場逃れは、先のことを考えず、その場だけ何とかしようとすることです。
1058,vocab1300_p195_003,195,そぐわない,そぐわない,釣り合わない、ふさわしくないこと,運動会に、そぐわない靴をはいてきてしまいました。,そぐわないは、その場や目的に合わない、ふさわしくないという意味です。
1059,vocab1300_p195_004,195,緊急,きんきゅう,とても重要で、急いで対応すべきこと,緊急の連絡が入り、すぐに家へ帰りました。,緊急は、とても重要で、急いで対応しなければならないことです。
1060,vocab1300_p195_005,195,かろうじて,かろうじて,やっとのことで,走って駅へ向かい、かろうじて電車に間に合いました。,かろうじては、ぎりぎりで何とかできたときに使います。
1061,vocab1300_p195_006,195,心のよりどころ,こころのよりどころ,心の支えや、頼りとするもの,つらいとき、家族の言葉が心のよりどころになります。,心のよりどころは、心の支えや、頼りにできるものです。
1062,vocab1300_p196_001,196,骨折り損,ほねおりぞん,せっかくやったことが無駄になること,一生懸命準備したのに使われず、骨折り損でした。,骨折り損は、がんばったことが無駄になってしまうことです。
1063,vocab1300_p196_002,196,場違い,ばちがい,その場の雰囲気に合っていないこと,静かな式に、大きな声で話すのは場違いです。,場違いは、その場所や雰囲気に合っていないことです。
1064,vocab1300_p196_003,196,歩み寄り,あゆみより,違う意見の者が、譲り合って合意に近づくこと,二人は少しずつ歩み寄り、けんかを終わらせました。,歩み寄りは、違う考えの人たちが少しずつ譲り合うことです。
1065,vocab1300_p196_004,196,かさに着ていばる,かさにきていばる,力のある人の力を借りて、いばること,強い友だちをかさに着ていばるのはよくありません。,かさに着ていばるは、強い人や権力のある人を頼って、偉そうにすることです。
1066,vocab1300_p196_005,196,願望,がんぼう,強く願うこと,世界中を旅したいという願望があります。,願望は、強く願うことです。
1067,vocab1300_p196_006,196,しぶる,しぶる,何かをやりたがらない様子,弟は漢字の練習をしぶって、なかなか始めません。,しぶるは、何かをするのをいやがって、なかなか進まない様子です。
1068,vocab1300_p197_001,197,しのぐ,しのぐ,何とかやりすごすこと,少ない水で、暑い一日を何とかしのぎました。,しのぐは、大変なことを何とかやりすごす、我慢するという意味です。
1069,vocab1300_p197_002,197,尾ひれをつける,おひれをつける,話を大きくすること,小さな失敗に尾ひれをつけて話すのはやめましょう。,尾ひれをつけるは、本当の話に余計なことを足して、話を大きくすることです。
1070,vocab1300_p197_003,197,口をはさむ,くちをはさむ,人が話しているところに割り込んで話すこと,友だちが話している途中で、つい口をはさんでしまいました。,口をはさむは、人の話の途中に割り込んで話すことです。
1071,vocab1300_p197_004,197,ユーモア,ユーモア,人を笑わせる面白さ,その先生の話にはユーモアがあり、みんな笑っていました。,ユーモアは、人を笑わせる面白さのことです。
1072,vocab1300_p197_005,197,隔たり,へだたり,違い、距離や考え方の開き,二人の考えには、大きな隔たりがありました。,隔たりは、距離や考え方の間にある開きや違いのことです。
1073,vocab1300_p197_006,197,推敲,すいこう,文章をよくしようと練り直すこと,作文を何度も推敲して、読みやすくしました。,推敲は、文章をよりよくするために、何度も直すことです。
1074,vocab1300_p198_001,198,善し悪し,よしあし,良いことと悪いこと,その方法の善し悪しを、みんなで話し合いました。,善し悪しは、良いところと悪いところのことです。
1075,vocab1300_p198_002,198,つつましい,つつましい,物静かで遠慮深く、控えめな様子,その子はつつましい態度で、静かにお礼を言いました。,つつましいは、物静かで遠慮深く、控えめな様子です。
1076,vocab1300_p198_003,198,手加減,てかげん,相手に合わせて、力の出し方を変えること,小さい子と遊ぶときは、少し手加減します。,手加減は、相手に合わせて、力の強さを調整することです。
1077,vocab1300_p198_004,198,すごむ,すごむ,相手を脅すようなことを言うこと,相手を怖がらせるようにすごむのはよくありません。,すごむは、相手を怖がらせるような強い言い方をすることです。
1078,vocab1300_p198_005,198,ささい,ささい,とるにたりない、ちょっとしたこと,ささいなことでけんかをせず、すぐに仲直りしました。,ささいは、大したことではない、ちょっとしたことという意味です。
1079,vocab1300_p198_006,198,推理,すいり,ある事実をもとに、見当をつけること,足跡を見て、どちらへ行ったのか推理しました。,推理は、分かっていることをもとに、そうではないかと考えることです。
1080,vocab1300_p199_001,199,指図,さしず,あれこれ人に命令すること,妹は、兄からあれこれ指図されるのが好きではありません。,指図は、あれこれ人に命令することです。
1081,vocab1300_p199_002,199,いたいけ,いたいけ,守ってあげたくなる様子,涙をこらえる子どものいたいけな姿を見て、胸が痛みました。,いたいけは、いじらしくて、守ってあげたくなる様子です。
1082,vocab1300_p199_003,199,あおむけ,あおむけ,上を向いて横になること,ベッドにあおむけに寝て、天井を見ました。,あおむけは、顔を上に向けて横になることです。
1083,vocab1300_p199_004,199,悪あがき,わるあがき,じたばたすること,負けを認めずに悪あがきしても、結果は変わりません。,悪あがきは、どうにもならないのに、じたばたすることです。
1084,vocab1300_p199_005,199,心おきなく,こころおきなく,思う存分、好きなだけ,宿題が終わったので、心おきなく遊べます。,心おきなくは、気にすることなく、思う存分という意味です。
1085,vocab1300_p199_006,199,蒸し返す,むしかえす,解決したことを、また問題にすること,終わった話を蒸し返すと、またけんかになります。,蒸し返すは、一度解決したことを、また問題にすることです。
1086,vocab1300_p200_001,200,足がすくむ,あしがすくむ,恐怖や緊張で、足が動かなくなること,高い橋の上から下を見ると、足がすくみました。,足がすくむは、怖さや緊張で足が動かなくなることです。
1087,vocab1300_p200_002,200,例外,れいがい,原則に当てはまらないこと,おやつは一人一つですが、今日は妹だけ例外にしました。,例外は、ふつうの決まりや原則に当てはまらないことです。
1088,vocab1300_p200_003,200,おおらか,おおらか,心がゆったりとした様子,私のおばさんはおおらかで、小さな失敗を笑ってくれます。,おおらかは、細かいことを気にしすぎず、心がゆったりしている様子です。
1089,vocab1300_p200_004,200,さきがけ,さきがけ,最初に何かを始めたり、成し遂げたりした人,その人は、日本で新しいスポーツを広めたさきがけです。,さきがけは、他の人より先に何かを始めたり、成し遂げたりした人です。
1090,vocab1300_p200_005,200,リタイア,リタイア,途中で退場すること,足を痛めて、マラソンを途中でリタイアしました。,リタイアは、試合や競技などを途中でやめて退場することです。
1091,vocab1300_p200_006,200,災い,わざわい,災難,軽はずみな発言は、大きな災いを招くことがあります。,災いは、よくない出来事や災難のことです。
1092,vocab1300_p201_001,201,請け負う,うけおう,仕事を引き受けること,父は、会社から新しい仕事を請け負いました。,請け負うは、仕事などを引き受けることです。
1093,vocab1300_p201_002,201,身に沁みる,みにしみる,しみじみと感じること,友だちのやさしい言葉が、身に沁みました。,身に沁みるは、心の中で深くしみじみと感じることです。
1094,vocab1300_p201_003,201,納得,なっとく,十分に理解して、承知すること,先生の説明を聞いて、やっと納得しました。,納得は、よく分かって『それでよい』と思うことです。
1095,vocab1300_p201_004,201,重きを置く,おもきをおく,重要なことと見なすこと,この学校では、読書に重きを置いています。,重きを置くは、それを大事なこととして扱うという意味です。
1096,vocab1300_p201_005,201,引っ込み思案,ひっこみじあん,消極的で、自分から進んで行動しないこと,青ちゃんは少し引っ込み思案で、発表の前に緊張しました。,引っ込み思案は、消極的で、自分から前に出にくい様子です。
1097,vocab1300_p201_006,201,おおまか,おおまか,細かいことにこだわらず、物事をとらえること,作文を書く前に、おおまかな話の流れを考えました。,おおまかは、細かいところよりも全体をざっくり見ることです。
1098,vocab1300_p202_001,202,ちなみに,ちなみに,ついでに関連したことを言うと,姉はフランス語も話せます。ちなみに、英語も得意です。,ちなみに は、話に関係することをついでに言うときに使います。
1099,vocab1300_p202_002,202,まがりなりにも,まがりなりにも,不完全でも、どうにかこうにか,まがりなりにも、一人で作品を完成させました。,まがりなりにも は、十分ではなくても、どうにかできたという意味です。
1100,vocab1300_p202_003,202,巧み,たくみ,とても上手で、手ぎわが良いこと,その人は、巧みな話し方でみんなを楽しませました。,巧みは、とても上手で、やり方がうまいことです。
1101,vocab1300_p202_004,202,小言,こごと,人に注意や文句を言うこと,宿題を忘れて、母に小言を言われました。,小言は、人に注意したり、文句を言ったりすることです。
1102,vocab1300_p202_005,202,取り柄,とりえ,良いところ、長所,妹の取り柄は、誰にでもやさしくできるところです。,取り柄は、その人や物の良いところです。
1103,vocab1300_p202_006,202,災難,さいなん,思いがけず起こる嫌な出来事,電車が止まって帰れず、今日は災難でした。,災難は、思いがけず身に起こる嫌な出来事です。
1104,vocab1300_p203_001,203,コミュニケーション,コミュニケーション,気持ちや情報などを伝え合うこと,友だちと仲良くするには、コミュニケーションが大切です。,コミュニケーションは、気持ちや考え、情報などを伝え合うことです。
1105,vocab1300_p203_002,203,目をかける,めをかける,ひいきにする、気にかけること,先生は、新しく入った子に目をかけていました。,目をかけるは、その人を特に気にかけて世話することです。
1106,vocab1300_p203_003,203,くすねる,くすねる,人に知られないように盗むこと,人の物をこっそりくすねるのは、絶対にいけません。,くすねるは、人に知られないように盗むことです。
1107,vocab1300_p203_004,203,ゆううつ,ゆううつ,不安や心配で、心が晴れない様子,明日のテストを考えると、少しゆううつです。,ゆううつは、不安や心配で、気持ちが晴れない様子です。
1108,vocab1300_p203_005,203,二の舞,にのまい,他の人がした失敗を繰り返すこと,同じ失敗をして、兄の二の舞にならないよう気をつけました。,二の舞は、他の人がした失敗を、同じように繰り返すことです。
1109,vocab1300_p203_006,203,大それた,だいそれた,まったく非常識な、とんでもないこと,一人で学校を作るなんて、大それた計画だと思いました。,大それたは、ふつうでは考えにくい、とんでもなく大きなことを表します。
1110,vocab1300_p204_001,204,疑わしい,うたがわしい,本当かどうか信用できないこと,彼が言っていることは、少し疑わしいと思いました。,疑わしいは、本当かどうか、すぐには信じられないことです。
1111,vocab1300_p204_002,204,純粋,じゅんすい,まじりけのない様子,添加物の入っていない純粋なジュースを飲みました。,純粋は、まじりけがない様子です。
1112,vocab1300_p204_003,204,抱負,ほうふ,目標や計画,新年の抱負は、毎日読書をすることです。,抱負は、これからの目標や計画のことです。
1113,vocab1300_p204_004,204,円滑,えんかつ,物事がとどこおりなく進むこと,発表会の準備は、みんなの協力で円滑に進みました。,円滑は、物事が止まらず、なめらかに進むことです。
1114,vocab1300_p204_005,204,うなぎのぼり,うなぎのぼり,物の値段や人気などが、一気に上がること,テレビで紹介されてから、その店の人気はうなぎのぼりです。,うなぎのぼりは、人気や値段などがぐんぐん上がることです。
1115,vocab1300_p204_006,204,徹底的,てっていてき,やり残しのないように、とことん何かをする様子,満点をとるために、英語のつづりを徹底的に覚えました。,徹底的は、やり残しがないように、とことん行う様子です。
1116,vocab1300_p205_001,205,弥生,やよい,3月,,弥生は三月の異名です。草木が芽を出すころの月です。
1117,vocab1300_p205_002,205,文月,ふみづき,7月,,文月は七月の異名です。七夕の行事と結びつけて覚えると分かりやすいです。
1118,vocab1300_p205_003,205,霜月,しもつき,11月,,霜月は十一月の異名です。霜が降りるころの月と覚えます。
1119,vocab1300_p205_004,205,睦月,むつき,1月,,睦月は一月の異名です。お正月の月です。
1120,vocab1300_p205_005,205,師走,しわす,12月,,師走は十二月の異名です。一年の最後の月です。
1121,vocab1300_p205_006,205,葉月,はづき,8月,,葉月は八月の異名です。
1122,vocab1300_p206_001,206,如月,きさらぎ,2月,,如月は二月の異名です。
1123,vocab1300_p206_002,206,卯月,うづき,4月,,卯月は四月の異名です。卯の花が咲くころの月とされています。
1124,vocab1300_p206_003,206,長月,ながつき,9月,,長月は九月の異名です。夜が長くなるころの月です。
1125,vocab1300_p206_004,206,皐月,さつき,5月,,皐月は五月の異名です。
1126,vocab1300_p206_005,206,神無月,かんなづき,10月,,神無月は十月の異名です。
1127,vocab1300_p206_006,206,水無月,みなづき,6月,,水無月は六月の異名です。
1128,vocab1300_p207_001,207,いっさい,いっさい,まったく、ぜんぜん,おじいちゃんは、戦争体験をいっさい語りません。,いっさい は、まったく、ぜんぜんという意味で、打ち消しと一緒によく使います。
1129,vocab1300_p207_002,207,一躍,いちやく,あっというまに有名になること,その歌がヒットして、あのグループは一躍有名になりました。,一躍は、短い時間で急に有名になったり目立ったりすることです。
1130,vocab1300_p207_003,207,罪滅ぼし,つみほろぼし,悪いことをしたつぐないをすること,心配をかけた罪滅ぼしに、家の手伝いをしました。,罪滅ぼしは、自分の悪い行いをつぐなうことです。
1131,vocab1300_p207_004,207,手を切る,てをきる,悪い関係を断つこと,悪い友だちとは手を切ることにしました。,手を切るは、よくない関係を終わらせることです。
1132,vocab1300_p207_005,207,悪循環,あくじゅんかん,悪いことが影響し合って、その状態が続くこと,夜ふかしして朝起きられず、また夜に眠れない悪循環です。,悪循環は、悪いことが次の悪いことにつながり、その状態が続くことです。
1133,vocab1300_p207_006,207,頭が下がる,あたまがさがる,立派な行いに感心させられること,被災地で活動する人たちの努力には、頭が下がります。,頭が下がるは、立派な人や行いに深く感心することです。
1134,vocab1300_p208_001,208,腕に覚えがある,うでにおぼえがある,自分の腕前や能力に自信があること,お菓子作りには、少し腕に覚えがあります。,腕に覚えがあるは、自分の技術や能力に自信があることです。
1135,vocab1300_p208_002,208,的中,てきちゅう,見事に予想が当たること,明日は雨だという予想が的中しました。,的中は、予想やねらいがぴったり当たることです。
1136,vocab1300_p208_003,208,包容力,ほうようりょく,相手を受け入れる心の大きさ,相手の意見をじっくり聞く姉は、包容力のある人です。,包容力は、相手のことを広い心で受け入れる力です。
1137,vocab1300_p208_004,208,蛇足,だそく,無駄なもの、いらないもの,最後の説明は、なくてもよい蛇足だと思いました。,蛇足は、あっても役に立たない余計なものです。
1138,vocab1300_p208_005,208,長所,ちょうしょ,良いところ、取り柄,兄の長所は、記憶力がよいところです。,長所は、その人や物の良いところです。
1139,vocab1300_p208_006,208,はびこる,はびこる,悪いものが勢いを持って広がること,悪いことがはびこらないよう、みんなで注意しました。,はびこるは、悪いものが広がって勢いを持つことです。
1140,vocab1300_p209_001,209,肩を並べる,かたをならべる,対等に張り合うこと,日本のリレーチームは、強い国と肩を並べて戦いました。,肩を並べるは、同じくらいの力で張り合うことです。
1141,vocab1300_p209_002,209,つとめて,つとめて,できる限り、心がけてするように,歩数計をつけているので、つとめて歩くようにしています。,つとめては、できるだけそうするよう心がけるという意味です。
1142,vocab1300_p209_003,209,えこひいき,えこひいき,一方だけを特別にかわいがること,母は弟ばかりえこひいきする、と兄が言いました。,えこひいきは、どちらか一方だけを特別にかわいがることです。
1143,vocab1300_p209_004,209,涙ぐましい,なみだぐましい,涙が出るくらい、感心したり同情したりすること,彼の涙ぐましい努力が、みんなに伝わりました。,涙ぐましいは、涙が出そうになるほど感心したり同情したりする様子です。
1144,vocab1300_p209_005,209,誤差,ごさ,本当の数や数値との違い、くるい,この時計には、ほとんど誤差がありません。,誤差は、本当の数や数値との少しの違いです。
1145,vocab1300_p209_006,209,見てくれ,みてくれ,見た目、外見,中身のない本は、見てくればかり良くても困ります。,見てくれは、中身ではなく、見た目や外見のことです。
1146,vocab1300_p210_001,210,待ちかねて,まちかねて,長い時間、今か今かと待つこと,友だちの返事を待ちかねて、自分から連絡しました。,待ちかねては、待ちきれないほど長く待つことです。
1147,vocab1300_p210_002,210,調和,ちょうわ,バランスがとれていること,この服は色の調和がとれていて、センスのいい着こなしです。,調和は、色や音、形などのバランスがよいことです。
1148,vocab1300_p210_003,210,劣等感,れっとうかん,他の人より自分が劣っていると感じる気持ち,友だちと比べて、少し劣等感を持ってしまいました。,劣等感は、自分が他の人より劣っていると感じる気持ちです。
1149,vocab1300_p210_004,210,からいばり,からいばり,本当は弱いのに、強そうなふりをすること,小心者のくせに、後輩の前だとからいばりします。,からいばりは、本当は自信がないのに、強そうに見せることです。
1150,vocab1300_p210_005,210,束の間,つかのま,ほんのひととき,彼がここにいたのは、ほんの束の間でした。,束の間は、とても短い時間、ほんのひとときという意味です。
1151,vocab1300_p210_006,210,さながら,さながら,まるで、大変よく似ているさま,色とりどりのチョコレートは、さながら宝石のようでした。,さながらは、まるで〜のようだ、という意味です。
1152,vocab1300_p211_001,211,充実,じゅうじつ,内容がしっかりあって、申し分ないこと,この夏休みは、読書も工作もできて、とても充実していました。,充実は、中身がしっかりしていて、満足できることです。
1153,vocab1300_p211_002,211,仲たがい,なかたがい,仲が悪くなること,小さなけんかがきっかけで、二人は仲たがいしてしまいました。,仲たがいは、仲がよかった人どうしの仲が悪くなることです。
1154,vocab1300_p211_003,211,耳にする,みみにする,何となく耳に入ってくること,そのうわさを、帰り道で耳にしました。,耳にするは、はっきり聞こうとしたわけではなく、自然に聞こえてくることです。
1155,vocab1300_p211_004,211,覆す,くつがえす,これまでの考えや結果を反対にすること,弱いと思われていたチームが、みんなの予想を覆しました。,覆すは、予想や結果などをひっくり返すことです。
1156,vocab1300_p211_005,211,きずな,きずな,人と人との強い結びつき,一緒に練習したことで、チームのきずなが深まりました。,きずなは、人と人を強くつなぐ気持ちや関係のことです。
1157,vocab1300_p211_006,211,繕う,つくろう,服の破れたところなどを直すこと,母は、ほころびたズボンを繕ってくれました。,繕うは、服などの破れたところやほころびを直すことです。
1158,vocab1300_p212_001,212,耳が痛い,みみがいたい,弱点をつかれて、聞くのがつらいこと,『忘れ物が多いね』と言われて、耳が痛くなりました。,耳が痛いは、自分の弱点を言われて、聞くのがつらいことです。
1159,vocab1300_p212_002,212,指摘,してき,重要な点や欠点などを言って教えること,先生は、作文の分かりにくいところを指摘しました。,指摘は、大事な点や直した方がよい点を言って教えることです。
1160,vocab1300_p212_003,212,存分,ぞんぶん,好きなだけ、思うままに,休みの日に、好きな本を存分に読みました。,存分は、好きなだけ、思うままにという意味です。
1161,vocab1300_p212_004,212,事情,じじょう,その人なりの理由や状況,遅れた事情を、先生にきちんと説明しました。,事情は、そうなった理由や、そのときの状況のことです。
1162,vocab1300_p212_005,212,目白押し,めじろおし,たくさんの物事が、すきまなく並ぶこと,今週は、楽しみな行事が目白押しです。,目白押しは、予定や人などがたくさん続いていることです。
1163,vocab1300_p212_006,212,押しも押されもせぬ,おしもおされもせぬ,ゆるぎない、確かなこと,姉は、押しも押されもせぬ学校のリーダーです。,押しも押されもせぬは、だれもが認めるほど確かなことを表します。
1164,vocab1300_p213_001,213,ひしめく,ひしめく,たくさんの人で混み合っている様子,人気の店の前には、人がひしめいていました。,ひしめくは、人や物がたくさん集まって、すきまなく混み合う様子です。
1165,vocab1300_p213_002,213,素通り,すどおり,立ち寄らずに通りすぎること,友だちの家の前を素通りして、駅へ向かいました。,素通りは、途中で立ち寄らず、そのまま通りすぎることです。
1166,vocab1300_p213_003,213,てこずる,てこずる,どう扱ったらよいか分からず困ること,妹は、難しいパズルにてこずっていました。,てこずるは、思うように進まず、困ることです。
1167,vocab1300_p213_004,213,惑う,まどう,どうしたらよいか分からず迷うこと,どの道を行けばよいか分からず、駅で惑いました。,惑うは、どうしたらよいか分からず迷うことです。
1168,vocab1300_p213_005,213,途方に暮れる,とほうにくれる,どうしてよいか分からず困り果てること,電車が止まってしまい、帰り方が分からず途方に暮れました。,途方に暮れるは、どうしてよいか分からず、困り果てることです。
1169,vocab1300_p213_006,213,口が重い,くちがおもい,なかなかしゃべらないこと,怒られた理由を聞いても、弟は口が重いままでした。,口が重いは、なかなか話さない様子です。
1170,vocab1300_p214_001,214,種明かし,たねあかし,しかけやからくりを見せること,マジックのあとで、先生が少しだけ種明かしをしました。,種明かしは、秘密にしていたしかけやからくりを見せることです。
1171,vocab1300_p214_002,214,やましい,やましい,自分に悪いところがあって、気が引けること,うそをついたので、やましい気持ちになりました。,やましいは、自分に悪いところがあると感じて、落ち着かないことです。
1172,vocab1300_p214_003,214,健やか,すこやか,丈夫にすくすくと育つ様子,家族は、赤ちゃんが健やかに育つことを願いました。,健やかは、心や体が元気で、すくすく育つ様子です。
1173,vocab1300_p214_004,214,裏目に出る,うらめにでる,よいと思ってしたことが、悪い結果になること,早く終わらせようと急いだことが、裏目に出て失敗しました。,裏目に出るは、よかれと思ってしたことが、反対に悪い結果になることです。
1174,vocab1300_p214_005,214,いきさつ,いきさつ,そうなるまでの事情や流れ,けんかになったいきさつを、二人から聞きました。,いきさつは、物事がそうなるまでの流れや事情です。
1175,vocab1300_p214_006,214,要点,ようてん,大切なところ、ポイント,先生は、話の要点を黒板にまとめました。,要点は、話や文章の中で特に大切なところです。
1176,vocab1300_p215_001,215,手を抜く,てをぬく,仕事などをいい加減にすること,掃除で手を抜いたので、部屋のすみにほこりが残っていました。,手を抜くは、やるべきことをきちんとせず、いい加減にすることです。
1177,vocab1300_p215_002,215,胸を張る,むねをはる,自信を持って、堂々とすること,毎日練習したので、胸を張って発表できました。,胸を張るは、自信を持って堂々とすることです。
1178,vocab1300_p215_003,215,貝のように黙る,かいのようにだまる,じっと黙る様子,理由を聞かれても、弟は貝のように黙っていました。,貝のように黙るは、何も話さず、じっと黙っている様子です。
1179,vocab1300_p215_004,215,うぬぼれる,うぬぼれる,自分はできる人間だと得意になること,一度よい点を取ったからといって、うぬぼれてはいけません。,うぬぼれるは、自分はすごいと思いすぎて得意になることです。
1180,vocab1300_p215_005,215,駆使,くし,自由自在に何かを使いこなすこと,姉は辞書とメモを駆使して、難しい文章を読みました。,駆使は、道具や力などを上手に使いこなすことです。
1181,vocab1300_p215_006,215,警戒,けいかい,十分に注意し、用心すること,大雨のあとだったので、川の近くでは警戒しました。,警戒は、危ないことが起きないように注意し、用心することです。
1182,vocab1300_p216_001,216,つけ入る,つけいる,相手の弱点につけこむこと,相手の弱みにむやみにつけ入るのは、よくありません。,つけ入るは、相手の弱いところを利用することです。
1183,vocab1300_p216_002,216,肩を落とす,かたをおとす,しょんぼりして、元気がなくなること,試合に負けて、チームのみんなは肩を落としました。,肩を落とすは、がっかりして元気がなくなる様子です。
1184,vocab1300_p216_003,216,きわめつき,きわめつき,優れたものとして認められていること,この店のオムライスは、きわめつきのおいしさです。,きわめつきは、すぐれていると認められていることです。
1185,vocab1300_p216_004,216,すかさず,すかさず,すばやく、すぐに,先生の質問に、青ちゃんはすかさず答えました。,すかさずは、間をあけずにすばやくする様子です。
1186,vocab1300_p216_005,216,音頭をとる,おんどをとる,率先して、みんなをまとめること,友だちの送別会で、姉が音頭をとりました。,音頭をとるは、みんなの先に立ってまとめたり、進めたりすることです。
1187,vocab1300_p216_006,216,仕打ち,しうち,人に対するひどい扱い,友だちにそんなひどい仕打ちをするのは、よくありません。,仕打ちは、人に対してする扱いのことです。多くは、ひどい扱いを表します。
1188,vocab1300_p217_001,217,午,うま,馬,たてがみがあり、草原を走る動物を表します。,午は『うま』と読み、干支では馬を表します。
1189,vocab1300_p217_002,217,申,さる,猿,木に登ったり、すばしっこく動いたりする動物です。,申は『さる』と読み、干支では猿を表します。
1190,vocab1300_p217_003,217,亥,い,いのしし,大きなきばを持つ、ぶたに似た野生の動物です。,亥は『い』と読み、干支ではいのししを表します。
1191,vocab1300_p217_004,217,寅,とら,虎,しま模様があり、大きな猫のような動物です。,寅は『とら』と読み、干支では虎を表します。
1192,vocab1300_p217_005,217,辰,たつ,龍,空想上の動物で、長い体を持ち、空を飛べるとされています。,辰は『たつ』と読み、干支では龍を表します。
1193,vocab1300_p217_006,217,子,ね,ねずみ,チューチューと鳴く、小さな動物です。,子は『ね』と読み、干支ではねずみを表します。
1194,vocab1300_p218_001,218,丑,うし,牛,牛乳を出す動物としても知られています。,丑は『うし』と読み、干支では牛を表します。
1195,vocab1300_p218_002,218,巳,み,へび,長い体で、はいながら前へ進む動物です。,巳は『み』と読み、干支ではへびを表します。
1196,vocab1300_p218_003,218,卯,う,うさぎ,ぴょんぴょん飛びはねて、長い耳が特徴です。,卯は『う』と読み、干支ではうさぎを表します。
1197,vocab1300_p218_004,218,未,ひつじ,羊,毛から、あたたかいセーターを作ることがあります。,未は『ひつじ』と読み、干支では羊を表します。
1198,vocab1300_p218_005,218,戌,いぬ,犬,ワンワンとほえる、身近な動物です。,戌は『いぬ』と読み、干支では犬を表します。
1199,vocab1300_p218_006,218,酉,とり,鳥,ニワトリなど、人に時を知らせる動物です。,酉は『とり』と読み、干支では鳥を表します。
1200,vocab1300_p219_001,219,大和,やまと,奈良県,昔、都があった場所で、春日大社や大仏でも有名です。,大和は『やまと』と読み、現在の奈良県あたりを表す旧国名です。
1201,vocab1300_p219_002,219,蝦夷,えぞ,北海道,日本の北にある地域で、シカやリスにもこの名前がついています。,蝦夷は『えぞ』と読み、現在の北海道に関係する古い呼び名です。
1202,vocab1300_p219_003,219,阿波,あわ,徳島県,四国にあり、踊りやうず潮で有名なところです。,阿波は『あわ』と読み、現在の徳島県あたりを表す旧国名です。
1203,vocab1300_p219_004,219,土佐,とさ,高知県,坂本龍馬が生まれ育ったことで有名なところです。,土佐は『とさ』と読み、現在の高知県あたりを表す旧国名です。
1204,vocab1300_p219_005,219,琉球,りゅうきゅう,沖縄県,日本の南にあり、昔は王国として栄えたところです。,琉球は『りゅうきゅう』と読み、現在の沖縄県に関係する古い国名です。
